{
"type": "FeatureCollection",
"name": "pie_010_mc_colonias",
"crs": { "type": "name", "properties": { "name": "urn:ogc:def:crs:OGC:1.3:CRS84" } },
"features": [
{ "type": "Feature", "properties": { "COLONIA": "ATACAXCO", "DEMARCACIO": "LA MAGDALENA CONTRERAS", "total_manzanas": 15, "manzanas_prioritarias": 4, "ln_total": 1478, "ln_prioritaria": 818, "secciones": "3020, 3036, 3037", "pct_cobertura": 26.7 }, "geometry": { "type": "Polygon", "coordinates": [ [ [ -99.24856981, 19.314435960000015 ], [ -99.24870629, 19.314753189999976 ], [ -99.249108620000015, 19.31474995 ], [ -99.24951095, 19.31474671 ], [ -99.24967511, 19.314749700000011 ], [ -99.24986564, 19.314753159999981 ], [ -99.24996314, 19.31475494 ], [ -99.250060640000015, 19.31475671 ], [ -99.2503598, 19.31474505000002 ], [ -99.25053191, 19.31473835 ], [ -99.25058746000002, 19.31473618 ], [ -99.25063294, 19.314734409999961 ], [ -99.25078323, 19.314710170000026 ], [ -99.251133970000012, 19.31465359 ], [ -99.25117115, 19.314647589999989 ], [ -99.251217980000021, 19.314619580000024 ], [ -99.25139495, 19.3145137 ], [ -99.25164141, 19.31436627 ], [ -99.25185619, 19.31423778000001 ], [ -99.25207292, 19.31396334 ], [ -99.25255403, 19.31371905 ], [ -99.25246812, 19.31391899 ], [ -99.2527718, 19.314049699999984 ], [ -99.25299071, 19.314080040000015 ], [ -99.25335046, 19.31415202 ], [ -99.25365391, 19.314197380000017 ], [ -99.25361407, 19.31433048 ], [ -99.25358115, 19.3143762 ], [ -99.25343018, 19.31452518 ], [ -99.25330555, 19.31466437 ], [ -99.25319412, 19.314763010000018 ], [ -99.25313205, 19.31479014 ], [ -99.2529733, 19.31473656 ], [ -99.25285456, 19.3149035 ], [ -99.25271917, 19.315301799999979 ], [ -99.25283818, 19.31530701 ], [ -99.25295887, 19.31523519 ], [ -99.25319386000001, 19.31534042 ], [ -99.25307126, 19.31549444 ], [ -99.253020300000017, 19.315565500000012 ], [ -99.25302568, 19.315590640000014 ], [ -99.25302434, 19.31572673 ], [ -99.25302449, 19.3158218 ], [ -99.25301924, 19.31603621 ], [ -99.25294317, 19.316027510000019 ], [ -99.25288532, 19.31603436 ], [ -99.25282748, 19.3160412 ], [ -99.25282094, 19.316489850000011 ], [ -99.2525522, 19.316438780000013 ], [ -99.25244579, 19.31645849 ], [ -99.25228443, 19.31647175 ], [ -99.25198561, 19.31640697 ], [ -99.25183455, 19.316381570000015 ], [ -99.25140862, 19.31630997 ], [ -99.25083181, 19.316333580000034 ], [ -99.25073518, 19.31633658 ], [ -99.25050219, 19.31634381 ], [ -99.25022026, 19.316253099999969 ], [ -99.24979033, 19.316114750000015 ], [ -99.24929466, 19.31595524 ], [ -99.24908643, 19.315891160000024 ], [ -99.24887821, 19.315827090000013 ], [ -99.24871747, 19.31572643 ], [ -99.24826444, 19.31544269000003 ], [ -99.24813349, 19.315318730000016 ], [ -99.24779891, 19.315238619999985 ], [ -99.24794176, 19.31507164 ], [ -99.24797704, 19.31500201 ], [ -99.24804697, 19.314863970000022 ], [ -99.24809996, 19.314759390000013 ], [ -99.24815794, 19.31462541 ], [ -99.24821592, 19.31449142 ], [ -99.24828631, 19.31432875 ], [ -99.24856981, 19.314435960000015 ] ] ] } },
{ "type": "Feature", "properties": { "COLONIA": "BARRANCA SECA", "DEMARCACIO": "LA MAGDALENA CONTRERAS", "total_manzanas": 29, "manzanas_prioritarias": 7, "ln_total": 4465, "ln_prioritaria": 2497, "secciones": "3061, 3062, 3079", "pct_cobertura": 24.1 }, "geometry": { "type": "Polygon", "coordinates": [ [ [ -99.24390424, 19.304382230000012 ], [ -99.24395637, 19.30444371 ], [ -99.24375833, 19.3046194 ], [ -99.24369144, 19.304682989999986 ], [ -99.24362511, 19.30478544 ], [ -99.24359879, 19.30482609 ], [ -99.24347043, 19.30502434000001 ], [ -99.24334207, 19.305222580000024 ], [ -99.24331159, 19.3052594 ], [ -99.24310446, 19.30550953000003 ], [ -99.24295474, 19.305690339999984 ], [ -99.24289828, 19.305906060000023 ], [ -99.24291175, 19.305944259999961 ], [ -99.24295253, 19.306059880000014 ], [ -99.24299332, 19.3061755 ], [ -99.24303079, 19.306200830000034 ], [ -99.24312594, 19.306265170000042 ], [ -99.24299255, 19.30658892 ], [ -99.2429813, 19.306612279999968 ], [ -99.2426758, 19.30724666 ], [ -99.24261443, 19.30737411 ], [ -99.24258578, 19.307418890000022 ], [ -99.24255263, 19.307470700000028 ], [ -99.24246361, 19.30760983 ], [ -99.24245046, 19.307630390000021 ], [ -99.24239416, 19.30771838 ], [ -99.24217534, 19.3079933 ], [ -99.24216344, 19.30800825 ], [ -99.24198733, 19.3082295 ], [ -99.24177491, 19.308441190000021 ], [ -99.24138249, 19.30883226 ], [ -99.24124043, 19.30895853 ], [ -99.2412254, 19.30897189 ], [ -99.241068310000017, 19.309111520000013 ], [ -99.24103438, 19.309141679999982 ], [ -99.24100046, 19.30917184 ], [ -99.24083844, 19.309055040000025 ], [ -99.24073155, 19.308939009999989 ], [ -99.240624650000015, 19.308822989999971 ], [ -99.24051893, 19.30866184000001 ], [ -99.24043949, 19.308540769999983 ], [ -99.24015157, 19.308058179999971 ], [ -99.24008703, 19.307950010000049 ], [ -99.240209150000013, 19.307451140000012 ], [ -99.24005467, 19.30754385000003 ], [ -99.23990018, 19.307636550000044 ], [ -99.23987179, 19.30764483 ], [ -99.23969953, 19.307695060000022 ], [ -99.23966334, 19.307723620000012 ], [ -99.23950163, 19.307851190000022 ], [ -99.23940547, 19.30790775 ], [ -99.23930932, 19.307964309999985 ], [ -99.23899741, 19.30809422 ], [ -99.23874734, 19.308198360000031 ], [ -99.23868549, 19.308224119999988 ], [ -99.23854556, 19.30828241 ], [ -99.23832636, 19.30838848 ], [ -99.23810716, 19.30849455000001 ], [ -99.23800461, 19.30853451 ], [ -99.23762703, 19.30868209 ], [ -99.23750996, 19.30872786 ], [ -99.23739839, 19.308766929999965 ], [ -99.23735814, 19.308781090000011 ], [ -99.23720116, 19.308832899999974 ], [ -99.2371779, 19.3086885 ], [ -99.23703784, 19.308387100000012 ], [ -99.23699293, 19.30829045 ], [ -99.23689972, 19.308146580000038 ], [ -99.23688789, 19.308128320000019 ], [ -99.23669261, 19.307826899999984 ], [ -99.236411, 19.307542770000016 ], [ -99.23630603, 19.307446379999988 ], [ -99.23619681, 19.307346079999988 ], [ -99.23613989, 19.307293810000012 ], [ -99.23602955, 19.30719514 ], [ -99.23591921, 19.307096460000015 ], [ -99.23569623, 19.306789880000036 ], [ -99.23568463, 19.306761530000024 ], [ -99.23560362, 19.306563630000014 ], [ -99.23556862, 19.30647815 ], [ -99.23554892, 19.306216740000014 ], [ -99.23554701, 19.30619143 ], [ -99.23556067, 19.306080829999967 ], [ -99.23558117, 19.30591492 ], [ -99.23558368, 19.305894569999975 ], [ -99.23571666, 19.30564504000003 ], [ -99.23575806, 19.30556736 ], [ -99.235795580000016, 19.305526880000016 ], [ -99.23591677, 19.305396109999975 ], [ -99.23611514, 19.305273049999975 ], [ -99.23626617, 19.30517935 ], [ -99.23629469, 19.305172440000014 ], [ -99.23664223, 19.30508831 ], [ -99.23683689, 19.305053249999979 ], [ -99.236847240000017, 19.30505138 ], [ -99.23713407, 19.304866479999973 ], [ -99.23727787, 19.30477356 ], [ -99.23742173, 19.30472457 ], [ -99.23756559, 19.30467558 ], [ -99.23777503, 19.30457634 ], [ -99.2377734, 19.304500149999988 ], [ -99.23776299, 19.30439654 ], [ -99.23774567, 19.304290020000025 ], [ -99.23770802, 19.304058390000012 ], [ -99.23766589, 19.303864539999978 ], [ -99.23764822, 19.303756470000035 ], [ -99.237635, 19.303694130000022 ], [ -99.23765408, 19.303661379999987 ], [ -99.23773607, 19.30335994 ], [ -99.23790001, 19.30337859 ], [ -99.23806396, 19.30340196 ], [ -99.23811362, 19.30339246 ], [ -99.23837178, 19.30330016 ], [ -99.2384463, 19.30330949999998 ], [ -99.23856802, 19.303325840000017 ], [ -99.23865748, 19.303358740000018 ], [ -99.23865754, 19.303403540000012 ], [ -99.238774530000015, 19.3035826 ], [ -99.23888897, 19.30371214 ], [ -99.23900078, 19.303747370000018 ], [ -99.23939318, 19.303739780000033 ], [ -99.23947511, 19.303723170000019 ], [ -99.23963125, 19.30349423 ], [ -99.23973031, 19.30330074 ], [ -99.23972764, 19.30289673 ], [ -99.23993584, 19.30288546 ], [ -99.23992641, 19.30322974 ], [ -99.239839840000016, 19.30347745 ], [ -99.23979038, 19.303616640000019 ], [ -99.23973584, 19.30368981 ], [ -99.2396466, 19.303805470000015 ], [ -99.23949279, 19.303925930000016 ], [ -99.23917520000002, 19.30413622 ], [ -99.23916805, 19.30416921 ], [ -99.23964157, 19.304131120000012 ], [ -99.24005789, 19.304091520000014 ], [ -99.24011967, 19.30406354 ], [ -99.24043403, 19.304053490000015 ], [ -99.24070156, 19.30405796 ], [ -99.24100575, 19.304063030000016 ], [ -99.24124508, 19.303979660000017 ], [ -99.241215400000016, 19.304677020000032 ], [ -99.24299704, 19.3044639 ], [ -99.24390424, 19.304382230000012 ] ] ] } },
{ "type": "Feature", "properties": { "COLONIA": "BARROS SIERRA", "DEMARCACIO": "LA MAGDALENA CONTRERAS", "total_manzanas": 24, "manzanas_prioritarias": 10, "ln_total": 4129, "ln_prioritaria": 2607, "secciones": "3020, 3023, 3034, 3035", "pct_cobertura": 41.7 }, "geometry": { "type": "Polygon", "coordinates": [ [ [ -99.24521566, 19.31940284 ], [ -99.24504049, 19.319164510000022 ], [ -99.244907240000018, 19.318983220000021 ], [ -99.24486109, 19.318920430000023 ], [ -99.24472971, 19.318790030000024 ], [ -99.2446791, 19.31873981 ], [ -99.24465766, 19.31871853 ], [ -99.24451572, 19.31857765 ], [ -99.24438955, 19.318452429999983 ], [ -99.24413854, 19.31818601 ], [ -99.24406937000002, 19.318072950000015 ], [ -99.24397107, 19.31791227 ], [ -99.243951620000018, 19.31785713999998 ], [ -99.24393217, 19.31780200999998 ], [ -99.24388074, 19.3176562 ], [ -99.24380498, 19.317456369999988 ], [ -99.24374812, 19.31735774 ], [ -99.24368958, 19.31725619000002 ], [ -99.24366956, 19.31722146000002 ], [ -99.24363581, 19.31716291 ], [ -99.24338125, 19.316944870000015 ], [ -99.24321085, 19.31684712 ], [ -99.2432479, 19.31675247999998 ], [ -99.24333056, 19.316300049999967 ], [ -99.24333643, 19.3161376 ], [ -99.2435713, 19.316026710000035 ], [ -99.24397103, 19.315837980000026 ], [ -99.24460562, 19.31553835 ], [ -99.24516064, 19.31524487 ], [ -99.24520804, 19.31522427 ], [ -99.24543826, 19.315121299999959 ], [ -99.24555401, 19.315069529999985 ], [ -99.24621207, 19.314739419999988 ], [ -99.2465312, 19.31490388 ], [ -99.24661334, 19.3149462 ], [ -99.24686046, 19.315073549999983 ], [ -99.2471281, 19.315211470000023 ], [ -99.24755208, 19.315189330000013 ], [ -99.24758573, 19.31518757 ], [ -99.24779891, 19.315238619999985 ], [ -99.24813349, 19.315318730000016 ], [ -99.24826444, 19.31544269000003 ], [ -99.24871747, 19.31572643 ], [ -99.24887821, 19.315827090000013 ], [ -99.24908643, 19.315891160000024 ], [ -99.24929466, 19.31595524 ], [ -99.24979033, 19.316114750000015 ], [ -99.25022026, 19.316253099999969 ], [ -99.25050219, 19.31634381 ], [ -99.25073518, 19.31633658 ], [ -99.25083181, 19.316333580000034 ], [ -99.25140862, 19.31630997 ], [ -99.25183455, 19.316381570000015 ], [ -99.25198561, 19.31640697 ], [ -99.25228443, 19.31647175 ], [ -99.25244579, 19.31645849 ], [ -99.2525522, 19.316438780000013 ], [ -99.25282094, 19.316489850000011 ], [ -99.25256743, 19.316535370000011 ], [ -99.25246824, 19.316563140000021 ], [ -99.25226421, 19.316620249999978 ], [ -99.25222684, 19.31661552 ], [ -99.25180747, 19.31656253 ], [ -99.25177832, 19.31655885 ], [ -99.25155163, 19.316585650000022 ], [ -99.2513216, 19.316612360000029 ], [ -99.25054987, 19.31670492 ], [ -99.25002836, 19.316827759999988 ], [ -99.24998813, 19.316837239999977 ], [ -99.24991539, 19.31685437 ], [ -99.24967759, 19.3169193 ], [ -99.24939471, 19.316996390000021 ], [ -99.2492317, 19.31705855 ], [ -99.24913906, 19.3170826 ], [ -99.24868617, 19.31720018 ], [ -99.24865046, 19.317209459999987 ], [ -99.248562100000015, 19.317232399999984 ], [ -99.24844056, 19.317263950000015 ], [ -99.24831902, 19.317295499999982 ], [ -99.248245060000016, 19.317314710000016 ], [ -99.24802885, 19.317370840000027 ], [ -99.247809820000015, 19.31746061 ], [ -99.24760232, 19.31758412 ], [ -99.24754852, 19.317616149999985 ], [ -99.24739818, 19.317717460000015 ], [ -99.24724784, 19.31781877 ], [ -99.24701784, 19.317973769999981 ], [ -99.24678004, 19.318146920000018 ], [ -99.2464627, 19.318377980000022 ], [ -99.24636929, 19.31844611 ], [ -99.24633591, 19.318470450000042 ], [ -99.24630252, 19.3184948 ], [ -99.246079, 19.318657820000027 ], [ -99.24600988, 19.31872033 ], [ -99.24574167, 19.31896152 ], [ -99.24539515, 19.31925271 ], [ -99.24521566, 19.31940284 ] ] ] } },
{ "type": "Feature", "properties": { "COLONIA": "CAZULCO (BARR)", "DEMARCACIO": "LA MAGDALENA CONTRERAS", "total_manzanas": 3, "manzanas_prioritarias": 1, "ln_total": 1183, "ln_prioritaria": 894, "secciones": "3090", "pct_cobertura": 33.3 }, "geometry": { "type": "Polygon", "coordinates": [ [ [ -99.25283011, 19.296157950000023 ], [ -99.25254562, 19.296324669999976 ], [ -99.252489850000018, 19.29629724 ], [ -99.25235609, 19.296280490000022 ], [ -99.25217107, 19.2962744 ], [ -99.25202855, 19.296361360000013 ], [ -99.25182578, 19.29640185 ], [ -99.25179674, 19.296361679999958 ], [ -99.251781390000019, 19.296333290000028 ], [ -99.25212449, 19.296166020000022 ], [ -99.25219832, 19.296130030000018 ], [ -99.25224804, 19.29608829 ], [ -99.25265924, 19.29574308 ], [ -99.25267717, 19.2957319 ], [ -99.25297054, 19.29554906 ], [ -99.25315065, 19.295436810000016 ], [ -99.2532961, 19.295364549999988 ], [ -99.25337384, 19.295325859999977 ], [ -99.25350988, 19.29525834 ], [ -99.2538606, 19.295084099999976 ], [ -99.25420573000001, 19.29499421 ], [ -99.25426123, 19.294979759999975 ], [ -99.25449779, 19.294806450000017 ], [ -99.25452517, 19.29477665 ], [ -99.25475241, 19.29452934 ], [ -99.25514989, 19.294120220000046 ], [ -99.25524834, 19.29401889 ], [ -99.255521450000018, 19.293737790000026 ], [ -99.25557997, 19.29367756 ], [ -99.255758540000016, 19.29349376 ], [ -99.25633488, 19.29290336 ], [ -99.25656108, 19.292669870000029 ], [ -99.25717864, 19.2920411 ], [ -99.25752918, 19.291682860000044 ], [ -99.25920517, 19.289172160000017 ], [ -99.25987042, 19.28872046 ], [ -99.26040687, 19.288487099999966 ], [ -99.26066747, 19.288496630000022 ], [ -99.26098556, 19.28860505 ], [ -99.261220540000011, 19.28888679 ], [ -99.26045153, 19.28971618 ], [ -99.26030756, 19.289914569999965 ], [ -99.26023126, 19.28998312 ], [ -99.26066831, 19.29016181 ], [ -99.26088091, 19.29024873 ], [ -99.25959986, 19.29163824 ], [ -99.25940786, 19.291792380000018 ], [ -99.25916701, 19.29210618 ], [ -99.25865796, 19.292605240000022 ], [ -99.25855486, 19.292748459999988 ], [ -99.2583587, 19.293020949999981 ], [ -99.25829885, 19.29310408 ], [ -99.2581569, 19.29342464 ], [ -99.25802978, 19.293763849999976 ], [ -99.25764171, 19.29479935 ], [ -99.25707326, 19.295053950000021 ], [ -99.25612832, 19.29547715 ], [ -99.25577607, 19.29563491 ], [ -99.25420014, 19.29627393 ], [ -99.25416053, 19.29629 ], [ -99.2534682, 19.296570729999978 ], [ -99.25318362, 19.296791809999977 ], [ -99.25304572, 19.296945489999988 ], [ -99.25296915, 19.296802720000027 ], [ -99.25293311, 19.296480920000015 ], [ -99.25289994, 19.296243499999978 ], [ -99.25284148, 19.296171880000021 ], [ -99.25283011, 19.296157950000023 ] ] ] } },
{ "type": "Feature", "properties": { "COLONIA": "CUAUHTEMOC", "DEMARCACIO": "LA MAGDALENA CONTRERAS", "total_manzanas": 32, "manzanas_prioritarias": 11, "ln_total": 5656, "ln_prioritaria": 3230, "secciones": "3011, 3012, 3024, 3025, 3026, 3108", "pct_cobertura": 34.4 }, "geometry": { "type": "Polygon", "coordinates": [ [ [ -99.24677208, 19.32473618 ], [ -99.24622031, 19.32434604 ], [ -99.24557655, 19.323882240000025 ], [ -99.2452864, 19.32366914 ], [ -99.24512896, 19.323553499999985 ], [ -99.24488224, 19.32337229 ], [ -99.24468636, 19.32323251 ], [ -99.24453786, 19.32312655 ], [ -99.24449047, 19.323092730000013 ], [ -99.24420258, 19.32288731 ], [ -99.24322319, 19.322164619999967 ], [ -99.24299175, 19.32199384 ], [ -99.24261316, 19.32171448 ], [ -99.24253439, 19.32165636 ], [ -99.24206596, 19.321310690000029 ], [ -99.24171595, 19.321052420000012 ], [ -99.24146594, 19.320867929999988 ], [ -99.24102899, 19.320550729999976 ], [ -99.24068097, 19.320298079999979 ], [ -99.23997612, 19.31978638 ], [ -99.23937442, 19.31934956000002 ], [ -99.239463330000021, 19.31924376 ], [ -99.23957152, 19.31889793000002 ], [ -99.2395052, 19.318709909999978 ], [ -99.23987399, 19.318502870000042 ], [ -99.2398891, 19.318487320000013 ], [ -99.24019969, 19.3181678 ], [ -99.24049890000002, 19.318096329999985 ], [ -99.24082493, 19.31787459 ], [ -99.24100727, 19.31794932 ], [ -99.24112175, 19.317931050000016 ], [ -99.2411467, 19.317880559999985 ], [ -99.241221, 19.317730220000012 ], [ -99.24128303, 19.317580980000038 ], [ -99.2413023, 19.317534630000015 ], [ -99.24135611, 19.317242259999958 ], [ -99.2413751, 19.3171758 ], [ -99.24143722, 19.316982550000013 ], [ -99.24149935, 19.316789309999969 ], [ -99.24165036, 19.31644240000001 ], [ -99.24191032, 19.31620969 ], [ -99.24199283, 19.316276770000041 ], [ -99.24212883, 19.31644484 ], [ -99.24218832, 19.31647416 ], [ -99.242289140000011, 19.316478640000032 ], [ -99.24240459, 19.316515679999984 ], [ -99.24252554, 19.316566140000038 ], [ -99.24292132, 19.31673128 ], [ -99.24321085, 19.31684712 ], [ -99.24338125, 19.316944870000015 ], [ -99.24363581, 19.31716291 ], [ -99.24366956, 19.31722146000002 ], [ -99.24368958, 19.31725619000002 ], [ -99.24374812, 19.31735774 ], [ -99.24380498, 19.317456369999988 ], [ -99.24388074, 19.3176562 ], [ -99.24393217, 19.31780200999998 ], [ -99.243951620000018, 19.31785713999998 ], [ -99.24397107, 19.31791227 ], [ -99.24406937000002, 19.318072950000015 ], [ -99.24413854, 19.31818601 ], [ -99.24438955, 19.318452429999983 ], [ -99.24451572, 19.31857765 ], [ -99.24465766, 19.31871853 ], [ -99.2446791, 19.31873981 ], [ -99.24472971, 19.318790030000024 ], [ -99.24486109, 19.318920430000023 ], [ -99.244907240000018, 19.318983220000021 ], [ -99.24504049, 19.319164510000022 ], [ -99.24521566, 19.31940284 ], [ -99.24528262, 19.319493940000012 ], [ -99.24533295, 19.319625370000015 ], [ -99.24552442, 19.320125340000011 ], [ -99.24563633, 19.320417549999981 ], [ -99.24567972, 19.320530839999975 ], [ -99.245865260000016, 19.32119854 ], [ -99.24588756, 19.321278770000013 ], [ -99.24591875, 19.32139103 ], [ -99.24596725, 19.32156555 ], [ -99.24599588, 19.32166857 ], [ -99.24600326, 19.321695139999967 ], [ -99.2460756, 19.32205775 ], [ -99.24616767, 19.32251923 ], [ -99.246186740000013, 19.322614810000037 ], [ -99.2461924, 19.322643219999982 ], [ -99.24619957, 19.322663980000012 ], [ -99.2464062, 19.323262870000036 ], [ -99.24651014, 19.323564140000027 ], [ -99.24658969, 19.32379468 ], [ -99.24670422, 19.32417004 ], [ -99.24676511, 19.32453275 ], [ -99.24677208, 19.32473618 ] ] ] } },
{ "type": "Feature", "properties": { "COLONIA": "EL ERMITAÑO", "DEMARCACIO": "LA MAGDALENA CONTRERAS", "total_manzanas": 34, "manzanas_prioritarias": 5, "ln_total": 4073, "ln_prioritaria": 2406, "secciones": "3089, 3118", "pct_cobertura": 14.7 }, "geometry": { "type": "Polygon", "coordinates": [ [ [ -99.26431352, 19.299673440000021 ], [ -99.26447535, 19.29960404 ], [ -99.26449395, 19.29947411 ], [ -99.26435875, 19.29931275 ], [ -99.26440176, 19.298767710000032 ], [ -99.26509755, 19.298264489999973 ], [ -99.26579418, 19.29756718 ], [ -99.26587498, 19.2974863 ], [ -99.26700266, 19.297114979999964 ], [ -99.26739677, 19.297902380000014 ], [ -99.2676899, 19.29794683 ], [ -99.26820092, 19.29826921999998 ], [ -99.26794715, 19.29917616 ], [ -99.26750403, 19.299912830000022 ], [ -99.2679007, 19.3004443 ], [ -99.26858881, 19.30076971 ], [ -99.26881836, 19.30098697999998 ], [ -99.26837235, 19.301202559999986 ], [ -99.2682519, 19.301745400000016 ], [ -99.26819207, 19.30203996 ], [ -99.2681842, 19.30249805 ], [ -99.26820608, 19.30270251 ], [ -99.26819102, 19.302794279999979 ], [ -99.26817309, 19.30309629 ], [ -99.26814631, 19.303135119999986 ], [ -99.26807573, 19.303237480000021 ], [ -99.26797847, 19.303358460000016 ], [ -99.26794004, 19.303410190000015 ], [ -99.2677979, 19.303601520000015 ], [ -99.26742891, 19.303989720000011 ], [ -99.26680928, 19.304470919999982 ], [ -99.26647568, 19.304761400000018 ], [ -99.26597038, 19.305115570000012 ], [ -99.26578922, 19.305233639999987 ], [ -99.26553224, 19.305687130000017 ], [ -99.26522668, 19.30603766 ], [ -99.26516883, 19.306006390000015 ], [ -99.26512333, 19.30595549 ], [ -99.26507783, 19.3059046 ], [ -99.26494852, 19.3056496 ], [ -99.26481921, 19.30539461 ], [ -99.26479623, 19.3053493 ], [ -99.2646885, 19.30513687 ], [ -99.26463885, 19.3050703 ], [ -99.2645892, 19.305003740000032 ], [ -99.26409986, 19.304159450000025 ], [ -99.26380081, 19.304360240000019 ], [ -99.26370705, 19.30438878 ], [ -99.26346235, 19.304463239999961 ], [ -99.2633496, 19.304542620000014 ], [ -99.26324299, 19.30460922 ], [ -99.2630703, 19.304717080000025 ], [ -99.26305053, 19.304729430000016 ], [ -99.26295973, 19.304744309999968 ], [ -99.26282008, 19.30476718 ], [ -99.26262858, 19.30479993 ], [ -99.26245201, 19.30486542 ], [ -99.26223012, 19.30490447 ], [ -99.262146, 19.305040200000018 ], [ -99.26216303, 19.3049174 ], [ -99.26218783, 19.30478529000003 ], [ -99.26222673, 19.304676900000011 ], [ -99.26229979, 19.304423040000014 ], [ -99.26234427, 19.303896170000012 ], [ -99.26254245, 19.303930090000033 ], [ -99.26270684, 19.303870420000017 ], [ -99.2628435, 19.303315219999984 ], [ -99.26294888, 19.30275116 ], [ -99.26316115, 19.30222048 ], [ -99.26325381, 19.30204145 ], [ -99.26335205, 19.301851620000011 ], [ -99.26345028, 19.30166179 ], [ -99.26337061, 19.30152610999998 ], [ -99.26338438, 19.301480640000015 ], [ -99.263441200000017, 19.301293009999977 ], [ -99.26347061, 19.30119586 ], [ -99.26354401, 19.30095348 ], [ -99.26356031, 19.30089966 ], [ -99.26342512, 19.30083196 ], [ -99.26346451000002, 19.300620659999968 ], [ -99.26357948, 19.300465840000012 ], [ -99.2637223, 19.300322030000032 ], [ -99.26431352, 19.299673440000021 ] ] ] } },
{ "type": "Feature", "properties": { "COLONIA": "EL GAVILLERO", "DEMARCACIO": "LA MAGDALENA CONTRERAS", "total_manzanas": 26, "manzanas_prioritarias": 5, "ln_total": 3100, "ln_prioritaria": 1613, "secciones": "3095, 3098", "pct_cobertura": 19.2 }, "geometry": { "type": "Polygon", "coordinates": [ [ [ -99.24181734, 19.287730619999969 ], [ -99.24149337, 19.287461180000015 ], [ -99.24112545, 19.287029870000019 ], [ -99.24102736, 19.286870510000028 ], [ -99.2415464, 19.28657184 ], [ -99.24169369, 19.286199849999971 ], [ -99.2417092, 19.285881150000012 ], [ -99.24230316, 19.284962260000015 ], [ -99.24255816, 19.284483899999973 ], [ -99.24253809, 19.28441944 ], [ -99.24256996, 19.2843549 ], [ -99.24279365, 19.284320459999982 ], [ -99.242946590000017, 19.28418166 ], [ -99.243207400000017, 19.28423132 ], [ -99.2432664, 19.284226409999984 ], [ -99.24362943, 19.284099620000031 ], [ -99.24380922, 19.284036830000016 ], [ -99.24402714, 19.283976310000028 ], [ -99.24439283000001, 19.283874759999978 ], [ -99.24505491, 19.28369091 ], [ -99.24510251, 19.283677689999987 ], [ -99.24559448, 19.28345346 ], [ -99.2456432, 19.283431249999971 ], [ -99.24595391, 19.28318467 ], [ -99.24606613, 19.28309562 ], [ -99.24624718, 19.283005049999982 ], [ -99.24700639, 19.28262526 ], [ -99.2475532, 19.282444430000012 ], [ -99.24841587, 19.282159140000026 ], [ -99.2487698, 19.28204209 ], [ -99.24931065, 19.281907330000024 ], [ -99.24972184, 19.28159404 ], [ -99.25013303, 19.281280750000025 ], [ -99.24996769, 19.280834219999985 ], [ -99.24879083, 19.28038908000002 ], [ -99.24848347, 19.27988001000001 ], [ -99.24841351, 19.27976414 ], [ -99.25289346, 19.277254810000013 ], [ -99.25696861, 19.27497206000001 ], [ -99.258824260000011, 19.273601689999982 ], [ -99.26415716, 19.269663179999984 ], [ -99.26850532, 19.269394059999968 ], [ -99.26762977, 19.27394008000001 ], [ -99.26384751, 19.279550059999984 ], [ -99.26235921, 19.28327152 ], [ -99.25274502000002, 19.289270579999972 ], [ -99.25069369, 19.29055044 ], [ -99.24991298, 19.2912883 ], [ -99.24985873, 19.2913379 ], [ -99.24969596, 19.29148692 ], [ -99.249211500000015, 19.29192601 ], [ -99.24845975, 19.292458519999979 ], [ -99.24802626, 19.292765649999989 ], [ -99.247496400000017, 19.292841 ], [ -99.24706601, 19.292922690000015 ], [ -99.24554538, 19.29322183 ], [ -99.24570913, 19.293092600000023 ], [ -99.24585096, 19.292980669999984 ], [ -99.24609217, 19.29279031 ], [ -99.24622864, 19.29268261 ], [ -99.24628315, 19.29263747 ], [ -99.24633754, 19.292592269999979 ], [ -99.24648727, 19.29236699 ], [ -99.2465539, 19.29212838 ], [ -99.24658146, 19.292029480000014 ], [ -99.24651199, 19.291455750000022 ], [ -99.24640135, 19.290978779999971 ], [ -99.24638784, 19.29092052999998 ], [ -99.24635694, 19.290787300000012 ], [ -99.24634959, 19.290755590000021 ], [ -99.24629927, 19.290672009999977 ], [ -99.24605627, 19.290268389999984 ], [ -99.24562288, 19.28954852 ], [ -99.24517721, 19.288921890000022 ], [ -99.24490577, 19.288689739999985 ], [ -99.24447699, 19.28850764000002 ], [ -99.242784210000011, 19.28809886000003 ], [ -99.24250863, 19.288024489999984 ], [ -99.2421368, 19.28791703 ], [ -99.24181734, 19.287730619999969 ] ] ] } },
{ "type": "Feature", "properties": { "COLONIA": "BATAN VIEJO (EL MAESTRO)", "DEMARCACIO": "LA MAGDALENA CONTRERAS", "total_manzanas": 4, "manzanas_prioritarias": 2, "ln_total": 662, "ln_prioritaria": 511, "secciones": "2974, 2977", "pct_cobertura": 50.0 }, "geometry": { "type": "Polygon", "coordinates": [ [ [ -99.21461519, 19.33636136 ], [ -99.21414607, 19.336452630000029 ], [ -99.21377054, 19.336590240000017 ], [ -99.21338195, 19.33652208 ], [ -99.21314895, 19.336481230000018 ], [ -99.21262856, 19.3362898 ], [ -99.21130718, 19.33622818 ], [ -99.2108651, 19.33609129 ], [ -99.21040947, 19.33635003 ], [ -99.2096744, 19.336430179999983 ], [ -99.20936262, 19.33651512 ], [ -99.20930709, 19.33664207 ], [ -99.20918455, 19.33666628 ], [ -99.209015550000018, 19.336066249999988 ], [ -99.20924305, 19.336008819999972 ], [ -99.21092377, 19.335688120000015 ], [ -99.21268152, 19.33534325 ], [ -99.21274814, 19.33533186 ], [ -99.21330898, 19.33523601 ], [ -99.21349452, 19.335195730000013 ], [ -99.21376865, 19.335136220000024 ], [ -99.21394357, 19.335084640000023 ], [ -99.21423054, 19.3350323 ], [ -99.21443978, 19.335717620000018 ], [ -99.21461519, 19.33636136 ] ] ] } },
{ "type": "Feature", "properties": { "COLONIA": "EL OCOTAL", "DEMARCACIO": "LA MAGDALENA CONTRERAS", "total_manzanas": 21, "manzanas_prioritarias": 4, "ln_total": 2436, "ln_prioritaria": 1089, "secciones": "3074, 3087, 3089, 3097", "pct_cobertura": 19.0 }, "geometry": { "type": "Polygon", "coordinates": [ [ [ -99.25760959, 19.30195357 ], [ -99.25805337, 19.30198812 ], [ -99.258144340000015, 19.301977519999976 ], [ -99.25824773, 19.301968209999988 ], [ -99.25850694, 19.30198486 ], [ -99.25867788, 19.30198069 ], [ -99.25879057, 19.301929039999976 ], [ -99.25880406, 19.301830070000022 ], [ -99.25882776, 19.3016561 ], [ -99.25885147, 19.30102455 ], [ -99.2588158, 19.30099079 ], [ -99.25864657, 19.30093186 ], [ -99.25873476, 19.300645060000026 ], [ -99.258769240000021, 19.30053294 ], [ -99.25892999, 19.300010149999988 ], [ -99.25901629, 19.299765870000016 ], [ -99.25910258, 19.29952159 ], [ -99.25917375, 19.299320120000012 ], [ -99.25920895, 19.2992205 ], [ -99.25944107, 19.298563420000011 ], [ -99.25946176, 19.29850486 ], [ -99.25925661, 19.29825158 ], [ -99.25932085, 19.298152079999983 ], [ -99.25945481, 19.298036249999985 ], [ -99.25964308, 19.29787346 ], [ -99.26048198, 19.297148130000011 ], [ -99.26052694000002, 19.297109249999981 ], [ -99.26081861, 19.296873900000012 ], [ -99.26111028, 19.296638549999983 ], [ -99.26116853, 19.29657545000002 ], [ -99.26111477, 19.296509860000011 ], [ -99.26131064, 19.29625665 ], [ -99.26147503, 19.29604404 ], [ -99.26155042, 19.29586664 ], [ -99.2616046, 19.29572958 ], [ -99.26181439, 19.29557911 ], [ -99.26182637, 19.29556782 ], [ -99.26184003, 19.29555413000001 ], [ -99.26227641, 19.295300800000025 ], [ -99.26250982, 19.295092250000014 ], [ -99.26311026, 19.294048930000027 ], [ -99.26399025, 19.2932953 ], [ -99.26443767, 19.29311584 ], [ -99.26475036, 19.29311538 ], [ -99.26498489, 19.293128540000016 ], [ -99.26526085, 19.29238590000001 ], [ -99.2650964, 19.29220559 ], [ -99.26473342, 19.29193951000001 ], [ -99.26444763, 19.291980319999979 ], [ -99.26418216, 19.291369470000017 ], [ -99.26399465, 19.291117310000022 ], [ -99.26406751, 19.29084533 ], [ -99.26639808, 19.290163100000022 ], [ -99.26727925, 19.292727699999972 ], [ -99.2659862, 19.293228100000015 ], [ -99.26658269, 19.29417234000001 ], [ -99.26616379, 19.29428711 ], [ -99.26700266, 19.297114979999964 ], [ -99.26587498, 19.2974863 ], [ -99.26579418, 19.29756718 ], [ -99.26509755, 19.298264489999973 ], [ -99.26440176, 19.298767710000032 ], [ -99.26435875, 19.29931275 ], [ -99.26449395, 19.29947411 ], [ -99.26447535, 19.29960404 ], [ -99.26431352, 19.299673440000021 ], [ -99.2637223, 19.300322030000032 ], [ -99.26357948, 19.300465840000012 ], [ -99.26346451000002, 19.300620659999968 ], [ -99.26342512, 19.30083196 ], [ -99.26356031, 19.30089966 ], [ -99.26354401, 19.30095348 ], [ -99.26347061, 19.30119586 ], [ -99.263441200000017, 19.301293009999977 ], [ -99.26338438, 19.301480640000015 ], [ -99.26337061, 19.30152610999998 ], [ -99.26345028, 19.30166179 ], [ -99.26335205, 19.301851620000011 ], [ -99.26325381, 19.30204145 ], [ -99.26316115, 19.30222048 ], [ -99.26294888, 19.30275116 ], [ -99.2628435, 19.303315219999984 ], [ -99.26270684, 19.303870420000017 ], [ -99.26254245, 19.303930090000033 ], [ -99.26234427, 19.303896170000012 ], [ -99.26229979, 19.304423040000014 ], [ -99.26222673, 19.304676900000011 ], [ -99.26218783, 19.30478529000003 ], [ -99.26216303, 19.3049174 ], [ -99.262146, 19.305040200000018 ], [ -99.26201091, 19.30523882 ], [ -99.26190552, 19.305313519999967 ], [ -99.26180012, 19.30538823 ], [ -99.26170239, 19.305447650000016 ], [ -99.26156968, 19.30552834 ], [ -99.26109886, 19.305729380000027 ], [ -99.26132481, 19.3058502 ], [ -99.26146942, 19.305978530000019 ], [ -99.26149987, 19.3060769 ], [ -99.26010855, 19.30611272999997 ], [ -99.2588657, 19.30614475 ], [ -99.258575160000021, 19.306156420000022 ], [ -99.2585966, 19.306149709999982 ], [ -99.25871829, 19.30574695 ], [ -99.25883355000002, 19.305608559999985 ], [ -99.25880511, 19.30559157 ], [ -99.25857884, 19.305456400000036 ], [ -99.25844582, 19.30537693 ], [ -99.2582903, 19.30515733 ], [ -99.25825971, 19.30511413 ], [ -99.25822217, 19.305061130000013 ], [ -99.25811277, 19.30490665000001 ], [ -99.25793525, 19.30465597 ], [ -99.25743324, 19.304234420000022 ], [ -99.25724738000001, 19.30417589 ], [ -99.25697209, 19.304089200000018 ], [ -99.256917490000021, 19.30408928 ], [ -99.25683117, 19.3040894 ], [ -99.25673689, 19.30387189 ], [ -99.25667348, 19.303707480000011 ], [ -99.25667509, 19.30329408 ], [ -99.25675173, 19.30325113 ], [ -99.25706043, 19.303010789999963 ], [ -99.25710027, 19.30264393 ], [ -99.2570516, 19.30250557 ], [ -99.25696591, 19.30230879 ], [ -99.25683207, 19.302091940000011 ], [ -99.25694091, 19.30203357 ], [ -99.2571202, 19.30196337000001 ], [ -99.25721135, 19.30195414000001 ], [ -99.25738888, 19.30195389 ], [ -99.25760959, 19.30195357 ] ] ] } },
{ "type": "Feature", "properties": { "COLONIA": "EL ROSAL", "DEMARCACIO": "LA MAGDALENA CONTRERAS", "total_manzanas": 36, "manzanas_prioritarias": 14, "ln_total": 6609, "ln_prioritaria": 3732, "secciones": "3064, 3065, 3066, 3067, 3105", "pct_cobertura": 38.9 }, "geometry": { "type": "Polygon", "coordinates": [ [ [ -99.25354038, 19.307956709999981 ], [ -99.2536584, 19.308509130000029 ], [ -99.25366459, 19.30853811 ], [ -99.25375216, 19.30900067 ], [ -99.25380042, 19.30925562 ], [ -99.25381135, 19.309313329999981 ], [ -99.25380763, 19.309463450000013 ], [ -99.253807120000019, 19.309483970000016 ], [ -99.25379612, 19.309927540000011 ], [ -99.25358419, 19.30992626 ], [ -99.25355015, 19.310449019999989 ], [ -99.2532755, 19.310859630000014 ], [ -99.25327209, 19.31090926 ], [ -99.25294654, 19.311171390000023 ], [ -99.25279877, 19.311290369999952 ], [ -99.25221512, 19.311706679999975 ], [ -99.25181707, 19.31191699 ], [ -99.25169562, 19.311983739999981 ], [ -99.25163603, 19.312016490000019 ], [ -99.25159602, 19.31205955 ], [ -99.25155601, 19.31210262000004 ], [ -99.25121105, 19.312250179999964 ], [ -99.25111375, 19.3122918 ], [ -99.25110628, 19.312126270000011 ], [ -99.25087314, 19.312179649999958 ], [ -99.2507309, 19.312194620000017 ], [ -99.25075422, 19.31251236000001 ], [ -99.25072449, 19.31252047 ], [ -99.25069475, 19.31252858 ], [ -99.25063527, 19.312544800000015 ], [ -99.2504031, 19.312647340000037 ], [ -99.2503401, 19.31267905 ], [ -99.250103, 19.312798380000014 ], [ -99.24980289, 19.312949429999989 ], [ -99.24964999, 19.3130142 ], [ -99.2496161, 19.313084179999954 ], [ -99.24940374, 19.313181310000012 ], [ -99.24919139, 19.31327844 ], [ -99.24836659, 19.31367062 ], [ -99.24840621, 19.31334582 ], [ -99.24845195, 19.312970900000014 ], [ -99.24847089, 19.31281562 ], [ -99.24858102, 19.311912809999981 ], [ -99.24860768, 19.311694219999982 ], [ -99.2486957, 19.310980070000046 ], [ -99.24870781, 19.31089236000004 ], [ -99.24871614, 19.310832640000015 ], [ -99.24872446000002, 19.310772919999987 ], [ -99.24880542, 19.31019233 ], [ -99.24882025, 19.310085969999989 ], [ -99.24891407, 19.30956923 ], [ -99.2489648, 19.309485 ], [ -99.24864796, 19.30927526 ], [ -99.24855347, 19.30925784 ], [ -99.24840411, 19.30939881 ], [ -99.24831764, 19.309480440000044 ], [ -99.24793209, 19.30983971 ], [ -99.24775354, 19.31003121 ], [ -99.24729464, 19.30961652 ], [ -99.24652298, 19.308857139999986 ], [ -99.246611090000016, 19.30856823 ], [ -99.24699789, 19.308235359999983 ], [ -99.24724339, 19.3080441 ], [ -99.24739551, 19.307785020000015 ], [ -99.24744203, 19.30770579 ], [ -99.2477262, 19.307166599999981 ], [ -99.24790946, 19.30690017 ], [ -99.24792069, 19.306883830000018 ], [ -99.24792065, 19.30685312000001 ], [ -99.2479206, 19.306822409999967 ], [ -99.24814718, 19.306929589999967 ], [ -99.24847861, 19.30685236 ], [ -99.24859182, 19.30685220999996 ], [ -99.24870503, 19.30685206 ], [ -99.24919831, 19.306859060000011 ], [ -99.24940652, 19.30694069 ], [ -99.24953005, 19.30698912 ], [ -99.24958268, 19.30703512 ], [ -99.24963531, 19.307081110000023 ], [ -99.24989136, 19.30713422 ], [ -99.250039760000021, 19.307165010000016 ], [ -99.2501531, 19.3072493 ], [ -99.25037958, 19.30728738 ], [ -99.25041213, 19.307425529999986 ], [ -99.25071137, 19.30744815 ], [ -99.25071941, 19.307552899999987 ], [ -99.25122787, 19.307558449999984 ], [ -99.251253330000011, 19.307558729999982 ], [ -99.25190887, 19.307848179999986 ], [ -99.25208585, 19.30775927 ], [ -99.25261511, 19.307933949999981 ], [ -99.25285622, 19.307969780000022 ], [ -99.2528553, 19.30792144 ], [ -99.2530733, 19.307874409999989 ], [ -99.25342545, 19.30787471 ], [ -99.25343394, 19.307874719999987 ], [ -99.25354038, 19.307956709999981 ] ] ] } },
{ "type": "Feature", "properties": { "COLONIA": "EL TANQUE", "DEMARCACIO": "LA MAGDALENA CONTRERAS", "total_manzanas": 73, "manzanas_prioritarias": 21, "ln_total": 9709, "ln_prioritaria": 5348, "secciones": "2989, 2990, 2991, 2992, 2993, 2994, 3014, 3117", "pct_cobertura": 28.8 }, "geometry": { "type": "Polygon", "coordinates": [ [ [ -99.25538195, 19.32499248 ], [ -99.2553923, 19.324954790000024 ], [ -99.25546963, 19.32457334 ], [ -99.25525775, 19.324538209999982 ], [ -99.25524363, 19.32463513 ], [ -99.25517887, 19.324630010000021 ], [ -99.25512836, 19.324620699999983 ], [ -99.25503612, 19.324589580000012 ], [ -99.25504248, 19.324443700000039 ], [ -99.25503909, 19.32438014 ], [ -99.25497747, 19.32427812 ], [ -99.25498499, 19.324171829999983 ], [ -99.2550232, 19.32404154000001 ], [ -99.25509549, 19.32406374 ], [ -99.25511924, 19.32399576000002 ], [ -99.25526643, 19.32404525 ], [ -99.25532306, 19.32408129 ], [ -99.25533612, 19.32408575 ], [ -99.25547947, 19.32382683 ], [ -99.25567928, 19.32353226 ], [ -99.255687400000014, 19.323461930000018 ], [ -99.25584322, 19.323112740000038 ], [ -99.25610609, 19.322797250000029 ], [ -99.25636147, 19.32296617 ], [ -99.25675144, 19.323231259999972 ], [ -99.2569876, 19.32338198 ], [ -99.25710652, 19.323487929999985 ], [ -99.25696663, 19.32370867 ], [ -99.25695346, 19.32372947 ], [ -99.25691574, 19.32378899 ], [ -99.25662269, 19.324238680000011 ], [ -99.25653323, 19.324424710000017 ], [ -99.2564612, 19.324469129999972 ], [ -99.2563299, 19.324829690000016 ], [ -99.25630823, 19.32488921 ], [ -99.25627671, 19.324957670000011 ], [ -99.2562623, 19.324988970000021 ], [ -99.25622361, 19.32507302 ], [ -99.25610871, 19.325322609999972 ], [ -99.25602999, 19.32554383 ], [ -99.2559888, 19.32561584 ], [ -99.25596491, 19.3256576 ], [ -99.25589991, 19.32577148999998 ], [ -99.25583491, 19.325885389999986 ], [ -99.25576991, 19.32599928 ], [ -99.25570238, 19.326089769999978 ], [ -99.2555186, 19.32633601 ], [ -99.25537037, 19.32653461 ], [ -99.25502655, 19.326702599999951 ], [ -99.25482608, 19.32680055 ], [ -99.25415609, 19.326979770000026 ], [ -99.25378514, 19.327044330000014 ], [ -99.25347181, 19.327098860000014 ], [ -99.25262555, 19.327104510000026 ], [ -99.25224917, 19.32720078 ], [ -99.25189644, 19.32717871 ], [ -99.2515906, 19.327159710000014 ], [ -99.25150228, 19.32715405 ], [ -99.25122276, 19.32713017 ], [ -99.25065549, 19.327081700000011 ], [ -99.25032455, 19.32713109 ], [ -99.25028185, 19.32713747 ], [ -99.25019063, 19.32715108 ], [ -99.25001301, 19.32717759 ], [ -99.24998017, 19.327182489999984 ], [ -99.24983539, 19.3272041 ], [ -99.24974505, 19.327229060000015 ], [ -99.24958, 19.327274659999983 ], [ -99.24944307, 19.327340590000013 ], [ -99.2491885, 19.327463180000031 ], [ -99.24896907, 19.32754191 ], [ -99.24869427, 19.32764035000001 ], [ -99.24858131, 19.32743497 ], [ -99.24840777, 19.327119170000014 ], [ -99.24836115, 19.327034329999972 ], [ -99.24831464, 19.32694969 ], [ -99.2482116, 19.32676219 ], [ -99.24806873, 19.3265022 ], [ -99.24772121, 19.326565960000014 ], [ -99.24740832, 19.326490569999979 ], [ -99.24719106, 19.32641205 ], [ -99.24715952, 19.326399409999986 ], [ -99.247100990000021, 19.326898440000029 ], [ -99.24696657, 19.32685735 ], [ -99.24672935, 19.32678265 ], [ -99.24647241, 19.326734220000024 ], [ -99.24632612, 19.3266819 ], [ -99.2462114, 19.326607029999956 ], [ -99.24610054, 19.326464619999985 ], [ -99.24603411, 19.326269059999966 ], [ -99.24605398, 19.32624468 ], [ -99.24607384, 19.32622031 ], [ -99.24608269, 19.32619435999997 ], [ -99.24613332, 19.326045799999974 ], [ -99.24663109, 19.3254332 ], [ -99.24666464, 19.325358600000019 ], [ -99.24677098, 19.325198690000043 ], [ -99.24678348, 19.325049899999989 ], [ -99.246781490000018, 19.325010640000016 ], [ -99.24677208, 19.32473618 ], [ -99.24676511, 19.32453275 ], [ -99.24670422, 19.32417004 ], [ -99.24658969, 19.32379468 ], [ -99.24651014, 19.323564140000027 ], [ -99.2464062, 19.323262870000036 ], [ -99.24717322, 19.32299257 ], [ -99.24719037, 19.32250005 ], [ -99.24736328, 19.322488490000012 ], [ -99.24739963, 19.32286773 ], [ -99.24771855, 19.32279653 ], [ -99.24800173, 19.322753689999974 ], [ -99.24817461, 19.32272373 ], [ -99.2483475, 19.32269378 ], [ -99.24893777, 19.32264769 ], [ -99.24891122, 19.32229724 ], [ -99.249319590000013, 19.32230435 ], [ -99.24957415, 19.32230879 ], [ -99.24965409, 19.322308049999982 ], [ -99.24996795, 19.32230514 ], [ -99.24998894, 19.32230846 ], [ -99.25003871, 19.322316339999965 ], [ -99.25008849, 19.32232422 ], [ -99.25031918, 19.32236073 ], [ -99.25023867, 19.32266283 ], [ -99.25022781, 19.32270356 ], [ -99.25043789, 19.322737539999956 ], [ -99.25029757, 19.32325801 ], [ -99.25023574, 19.32359768 ], [ -99.25021325, 19.323915490000019 ], [ -99.25036313, 19.32425711 ], [ -99.25039767, 19.32433582 ], [ -99.2504635, 19.32446346 ], [ -99.25052348, 19.324605120000012 ], [ -99.25062474, 19.32476584 ], [ -99.25065736, 19.324785909999989 ], [ -99.25068998, 19.324805970000028 ], [ -99.25082359, 19.32480888000001 ], [ -99.2510223, 19.3247622 ], [ -99.25108348, 19.32472748 ], [ -99.25134463, 19.32457924 ], [ -99.251398010000017, 19.324539460000018 ], [ -99.25145139, 19.32449968 ], [ -99.25170363, 19.32431172 ], [ -99.251793820000017, 19.324244520000022 ], [ -99.25211946, 19.32409867 ], [ -99.252236, 19.32394096 ], [ -99.25272773, 19.32391487 ], [ -99.25276845, 19.32390035 ], [ -99.2528877, 19.323857799999981 ], [ -99.25321923, 19.32373952 ], [ -99.25344852, 19.323691740000012 ], [ -99.25349442, 19.32368217 ], [ -99.25408121, 19.323805109999977 ], [ -99.25449805, 19.32394691 ], [ -99.254547, 19.32396356 ], [ -99.25460473, 19.32406764 ], [ -99.25470406, 19.324437319999987 ], [ -99.25476708, 19.324629850000015 ], [ -99.25488081, 19.325000279999983 ], [ -99.25489918, 19.32510049 ], [ -99.25491106, 19.325244359999967 ], [ -99.25488394, 19.32544493 ], [ -99.25476401, 19.32571102 ], [ -99.25475458, 19.325816449999984 ], [ -99.25476568, 19.325900379999968 ], [ -99.25493161, 19.32584733 ], [ -99.25519891, 19.325521870000014 ], [ -99.255304030000019, 19.325363349999972 ], [ -99.25538195, 19.32499248 ] ] ] } },
{ "type": "Feature", "properties": { "COLONIA": "EL TORO", "DEMARCACIO": "LA MAGDALENA CONTRERAS", "total_manzanas": 20, "manzanas_prioritarias": 7, "ln_total": 3706, "ln_prioritaria": 1984, "secciones": "3045, 3046, 3047, 3064", "pct_cobertura": 35.0 }, "geometry": { "type": "Polygon", "coordinates": [ [ [ -99.24683399, 19.3091632 ], [ -99.24729464, 19.30961652 ], [ -99.24775354, 19.31003121 ], [ -99.24793209, 19.30983971 ], [ -99.24831764, 19.309480440000044 ], [ -99.24840411, 19.30939881 ], [ -99.24855347, 19.30925784 ], [ -99.24864796, 19.30927526 ], [ -99.2489648, 19.309485 ], [ -99.24891407, 19.30956923 ], [ -99.24882025, 19.310085969999989 ], [ -99.24880542, 19.31019233 ], [ -99.24872446000002, 19.310772919999987 ], [ -99.24871614, 19.310832640000015 ], [ -99.24870781, 19.31089236000004 ], [ -99.2486957, 19.310980070000046 ], [ -99.24860768, 19.311694219999982 ], [ -99.24858102, 19.311912809999981 ], [ -99.24847089, 19.31281562 ], [ -99.24845195, 19.312970900000014 ], [ -99.24840621, 19.31334582 ], [ -99.24836659, 19.31367062 ], [ -99.24825266, 19.31377178 ], [ -99.24731535, 19.31417716 ], [ -99.24725117, 19.31420986 ], [ -99.24621207, 19.314739419999988 ], [ -99.24597488, 19.31461559 ], [ -99.24602372, 19.31448363 ], [ -99.24616142, 19.31392698 ], [ -99.24621223, 19.313721610000012 ], [ -99.24624472, 19.31359025 ], [ -99.24634053, 19.31320299 ], [ -99.24629966, 19.313203040000023 ], [ -99.2462588, 19.31320310000001 ], [ -99.24617599, 19.31321669 ], [ -99.24597284, 19.31325004 ], [ -99.24596889, 19.313433520000043 ], [ -99.24593966, 19.31352906 ], [ -99.24593243, 19.31355269 ], [ -99.24573658, 19.313746919999986 ], [ -99.24558967, 19.31387902 ], [ -99.24537725, 19.31392586 ], [ -99.24531468, 19.313944620000026 ], [ -99.24480543, 19.31409732 ], [ -99.24474496, 19.31411193000001 ], [ -99.244714730000013, 19.314119239999989 ], [ -99.2446845, 19.31412654 ], [ -99.24445821, 19.314181209999987 ], [ -99.24443519, 19.314128960000012 ], [ -99.24434044, 19.31400881 ], [ -99.24419194, 19.31382049 ], [ -99.24410951, 19.31371597 ], [ -99.24405458, 19.313646319999975 ], [ -99.24394787, 19.31351099 ], [ -99.24360776, 19.3131455 ], [ -99.242991610000018, 19.312439680000036 ], [ -99.24276145, 19.31217603 ], [ -99.2429913, 19.31199558 ], [ -99.24323063, 19.31179485 ], [ -99.24328651, 19.311747979999989 ], [ -99.24349732, 19.311533890000021 ], [ -99.24363076, 19.311349980000038 ], [ -99.2437845, 19.311154779999981 ], [ -99.24397677, 19.310904119999989 ], [ -99.24400303, 19.310871760000015 ], [ -99.24410839, 19.310738 ], [ -99.24414642, 19.310709960000032 ], [ -99.24432631, 19.31057735 ], [ -99.24498551, 19.31125598 ], [ -99.24610789, 19.30973461 ], [ -99.24624733, 19.309545620000016 ], [ -99.24649931, 19.30891626 ], [ -99.24652298, 19.308857139999986 ], [ -99.24683399, 19.3091632 ] ] ] } },
{ "type": "Feature", "properties": { "COLONIA": "HEROES DE PADIERNA", "DEMARCACIO": "LA MAGDALENA CONTRERAS", "total_manzanas": 35, "manzanas_prioritarias": 13, "ln_total": 4591, "ln_prioritaria": 3048, "secciones": "3031, 3032, 3053, 3054, 3055", "pct_cobertura": 37.1 }, "geometry": { "type": "Polygon", "coordinates": [ [ [ -99.22952555, 19.31117085 ], [ -99.22953153, 19.31121357000001 ], [ -99.22944942, 19.311328980000013 ], [ -99.2291843, 19.31158964 ], [ -99.22914346, 19.3116298 ], [ -99.22902576, 19.311745049999978 ], [ -99.22887817, 19.31188021 ], [ -99.22887872, 19.311901889999987 ], [ -99.22888232, 19.31204515 ], [ -99.22888716, 19.31223759 ], [ -99.22889404, 19.312511719999989 ], [ -99.22890423, 19.312917159999987 ], [ -99.22891273, 19.313255029999979 ], [ -99.22891387, 19.313300670000014 ], [ -99.228915020000017, 19.31334632 ], [ -99.22891758, 19.313447990000018 ], [ -99.22892287, 19.31348335 ], [ -99.22892743, 19.313513769999979 ], [ -99.22897188, 19.31381042 ], [ -99.2289912, 19.31385232 ], [ -99.22917147, 19.3142434 ], [ -99.22929834, 19.31451865 ], [ -99.22939195, 19.314721720000044 ], [ -99.22887876, 19.31481839 ], [ -99.22841436, 19.31490586 ], [ -99.22763114, 19.31503052 ], [ -99.22755482, 19.315042420000019 ], [ -99.22750385, 19.315050329999973 ], [ -99.22706714, 19.31511808 ], [ -99.22685794, 19.31515053 ], [ -99.22667463, 19.31517897 ], [ -99.22593292, 19.31529402 ], [ -99.22561992, 19.3153532 ], [ -99.22544808, 19.315385689999985 ], [ -99.22517545, 19.31542986 ], [ -99.22464002, 19.3155166 ], [ -99.22458601, 19.31552536 ], [ -99.223792160000016, 19.31565396 ], [ -99.22371489, 19.315666480000012 ], [ -99.2229405, 19.31579193 ], [ -99.22242701, 19.315875120000012 ], [ -99.22232042, 19.315875250000023 ], [ -99.22214991, 19.315895689999966 ], [ -99.22175295, 19.31595183000001 ], [ -99.22135598, 19.31600797 ], [ -99.22130354, 19.316002590000011 ], [ -99.22104445, 19.315976 ], [ -99.220890360000013, 19.314952390000023 ], [ -99.22070012, 19.31404157 ], [ -99.22039096, 19.31318225 ], [ -99.21981894, 19.31200593 ], [ -99.21924009, 19.311183840000012 ], [ -99.21885643, 19.310666289999983 ], [ -99.21921169, 19.310768289999977 ], [ -99.21967104, 19.31089171 ], [ -99.22010143, 19.3110124 ], [ -99.2204959, 19.31106639 ], [ -99.22066578, 19.31109162 ], [ -99.22068815, 19.311193830000011 ], [ -99.22179137, 19.31111216 ], [ -99.222992460000015, 19.31099575 ], [ -99.22304189, 19.311588339999968 ], [ -99.22304973, 19.31232617000002 ], [ -99.22301582, 19.312563480000019 ], [ -99.22286885, 19.312742430000021 ], [ -99.22282112, 19.312892010000024 ], [ -99.22283322, 19.31297975 ], [ -99.22284532, 19.3130675 ], [ -99.2229404, 19.31325364 ], [ -99.22298539, 19.31330513 ], [ -99.22304648, 19.313265030000032 ], [ -99.22315848, 19.31317973 ], [ -99.22322561, 19.313073209999988 ], [ -99.22329281, 19.31302203 ], [ -99.22336002, 19.31297085 ], [ -99.22355679, 19.312902640000019 ], [ -99.22360657, 19.31288539 ], [ -99.22401915, 19.312867850000018 ], [ -99.22408864, 19.312846480000022 ], [ -99.22415812, 19.31282511 ], [ -99.22399099, 19.31258208 ], [ -99.22380932, 19.312072050000026 ], [ -99.22363805, 19.311145470000028 ], [ -99.2238135, 19.311114020000037 ], [ -99.2242466, 19.311004149999984 ], [ -99.2246798, 19.31096717 ], [ -99.22472952, 19.31123785 ], [ -99.22473557, 19.311649170000024 ], [ -99.22494468, 19.312169580000027 ], [ -99.22512605, 19.31224058 ], [ -99.22549432, 19.312619079999983 ], [ -99.22583025, 19.312303579999966 ], [ -99.22614409, 19.311984660000029 ], [ -99.22616167, 19.3119668 ], [ -99.22616164, 19.31194755 ], [ -99.22616156, 19.3118859 ], [ -99.22614354, 19.3118327 ], [ -99.22612553, 19.3117795 ], [ -99.22627021, 19.311911690000024 ], [ -99.22634621, 19.31198113 ], [ -99.22661949, 19.312234480000015 ], [ -99.22745934, 19.31146738 ], [ -99.22756297, 19.311372730000016 ], [ -99.22763378, 19.31130805 ], [ -99.22764788, 19.31071009 ], [ -99.22819544, 19.310726530000025 ], [ -99.22890864, 19.310712780000014 ], [ -99.22911354, 19.310684039999988 ], [ -99.229401650000014, 19.310789689999982 ], [ -99.22948509, 19.31096615 ], [ -99.22950185, 19.311001589999986 ], [ -99.22950809, 19.31104612 ], [ -99.22952555, 19.31117085 ] ] ] } },
{ "type": "Feature", "properties": { "COLONIA": "HUAYATLA", "DEMARCACIO": "LA MAGDALENA CONTRERAS", "total_manzanas": 14, "manzanas_prioritarias": 5, "ln_total": 3892, "ln_prioritaria": 2161, "secciones": "3069, 3073, 3106", "pct_cobertura": 35.7 }, "geometry": { "type": "Polygon", "coordinates": [ [ [ -99.26571575, 19.306823469999987 ], [ -99.26528486, 19.30728159 ], [ -99.265184840000018, 19.30738792 ], [ -99.26515694, 19.30741759 ], [ -99.26498812, 19.307602719999984 ], [ -99.26494708, 19.30764774 ], [ -99.26488212, 19.307718970000032 ], [ -99.26484472, 19.3077654 ], [ -99.26473587, 19.307900549999989 ], [ -99.26451628, 19.30817318 ], [ -99.26441587, 19.30829785 ], [ -99.26421471, 19.308525339999978 ], [ -99.26409246, 19.308663600000028 ], [ -99.26405431, 19.308706750000013 ], [ -99.26401615, 19.308749900000013 ], [ -99.26379954, 19.308932389999985 ], [ -99.26372113, 19.30901348 ], [ -99.26357798, 19.30916154 ], [ -99.26334318, 19.309404390000012 ], [ -99.26305372, 19.309703759999987 ], [ -99.26303459, 19.309723549999983 ], [ -99.26293039, 19.309831320000043 ], [ -99.26283247, 19.309946009999983 ], [ -99.26261534, 19.310200330000011 ], [ -99.26241499, 19.31037295000003 ], [ -99.26231101, 19.310462550000025 ], [ -99.2618507, 19.310749099999988 ], [ -99.26172746, 19.31081817 ], [ -99.26160421, 19.310887240000021 ], [ -99.261399380000015, 19.310996349999979 ], [ -99.26136166, 19.31103717 ], [ -99.2611884, 19.311224660000015 ], [ -99.26117069, 19.311243860000033 ], [ -99.26091521, 19.3115207 ], [ -99.26077123, 19.31167672 ], [ -99.260655540000016, 19.31180046 ], [ -99.26022163, 19.312264580000022 ], [ -99.26018317, 19.312288520000017 ], [ -99.25983886, 19.31250289 ], [ -99.25980649, 19.31245467 ], [ -99.25977492, 19.312363439999967 ], [ -99.25979502, 19.312292389999985 ], [ -99.25985614, 19.31227853 ], [ -99.25988369, 19.31212015 ], [ -99.25962522, 19.311676970000015 ], [ -99.2595864, 19.31161039 ], [ -99.25953932, 19.31152441 ], [ -99.259316930000011, 19.31111818 ], [ -99.2592659, 19.31066025 ], [ -99.25949119, 19.30994946 ], [ -99.25951826, 19.30989821 ], [ -99.259539570000015, 19.30985788 ], [ -99.25958372, 19.309774290000011 ], [ -99.25976735, 19.309426670000011 ], [ -99.25989811, 19.30917914 ], [ -99.25995733, 19.309059979999979 ], [ -99.26001768, 19.308938550000011 ], [ -99.26015352, 19.30866522 ], [ -99.26017425, 19.308623500000031 ], [ -99.26019499, 19.308581780000029 ], [ -99.2607011, 19.3077052 ], [ -99.26078351, 19.30756247 ], [ -99.26101453, 19.30717204 ], [ -99.26103229, 19.30714293 ], [ -99.26129719, 19.306708839999981 ], [ -99.261415820000011, 19.306514449999984 ], [ -99.26142710000002, 19.306495959999967 ], [ -99.2615711, 19.306418310000034 ], [ -99.26153154, 19.306231989999983 ], [ -99.26149987, 19.3060769 ], [ -99.26146942, 19.305978530000019 ], [ -99.26132481, 19.3058502 ], [ -99.26109886, 19.305729380000027 ], [ -99.26156968, 19.30552834 ], [ -99.26170239, 19.305447650000016 ], [ -99.26180012, 19.30538823 ], [ -99.26190552, 19.305313519999967 ], [ -99.26201091, 19.30523882 ], [ -99.262146, 19.305040200000018 ], [ -99.26223012, 19.30490447 ], [ -99.26245201, 19.30486542 ], [ -99.26262858, 19.30479993 ], [ -99.26282008, 19.30476718 ], [ -99.26295973, 19.304744309999968 ], [ -99.26305053, 19.304729430000016 ], [ -99.2630703, 19.304717080000025 ], [ -99.26324299, 19.30460922 ], [ -99.2633496, 19.304542620000014 ], [ -99.26346235, 19.304463239999961 ], [ -99.26370705, 19.30438878 ], [ -99.26380081, 19.304360240000019 ], [ -99.26409986, 19.304159450000025 ], [ -99.2645892, 19.305003740000032 ], [ -99.26463885, 19.3050703 ], [ -99.2646885, 19.30513687 ], [ -99.26479623, 19.3053493 ], [ -99.26481921, 19.30539461 ], [ -99.26494852, 19.3056496 ], [ -99.26507783, 19.3059046 ], [ -99.26512333, 19.30595549 ], [ -99.26516883, 19.306006390000015 ], [ -99.26522668, 19.30603766 ], [ -99.26528453, 19.306068939999978 ], [ -99.265611230000019, 19.30650723 ], [ -99.26578089, 19.30673483 ], [ -99.26571575, 19.306823469999987 ] ] ] } },
{ "type": "Feature", "properties": { "COLONIA": "INDEPENDENCIA BATAN NORTE (U HAB)", "DEMARCACIO": "LA MAGDALENA CONTRERAS", "total_manzanas": 29, "manzanas_prioritarias": 8, "ln_total": 1566, "ln_prioritaria": 864, "secciones": "2972, 2973, 2974", "pct_cobertura": 27.6 }, "geometry": { "type": "Polygon", "coordinates": [ [ [ -99.21092377, 19.335688120000015 ], [ -99.20924305, 19.336008819999972 ], [ -99.209015550000018, 19.336066249999988 ], [ -99.20897609, 19.33592141999997 ], [ -99.20863978, 19.33605009 ], [ -99.20841268, 19.336136970000013 ], [ -99.208126, 19.33624439 ], [ -99.20776621, 19.33637883 ], [ -99.2075996, 19.33644108 ], [ -99.20709597, 19.33661288 ], [ -99.20691216, 19.33659722 ], [ -99.20670347, 19.336411389999977 ], [ -99.2066441, 19.33635853000002 ], [ -99.20655531, 19.33627945000001 ], [ -99.2069192, 19.335971310000023 ], [ -99.20825325, 19.33479346 ], [ -99.20897662, 19.333794659999985 ], [ -99.20901296, 19.33393339 ], [ -99.209039290000021, 19.33406056 ], [ -99.20904789, 19.33410214 ], [ -99.20907093, 19.33421344 ], [ -99.20922286, 19.33420071 ], [ -99.20930706, 19.33419317 ], [ -99.20961413, 19.33416792 ], [ -99.20992943, 19.334141490000015 ], [ -99.20996784, 19.334138270000011 ], [ -99.21030851, 19.33410972 ], [ -99.21050635, 19.33409314 ], [ -99.21071556, 19.33407560000002 ], [ -99.21092477000002, 19.33405807000003 ], [ -99.21109666, 19.334056639999979 ], [ -99.21117724, 19.334055969999987 ], [ -99.21137947, 19.334054280000011 ], [ -99.21149856, 19.33405329 ], [ -99.21161765, 19.3340523 ], [ -99.21174408, 19.334051249999987 ], [ -99.21187051, 19.334050189999981 ], [ -99.21195121, 19.334049520000029 ], [ -99.21215596, 19.33404782 ], [ -99.21221774, 19.33403703 ], [ -99.21244421, 19.33436616 ], [ -99.21254537, 19.33451318 ], [ -99.21284291, 19.334962520000012 ], [ -99.21291392, 19.335197349999984 ], [ -99.21268152, 19.33534325 ], [ -99.21092377, 19.335688120000015 ] ] ] } },
{ "type": "Feature", "properties": { "COLONIA": "INDEPENDENCIA BATAN SUR (U HAB)", "DEMARCACIO": "LA MAGDALENA CONTRERAS", "total_manzanas": 44, "manzanas_prioritarias": 10, "ln_total": 1273, "ln_prioritaria": 735, "secciones": "2975, 2976", "pct_cobertura": 22.7 }, "geometry": { "type": "Polygon", "coordinates": [ [ [ -99.21032454, 19.33115501 ], [ -99.21133718, 19.33103511 ], [ -99.21189368, 19.331201310000019 ], [ -99.21218959, 19.33144586 ], [ -99.21222868, 19.3314454 ], [ -99.21245961, 19.331442730000013 ], [ -99.21255034, 19.3314467 ], [ -99.21259492, 19.33144865 ], [ -99.21278627, 19.331494289999981 ], [ -99.21288, 19.3315311 ], [ -99.21297373, 19.3315679 ], [ -99.21351507, 19.331717649999987 ], [ -99.2138292, 19.331826330000013 ], [ -99.21401698, 19.331946070000026 ], [ -99.21410905, 19.33207682 ], [ -99.21409017, 19.332284030000018 ], [ -99.21399492, 19.332612149999985 ], [ -99.21388432, 19.332993079999987 ], [ -99.21380026, 19.3331313 ], [ -99.21371974, 19.333176190000028 ], [ -99.21363921, 19.33322107 ], [ -99.21329017, 19.33341563 ], [ -99.21294112, 19.33361018 ], [ -99.21282317, 19.333675919999983 ], [ -99.21270522, 19.333741669999988 ], [ -99.21243059, 19.33389474 ], [ -99.21215596, 19.33404782 ], [ -99.21195121, 19.334049520000029 ], [ -99.21187051, 19.334050189999981 ], [ -99.21174408, 19.334051249999987 ], [ -99.21161765, 19.3340523 ], [ -99.21149856, 19.33405329 ], [ -99.21137947, 19.334054280000011 ], [ -99.21117724, 19.334055969999987 ], [ -99.21109666, 19.334056639999979 ], [ -99.21092477000002, 19.33405807000003 ], [ -99.21071556, 19.33407560000002 ], [ -99.21050635, 19.33409314 ], [ -99.21030851, 19.33410972 ], [ -99.20996784, 19.334138270000011 ], [ -99.20992943, 19.334141490000015 ], [ -99.20961413, 19.33416792 ], [ -99.20930706, 19.33419317 ], [ -99.20922286, 19.33420071 ], [ -99.20907093, 19.33421344 ], [ -99.20904789, 19.33410214 ], [ -99.209039290000021, 19.33406056 ], [ -99.20901296, 19.33393339 ], [ -99.20897662, 19.333794659999985 ], [ -99.20933628, 19.33333555 ], [ -99.20968135, 19.332693060000022 ], [ -99.21032454, 19.33115501 ] ] ] } },
{ "type": "Feature", "properties": { "COLONIA": "INDEPENDENCIA SAN RAMON (U HAB)", "DEMARCACIO": "LA MAGDALENA CONTRERAS", "total_manzanas": 55, "manzanas_prioritarias": 11, "ln_total": 2078, "ln_prioritaria": 1055, "secciones": "2977, 2978, 2979, 3101", "pct_cobertura": 20.0 }, "geometry": { "type": "Polygon", "coordinates": [ [ [ -99.21748933, 19.331433069999985 ], [ -99.2178248, 19.33131282 ], [ -99.217913440000018, 19.33128105 ], [ -99.2179359, 19.331273 ], [ -99.21804059, 19.331235479999989 ], [ -99.21818932, 19.33118217 ], [ -99.21829675, 19.33114366 ], [ -99.21858167, 19.33100905000002 ], [ -99.21876757, 19.33091902 ], [ -99.21879201, 19.330899230000014 ], [ -99.21900659, 19.330725530000024 ], [ -99.21910034, 19.330649630000018 ], [ -99.21919561, 19.33057048000002 ], [ -99.21938228, 19.33041538 ], [ -99.21949589, 19.33032098 ], [ -99.21961928, 19.33047943 ], [ -99.219653480000019, 19.33051865000003 ], [ -99.21986318, 19.33075917 ], [ -99.21997721, 19.33088994 ], [ -99.220056910000011, 19.33098135 ], [ -99.22030616, 19.331267230000023 ], [ -99.22016204, 19.331385449999985 ], [ -99.22004683, 19.33147995 ], [ -99.219667, 19.331791519999953 ], [ -99.21944937, 19.33196769 ], [ -99.21929917, 19.33208928 ], [ -99.21905254, 19.332288929999965 ], [ -99.21899758, 19.33233506 ], [ -99.21914491, 19.332519699999988 ], [ -99.21929223, 19.332704339999989 ], [ -99.21933169, 19.332749929999974 ], [ -99.2193871, 19.33281395 ], [ -99.21954814, 19.333000030000015 ], [ -99.21977083, 19.33287949 ], [ -99.22012459, 19.333511639999976 ], [ -99.21986907, 19.3336845 ], [ -99.21961842, 19.33377232 ], [ -99.21944047, 19.333834670000016 ], [ -99.21890888, 19.33395304 ], [ -99.21884225, 19.333640770000013 ], [ -99.21880534, 19.333429620000022 ], [ -99.21879092, 19.33337039 ], [ -99.21868405, 19.333429630000012 ], [ -99.21855933, 19.333498759999983 ], [ -99.21814238, 19.33372985 ], [ -99.21803058, 19.333791820000037 ], [ -99.21780575, 19.333908590000018 ], [ -99.21741395, 19.33411206 ], [ -99.21734312, 19.334148840000015 ], [ -99.21726351, 19.33418546 ], [ -99.21702527, 19.334279819999988 ], [ -99.216819180000016, 19.33436144 ], [ -99.21666237, 19.33442354 ], [ -99.216121560000019, 19.33463773 ], [ -99.216586910000018, 19.33424535 ], [ -99.21671716, 19.33413552 ], [ -99.21673393, 19.33412139 ], [ -99.21686367, 19.334011990000011 ], [ -99.21687941, 19.333998719999986 ], [ -99.21701784, 19.333882 ], [ -99.2170686, 19.333839199999982 ], [ -99.21683636, 19.333591720000012 ], [ -99.216531470000021, 19.33326682 ], [ -99.21586702, 19.33244872 ], [ -99.2160046, 19.332349759999982 ], [ -99.21618506, 19.33218331 ], [ -99.2164217, 19.331965039999979 ], [ -99.21658578, 19.331803219999983 ], [ -99.21663203, 19.3317576 ], [ -99.2168594, 19.331650910000022 ], [ -99.21689608, 19.3316337 ], [ -99.21701427, 19.33159372999998 ], [ -99.21657846, 19.33096676 ], [ -99.21713788, 19.330749119999975 ], [ -99.21748933, 19.331433069999985 ] ] ] } },
{ "type": "Feature", "properties": { "COLONIA": "INFONAVIT (U HAB)", "DEMARCACIO": "LA MAGDALENA CONTRERAS", "total_manzanas": 1, "manzanas_prioritarias": 0, "ln_total": 110, "ln_prioritaria": 0, "secciones": "2972", "pct_cobertura": 0.0 }, "geometry": { "type": "Polygon", "coordinates": [ [ [ -99.209015550000018, 19.336066249999988 ], [ -99.20918455, 19.33666628 ], [ -99.20930709, 19.33664207 ], [ -99.2079823, 19.337287759999974 ], [ -99.20791756, 19.337265900000027 ], [ -99.2077208, 19.336797919999981 ], [ -99.2075996, 19.33644108 ], [ -99.20776621, 19.33637883 ], [ -99.208126, 19.33624439 ], [ -99.20841268, 19.336136970000013 ], [ -99.20863978, 19.33605009 ], [ -99.20897609, 19.33592141999997 ], [ -99.209015550000018, 19.336066249999988 ] ] ] } },
{ "type": "Feature", "properties": { "COLONIA": "IXTLAHUALTONGO", "DEMARCACIO": "LA MAGDALENA CONTRERAS", "total_manzanas": 5, "manzanas_prioritarias": 1, "ln_total": 1183, "ln_prioritaria": 736, "secciones": "3098", "pct_cobertura": 20.0 }, "geometry": { "type": "Polygon", "coordinates": [ [ [ -99.25696861, 19.27497206000001 ], [ -99.25289346, 19.277254810000013 ], [ -99.24841351, 19.27976414 ], [ -99.24848347, 19.27988001000001 ], [ -99.24879083, 19.28038908000002 ], [ -99.24996769, 19.280834219999985 ], [ -99.25013303, 19.281280750000025 ], [ -99.24972184, 19.28159404 ], [ -99.24931065, 19.281907330000024 ], [ -99.2487698, 19.28204209 ], [ -99.24841587, 19.282159140000026 ], [ -99.2475532, 19.282444430000012 ], [ -99.24700639, 19.28262526 ], [ -99.24624718, 19.283005049999982 ], [ -99.24606613, 19.28309562 ], [ -99.24595391, 19.28318467 ], [ -99.2456432, 19.283431249999971 ], [ -99.24559448, 19.28345346 ], [ -99.24510251, 19.283677689999987 ], [ -99.24505491, 19.28369091 ], [ -99.24439283000001, 19.283874759999978 ], [ -99.24402714, 19.283976310000028 ], [ -99.24380922, 19.284036830000016 ], [ -99.24362943, 19.284099620000031 ], [ -99.2432664, 19.284226409999984 ], [ -99.243207400000017, 19.28423132 ], [ -99.242946590000017, 19.28418166 ], [ -99.2429335, 19.28395479 ], [ -99.24287954, 19.28382358 ], [ -99.24277182, 19.283699730000041 ], [ -99.24231812, 19.28335024 ], [ -99.24204923, 19.283314120000014 ], [ -99.2419846, 19.28317727 ], [ -99.24219462, 19.28294195 ], [ -99.24237863, 19.282715610000032 ], [ -99.24244005, 19.282693640000033 ], [ -99.24261674, 19.282708 ], [ -99.24278565, 19.28266401 ], [ -99.24292377, 19.282569009999964 ], [ -99.24324631, 19.282524820000017 ], [ -99.24342275, 19.28237142 ], [ -99.2435838, 19.282203450000011 ], [ -99.24366809, 19.28206475 ], [ -99.24368328, 19.281948039999989 ], [ -99.2436216, 19.28179495 ], [ -99.24349841, 19.28159819 ], [ -99.24342916, 19.281510749999985 ], [ -99.2433599, 19.28142332 ], [ -99.24333678, 19.281372300000012 ], [ -99.24335195, 19.28124099 ], [ -99.24339784, 19.281109639999979 ], [ -99.24369697, 19.2808175 ], [ -99.243934740000014, 19.280591080000011 ], [ -99.24392702, 19.280561909999975 ], [ -99.24412647, 19.280393889999988 ], [ -99.24431829, 19.28025505 ], [ -99.24463279, 19.280232240000011 ], [ -99.24491784, 19.28003575000001 ], [ -99.24495537, 19.279962449999985 ], [ -99.24488862, 19.27958714 ], [ -99.24485427, 19.27912382 ], [ -99.24487803, 19.279056760000014 ], [ -99.24517027, 19.278059510000034 ], [ -99.24525166, 19.277766659999973 ], [ -99.24537713, 19.27692042 ], [ -99.24535766, 19.276738109999965 ], [ -99.24520755, 19.276512210000032 ], [ -99.24501149, 19.27638118 ], [ -99.24493468, 19.27637764 ], [ -99.24499369, 19.27623077 ], [ -99.24560656, 19.275989729999985 ], [ -99.24597989, 19.275842899999969 ], [ -99.24617573, 19.275455949999987 ], [ -99.24620187, 19.2754043 ], [ -99.24647617, 19.27515032 ], [ -99.24651693, 19.275112590000035 ], [ -99.24655769, 19.275074850000031 ], [ -99.24665688, 19.274991439999969 ], [ -99.24683163, 19.274844489999971 ], [ -99.2475253, 19.27438667000003 ], [ -99.24802508, 19.273720940000036 ], [ -99.24808556, 19.27364037 ], [ -99.24810394, 19.27363194 ], [ -99.24897472, 19.27323249 ], [ -99.24979952, 19.272852880000023 ], [ -99.25377328, 19.272839009999981 ], [ -99.2555514, 19.27283278 ], [ -99.2570994, 19.272732789999985 ], [ -99.25940846, 19.27050649000002 ], [ -99.26027238, 19.27057177 ], [ -99.26043699, 19.271325340000011 ], [ -99.258824260000011, 19.273601689999982 ], [ -99.25696861, 19.27497206000001 ] ] ] } },
{ "type": "Feature", "properties": { "COLONIA": "LA CARBONERA", "DEMARCACIO": "LA MAGDALENA CONTRERAS", "total_manzanas": 39, "manzanas_prioritarias": 10, "ln_total": 3987, "ln_prioritaria": 1889, "secciones": "3086, 3087, 3097", "pct_cobertura": 25.6 }, "geometry": { "type": "Polygon", "coordinates": [ [ [ -99.25760959, 19.30195357 ], [ -99.25738888, 19.30195389 ], [ -99.25721135, 19.30195414000001 ], [ -99.2571202, 19.30196337000001 ], [ -99.25694091, 19.30203357 ], [ -99.25683207, 19.302091940000011 ], [ -99.256775630000021, 19.302147 ], [ -99.25666413, 19.3022558 ], [ -99.25652691, 19.302409790000024 ], [ -99.25648734, 19.30246824 ], [ -99.2563753, 19.302633719999985 ], [ -99.25627203, 19.302677839999987 ], [ -99.25600477, 19.302671449999981 ], [ -99.25561213, 19.302685910000033 ], [ -99.25552732, 19.30268904 ], [ -99.25538663, 19.30273153 ], [ -99.25524595, 19.302774010000022 ], [ -99.25506076, 19.302841929999989 ], [ -99.25480416, 19.30281861 ], [ -99.25456531, 19.3027479 ], [ -99.25429975, 19.30272571 ], [ -99.25411462, 19.30271024 ], [ -99.2538882, 19.30269133 ], [ -99.25371125, 19.30259815 ], [ -99.2533589, 19.30239032 ], [ -99.25320602, 19.302334969999968 ], [ -99.25298488, 19.302288980000011 ], [ -99.25247787, 19.30233701 ], [ -99.25214087, 19.30236005 ], [ -99.25198049, 19.302406119999979 ], [ -99.25172046, 19.302435800000026 ], [ -99.25147669, 19.302471629999967 ], [ -99.25114516, 19.30251993 ], [ -99.250851, 19.30256047 ], [ -99.25076649, 19.302572930000022 ], [ -99.25072557, 19.302571330000031 ], [ -99.25072014, 19.30251301 ], [ -99.25071289, 19.302435210000027 ], [ -99.25072143, 19.30218457999997 ], [ -99.25080444000001, 19.30171446 ], [ -99.25065527, 19.301732100000017 ], [ -99.25039688, 19.301762660000019 ], [ -99.25006587, 19.301906880000015 ], [ -99.24959288, 19.30203332000001 ], [ -99.24946981, 19.302051020000015 ], [ -99.24940364, 19.302060540000017 ], [ -99.24950017, 19.30197719 ], [ -99.24975466, 19.30175745 ], [ -99.25026356, 19.301255869999977 ], [ -99.25029745, 19.3012251 ], [ -99.25047248, 19.301066189999986 ], [ -99.25048989, 19.30105039 ], [ -99.25064751, 19.300907279999986 ], [ -99.25080822, 19.3006649 ], [ -99.25086161, 19.30058438 ], [ -99.25084346, 19.300406130000027 ], [ -99.25071799, 19.30021953 ], [ -99.25023484, 19.300007960000013 ], [ -99.25029038, 19.29981784 ], [ -99.25064869, 19.298591370000018 ], [ -99.25091312, 19.2982456 ], [ -99.25096637, 19.298175969999985 ], [ -99.25160293, 19.29767676 ], [ -99.25227512, 19.29735078 ], [ -99.25244207, 19.297269820000036 ], [ -99.25276698, 19.297198150000014 ], [ -99.252831830000019, 19.29718385 ], [ -99.25300772, 19.29698783 ], [ -99.25304572, 19.296945489999988 ], [ -99.25318362, 19.296791809999977 ], [ -99.2534682, 19.296570729999978 ], [ -99.25416053, 19.29629 ], [ -99.25420014, 19.29627393 ], [ -99.25577607, 19.29563491 ], [ -99.25612832, 19.29547715 ], [ -99.25707326, 19.295053950000021 ], [ -99.25764171, 19.29479935 ], [ -99.25802978, 19.293763849999976 ], [ -99.2581569, 19.29342464 ], [ -99.25829885, 19.29310408 ], [ -99.2583587, 19.293020949999981 ], [ -99.25855486, 19.292748459999988 ], [ -99.25865796, 19.292605240000022 ], [ -99.25916701, 19.29210618 ], [ -99.25940786, 19.291792380000018 ], [ -99.25959986, 19.29163824 ], [ -99.26088091, 19.29024873 ], [ -99.26122843, 19.28972919 ], [ -99.26165179, 19.28891124999998 ], [ -99.26203706, 19.28846285 ], [ -99.26249189, 19.28819347 ], [ -99.26321115, 19.287960890000011 ], [ -99.26332543, 19.28792498 ], [ -99.26368275, 19.287812689999953 ], [ -99.26415179, 19.28766529 ], [ -99.264565, 19.287686489999974 ], [ -99.26508201, 19.28802358 ], [ -99.26551871, 19.28838257 ], [ -99.265780390000018, 19.28836529 ], [ -99.26638891, 19.29013639 ], [ -99.26639808, 19.290163100000022 ], [ -99.26406751, 19.29084533 ], [ -99.26399465, 19.291117310000022 ], [ -99.26418216, 19.291369470000017 ], [ -99.26444763, 19.291980319999979 ], [ -99.26473342, 19.29193951000001 ], [ -99.2650964, 19.29220559 ], [ -99.26526085, 19.29238590000001 ], [ -99.26498489, 19.293128540000016 ], [ -99.26475036, 19.29311538 ], [ -99.26443767, 19.29311584 ], [ -99.26399025, 19.2932953 ], [ -99.26311026, 19.294048930000027 ], [ -99.26250982, 19.295092250000014 ], [ -99.26227641, 19.295300800000025 ], [ -99.26184003, 19.29555413000001 ], [ -99.26182637, 19.29556782 ], [ -99.26181439, 19.29557911 ], [ -99.2616046, 19.29572958 ], [ -99.26155042, 19.29586664 ], [ -99.26147503, 19.29604404 ], [ -99.26131064, 19.29625665 ], [ -99.26111477, 19.296509860000011 ], [ -99.26116853, 19.29657545000002 ], [ -99.26116782, 19.29657622000002 ], [ -99.26111028, 19.296638549999983 ], [ -99.26081861, 19.296873900000012 ], [ -99.26052694000002, 19.297109249999981 ], [ -99.26048198, 19.297148130000011 ], [ -99.25964308, 19.29787346 ], [ -99.25945481, 19.298036249999985 ], [ -99.25932085, 19.298152079999983 ], [ -99.25925661, 19.29825158 ], [ -99.25946176, 19.29850486 ], [ -99.25944107, 19.298563420000011 ], [ -99.25920895, 19.2992205 ], [ -99.25917375, 19.299320120000012 ], [ -99.25910258, 19.29952159 ], [ -99.25901629, 19.299765870000016 ], [ -99.25892999, 19.300010149999988 ], [ -99.258769240000021, 19.30053294 ], [ -99.25873476, 19.300645060000026 ], [ -99.25864657, 19.30093186 ], [ -99.2588158, 19.30099079 ], [ -99.25885147, 19.30102455 ], [ -99.25882776, 19.3016561 ], [ -99.25880406, 19.301830070000022 ], [ -99.25879057, 19.301929039999976 ], [ -99.25867788, 19.30198069 ], [ -99.25850694, 19.30198486 ], [ -99.25824773, 19.301968209999988 ], [ -99.258144340000015, 19.301977519999976 ], [ -99.25805337, 19.30198812 ], [ -99.25760959, 19.30195357 ] ] ] } },
{ "type": "Feature", "properties": { "COLONIA": "LA CONCEPCION", "DEMARCACIO": "LA MAGDALENA CONTRERAS", "total_manzanas": 11, "manzanas_prioritarias": 3, "ln_total": 1903, "ln_prioritaria": 1045, "secciones": "3079, 3080, 3081, 3082, 3111", "pct_cobertura": 27.3 }, "geometry": { "type": "Polygon", "coordinates": [ [ [ -99.23744865, 19.30357364 ], [ -99.23751431, 19.30360754 ], [ -99.237635, 19.303694130000022 ], [ -99.23764822, 19.303756470000035 ], [ -99.23766589, 19.303864539999978 ], [ -99.23770802, 19.304058390000012 ], [ -99.23774567, 19.304290020000025 ], [ -99.23776299, 19.30439654 ], [ -99.2377734, 19.304500149999988 ], [ -99.23777503, 19.30457634 ], [ -99.23756559, 19.30467558 ], [ -99.23742173, 19.30472457 ], [ -99.23727787, 19.30477356 ], [ -99.23713407, 19.304866479999973 ], [ -99.236847240000017, 19.30505138 ], [ -99.23683689, 19.305053249999979 ], [ -99.23682087, 19.304944809999967 ], [ -99.23663146, 19.304967590000015 ], [ -99.23590564, 19.305018830000019 ], [ -99.235484560000017, 19.30512753 ], [ -99.23519334, 19.30526877 ], [ -99.23510996, 19.305333130000015 ], [ -99.23475363, 19.305556339999985 ], [ -99.23470805, 19.305584610000018 ], [ -99.23420345, 19.305891550000027 ], [ -99.23397576, 19.30602995000001 ], [ -99.23362166, 19.3058724 ], [ -99.23335422, 19.30579841 ], [ -99.23295282, 19.305687369999987 ], [ -99.2327457, 19.305651419999986 ], [ -99.232445330000019, 19.305698289999988 ], [ -99.23216752, 19.30494539 ], [ -99.23230741, 19.30487657 ], [ -99.23300642, 19.304532670000015 ], [ -99.23306176, 19.304523839999987 ], [ -99.233067370000015, 19.304018910000011 ], [ -99.23311514, 19.304018699999975 ], [ -99.23421237, 19.304025 ], [ -99.23465179, 19.30402752 ], [ -99.23483497, 19.30402858 ], [ -99.234920320000015, 19.30403238000001 ], [ -99.23482729, 19.3039076 ], [ -99.23478985, 19.30385739 ], [ -99.23468858, 19.303721569999976 ], [ -99.23466882, 19.30365006 ], [ -99.23462741, 19.30350019 ], [ -99.23473581, 19.303048109999974 ], [ -99.23451713, 19.30298044 ], [ -99.23443859, 19.302981389999985 ], [ -99.23436006, 19.302982339999986 ], [ -99.234190160000011, 19.30298439 ], [ -99.23370534, 19.302990239999971 ], [ -99.23368249, 19.302992270000011 ], [ -99.23338429, 19.303018730000026 ], [ -99.23316495, 19.303038199999985 ], [ -99.23300432000002, 19.303052449999988 ], [ -99.23288564, 19.303041870000023 ], [ -99.23280482, 19.3033405 ], [ -99.23254348, 19.30333901000003 ], [ -99.23254325, 19.30317566 ], [ -99.23254302, 19.303013219999972 ], [ -99.23254292, 19.30294793 ], [ -99.23260541, 19.302682690000012 ], [ -99.23262316, 19.302607340000026 ], [ -99.23264493, 19.30255719 ], [ -99.2327335, 19.30235319 ], [ -99.23277583, 19.302274960000013 ], [ -99.23302415, 19.30181598 ], [ -99.23268815, 19.301660619999989 ], [ -99.23227065, 19.30143856 ], [ -99.23241848, 19.30133866000001 ], [ -99.23323713, 19.300785470000012 ], [ -99.232660290000013, 19.30012154000001 ], [ -99.23260824, 19.30004685 ], [ -99.23251503, 19.29986659 ], [ -99.23255921, 19.29987775 ], [ -99.23270874, 19.29978328 ], [ -99.23276847, 19.299689950000012 ], [ -99.23276883, 19.29974064 ], [ -99.23276937, 19.299816329999949 ], [ -99.23281694, 19.29995495 ], [ -99.23289206, 19.300041060000016 ], [ -99.23328701, 19.300145729999986 ], [ -99.23328364, 19.30013322 ], [ -99.23327803, 19.30011247 ], [ -99.23323223, 19.2999429 ], [ -99.23322921, 19.29993173 ], [ -99.23351226, 19.30002905 ], [ -99.23378157, 19.300121640000011 ], [ -99.23405088, 19.300214229999959 ], [ -99.23411223, 19.30030936 ], [ -99.2341382, 19.30051765000001 ], [ -99.23418031, 19.300855449999982 ], [ -99.234213, 19.300855009999985 ], [ -99.23438658, 19.30085265000001 ], [ -99.23487602, 19.301050079999978 ], [ -99.2352532, 19.30120224000003 ], [ -99.23560979, 19.301173559999988 ], [ -99.2364308, 19.301531690000051 ], [ -99.23654496, 19.30158149 ], [ -99.23654761, 19.30160113000003 ], [ -99.2369301, 19.30183683 ], [ -99.23700419, 19.301910989999989 ], [ -99.23703387, 19.301977180000012 ], [ -99.23705728, 19.30208352 ], [ -99.23707995, 19.30229981 ], [ -99.237086340000019, 19.302588650000011 ], [ -99.23716418, 19.302792429999979 ], [ -99.23720007, 19.302860349999985 ], [ -99.23731105, 19.303211780000012 ], [ -99.2373393, 19.303287340000026 ], [ -99.23744865, 19.30357364 ] ] ] } },
{ "type": "Feature", "properties": { "COLONIA": "LA CRUZ", "DEMARCACIO": "LA MAGDALENA CONTRERAS", "total_manzanas": 22, "manzanas_prioritarias": 5, "ln_total": 4484, "ln_prioritaria": 2465, "secciones": "3050, 3051, 3059, 3060", "pct_cobertura": 22.7 }, "geometry": { "type": "Polygon", "coordinates": [ [ [ -99.23663146, 19.304967590000015 ], [ -99.23682087, 19.304944809999967 ], [ -99.23683689, 19.305053249999979 ], [ -99.23664223, 19.30508831 ], [ -99.23629469, 19.305172440000014 ], [ -99.23626617, 19.30517935 ], [ -99.23611514, 19.305273049999975 ], [ -99.23591677, 19.305396109999975 ], [ -99.235795580000016, 19.305526880000016 ], [ -99.23575806, 19.30556736 ], [ -99.23571666, 19.30564504000003 ], [ -99.23558368, 19.305894569999975 ], [ -99.23558117, 19.30591492 ], [ -99.23556067, 19.306080829999967 ], [ -99.23554701, 19.30619143 ], [ -99.23554892, 19.306216740000014 ], [ -99.23556862, 19.30647815 ], [ -99.23560362, 19.306563630000014 ], [ -99.23568463, 19.306761530000024 ], [ -99.23569623, 19.306789880000036 ], [ -99.23591921, 19.307096460000015 ], [ -99.23602955, 19.30719514 ], [ -99.23613989, 19.307293810000012 ], [ -99.23619681, 19.307346079999988 ], [ -99.23630603, 19.307446379999988 ], [ -99.236411, 19.307542770000016 ], [ -99.23669261, 19.307826899999984 ], [ -99.23688789, 19.308128320000019 ], [ -99.23689972, 19.308146580000038 ], [ -99.23699293, 19.30829045 ], [ -99.23703784, 19.308387100000012 ], [ -99.2371779, 19.3086885 ], [ -99.23720116, 19.308832899999974 ], [ -99.23728101, 19.30917646 ], [ -99.23728517, 19.30919434 ], [ -99.23726727, 19.309366720000028 ], [ -99.23722691, 19.309755230000029 ], [ -99.23717337, 19.3099218 ], [ -99.23715773, 19.309970440000029 ], [ -99.23712287, 19.31007892 ], [ -99.23703789, 19.31018748000001 ], [ -99.23676456, 19.31053666 ], [ -99.23647855, 19.310713910000011 ], [ -99.236145210000018, 19.31087594 ], [ -99.23587968, 19.311005019999985 ], [ -99.23578719, 19.31104998 ], [ -99.2355938, 19.311143980000033 ], [ -99.23498743, 19.309991640000014 ], [ -99.23463631, 19.310212729999972 ], [ -99.23446637, 19.310291880000019 ], [ -99.23428051, 19.310332 ], [ -99.23438118, 19.31060747 ], [ -99.23312534, 19.31080950999997 ], [ -99.2331298, 19.310228250000019 ], [ -99.23316216, 19.310047420000025 ], [ -99.23305393, 19.310068119999954 ], [ -99.23270193, 19.310108889999977 ], [ -99.23249267, 19.3101318 ], [ -99.2324369, 19.310130059999977 ], [ -99.23210406, 19.3101197 ], [ -99.23171637, 19.31010763 ], [ -99.230877, 19.310076459999976 ], [ -99.23053735, 19.310063850000027 ], [ -99.23043817, 19.310045409999962 ], [ -99.23040918, 19.31002254000002 ], [ -99.23043661, 19.30998434 ], [ -99.23046403, 19.30994614 ], [ -99.23051889, 19.309869739999979 ], [ -99.23053231, 19.30985555 ], [ -99.23056962, 19.30981607999998 ], [ -99.2309335, 19.30943119 ], [ -99.23105433, 19.30930338 ], [ -99.231221660000017, 19.309126389999978 ], [ -99.23133299, 19.309008640000041 ], [ -99.231409740000018, 19.308927450000031 ], [ -99.23191352, 19.30839617 ], [ -99.23207681, 19.308268380000015 ], [ -99.23218085, 19.308189450000022 ], [ -99.23222242, 19.308168810000044 ], [ -99.23255034, 19.30800604 ], [ -99.2327445, 19.307909660000014 ], [ -99.2328848, 19.30780523 ], [ -99.23296274, 19.307747220000024 ], [ -99.23302461, 19.307694640000026 ], [ -99.23344279, 19.307339309999982 ], [ -99.23347977, 19.30728145 ], [ -99.23360924, 19.30707889 ], [ -99.2336527, 19.306912900000022 ], [ -99.233731660000018, 19.30657339 ], [ -99.2338029, 19.30638851 ], [ -99.23397576, 19.30602995000001 ], [ -99.23420345, 19.305891550000027 ], [ -99.23470805, 19.305584610000018 ], [ -99.23475363, 19.305556339999985 ], [ -99.23510996, 19.305333130000015 ], [ -99.23519334, 19.30526877 ], [ -99.235484560000017, 19.30512753 ], [ -99.23590564, 19.305018830000019 ], [ -99.23663146, 19.304967590000015 ] ] ] } },
{ "type": "Feature", "properties": { "COLONIA": "LA GUADALUPE", "DEMARCACIO": "LA MAGDALENA CONTRERAS", "total_manzanas": 20, "manzanas_prioritarias": 6, "ln_total": 1688, "ln_prioritaria": 813, "secciones": "3058, 3080, 3111", "pct_cobertura": 30.0 }, "geometry": { "type": "Polygon", "coordinates": [ [ [ -99.23397576, 19.30602995000001 ], [ -99.2338029, 19.30638851 ], [ -99.233731660000018, 19.30657339 ], [ -99.2336527, 19.306912900000022 ], [ -99.23360924, 19.30707889 ], [ -99.23347977, 19.30728145 ], [ -99.23344279, 19.307339309999982 ], [ -99.23302461, 19.307694640000026 ], [ -99.23296274, 19.307747220000024 ], [ -99.2328848, 19.30780523 ], [ -99.2327445, 19.307909660000014 ], [ -99.23255034, 19.30800604 ], [ -99.23222242, 19.308168810000044 ], [ -99.23218085, 19.308189450000022 ], [ -99.23207681, 19.308268380000015 ], [ -99.23191352, 19.30839617 ], [ -99.23165315, 19.30812911 ], [ -99.23139978, 19.307856129999962 ], [ -99.23114642, 19.30758315000001 ], [ -99.23095411, 19.307370439999985 ], [ -99.2307684, 19.30710834 ], [ -99.23064638, 19.30693614 ], [ -99.23046715, 19.306695570000013 ], [ -99.23038899, 19.306590660000015 ], [ -99.23017154, 19.306298789999975 ], [ -99.2298802, 19.305906650000047 ], [ -99.22999133, 19.30581652 ], [ -99.23128053, 19.30522356 ], [ -99.23164432, 19.305161340000016 ], [ -99.23195764, 19.30503202 ], [ -99.23216752, 19.30494539 ], [ -99.232445330000019, 19.305698289999988 ], [ -99.2327457, 19.305651419999986 ], [ -99.23295282, 19.305687369999987 ], [ -99.23335422, 19.30579841 ], [ -99.23362166, 19.3058724 ], [ -99.23397576, 19.30602995000001 ] ] ] } },
{ "type": "Feature", "properties": { "COLONIA": "LA MAGDALENA ATLITIC (PBLO)", "DEMARCACIO": "LA MAGDALENA CONTRERAS", "total_manzanas": 21, "manzanas_prioritarias": 5, "ln_total": 2997, "ln_prioritaria": 1869, "secciones": "3078, 3079, 3083, 3084, 3085", "pct_cobertura": 23.8 }, "geometry": { "type": "Polygon", "coordinates": [ [ [ -99.24212147, 19.302175429999959 ], [ -99.24330262, 19.302119199999986 ], [ -99.245554630000015, 19.30146328 ], [ -99.24559581, 19.301266319999979 ], [ -99.24559899, 19.301213740000016 ], [ -99.24560639, 19.301091449999973 ], [ -99.24561201, 19.3009985 ], [ -99.2453831, 19.30088576 ], [ -99.24516383, 19.300857329999989 ], [ -99.24506442, 19.300951980000043 ], [ -99.24496502, 19.30104663000002 ], [ -99.24458372, 19.301251920000023 ], [ -99.24432772, 19.301290089999988 ], [ -99.24429177, 19.30129544 ], [ -99.2442105, 19.30130756 ], [ -99.24408674, 19.301289180000012 ], [ -99.24405284, 19.30128414 ], [ -99.24466532, 19.30085505 ], [ -99.24470641, 19.30076366 ], [ -99.24476726, 19.30055803 ], [ -99.24480198, 19.300560580000013 ], [ -99.24490971, 19.30051792000004 ], [ -99.2450508, 19.30040435 ], [ -99.245143500000012, 19.300391529999967 ], [ -99.24553566, 19.30033731 ], [ -99.245774, 19.300279749999987 ], [ -99.24617208, 19.300180790000041 ], [ -99.24656719, 19.300056579999978 ], [ -99.24685242, 19.300001440000013 ], [ -99.24736412, 19.299788730000021 ], [ -99.24779027, 19.29968321 ], [ -99.2478049, 19.29969608 ], [ -99.24781954, 19.29970894 ], [ -99.24804323, 19.299905600000027 ], [ -99.24838105, 19.29967622 ], [ -99.24969858, 19.298781620000035 ], [ -99.24999006, 19.29858371 ], [ -99.25064869, 19.298591370000018 ], [ -99.25029038, 19.29981784 ], [ -99.25023484, 19.300007960000013 ], [ -99.25071799, 19.30021953 ], [ -99.25084346, 19.300406130000027 ], [ -99.25086161, 19.30058438 ], [ -99.25080822, 19.3006649 ], [ -99.25064751, 19.300907279999986 ], [ -99.25048989, 19.30105039 ], [ -99.25047248, 19.301066189999986 ], [ -99.25029745, 19.3012251 ], [ -99.25026356, 19.301255869999977 ], [ -99.24975466, 19.30175745 ], [ -99.24950017, 19.30197719 ], [ -99.24940364, 19.302060540000017 ], [ -99.2492366, 19.302101120000046 ], [ -99.24901607, 19.302348599999959 ], [ -99.24897838, 19.30245647 ], [ -99.248936, 19.302598049999975 ], [ -99.24887697, 19.30267114 ], [ -99.24881793, 19.302744219999976 ], [ -99.24785649, 19.303150540000029 ], [ -99.24781541, 19.303167899999988 ], [ -99.24760202, 19.303223900000013 ], [ -99.24736978, 19.303284199999986 ], [ -99.24723229, 19.3033155 ], [ -99.24708697, 19.303348589999974 ], [ -99.2466821, 19.30345979 ], [ -99.24613509, 19.303610019999983 ], [ -99.24588341, 19.303679139999982 ], [ -99.24582278, 19.30369579 ], [ -99.24554457, 19.30376655 ], [ -99.24541255, 19.303800119999973 ], [ -99.24520547, 19.30388377 ], [ -99.24410033, 19.304330209999989 ], [ -99.2440074, 19.30440201 ], [ -99.24397618, 19.30442614 ], [ -99.24395637, 19.30444371 ], [ -99.24390424, 19.304382230000012 ], [ -99.24299704, 19.3044639 ], [ -99.241215400000016, 19.304677020000032 ], [ -99.24124508, 19.303979660000017 ], [ -99.24100575, 19.304063030000016 ], [ -99.24070156, 19.30405796 ], [ -99.24043403, 19.304053490000015 ], [ -99.24011967, 19.30406354 ], [ -99.24025228, 19.30395571 ], [ -99.24046378, 19.30359129 ], [ -99.240504110000018, 19.303427550000013 ], [ -99.24056455, 19.30317874 ], [ -99.24040046, 19.30281196 ], [ -99.24037514, 19.30275457 ], [ -99.24125557, 19.302465340000012 ], [ -99.24202013, 19.30220474 ], [ -99.24212147, 19.302175429999959 ] ] ] } },
{ "type": "Feature", "properties": { "COLONIA": "LA MALINCHE", "DEMARCACIO": "LA MAGDALENA CONTRERAS", "total_manzanas": 56, "manzanas_prioritarias": 21, "ln_total": 9237, "ln_prioritaria": 5980, "secciones": "2984, 2985, 2986, 2996, 2997, 3008, 3009, 3010, 3103, 3112", "pct_cobertura": 37.5 }, "geometry": { "type": "Polygon", "coordinates": [ [ [ -99.24158396, 19.325071550000018 ], [ -99.24135641, 19.32504783000001 ], [ -99.24090325, 19.32499317000002 ], [ -99.240811940000015, 19.324986790000015 ], [ -99.24073183, 19.324977930000014 ], [ -99.2405749, 19.32469964 ], [ -99.24032095, 19.324502659999983 ], [ -99.23975649, 19.324522640000019 ], [ -99.23930299, 19.324694569999973 ], [ -99.23921241, 19.32466232 ], [ -99.23878503, 19.324497219999984 ], [ -99.23873781, 19.32450731000004 ], [ -99.23824105, 19.324546619999985 ], [ -99.23817178, 19.3245493 ], [ -99.23812748, 19.32442647 ], [ -99.23810076, 19.32435055 ], [ -99.23790185, 19.32395827 ], [ -99.23788354, 19.32392196 ], [ -99.23776899, 19.323694819999989 ], [ -99.23767721, 19.32351284 ], [ -99.23769732, 19.323493930000019 ], [ -99.2374272, 19.32294746000002 ], [ -99.23730964, 19.32270964 ], [ -99.23718781, 19.322463159999987 ], [ -99.236922760000013, 19.32195221000001 ], [ -99.23712975, 19.321822769999986 ], [ -99.2372118, 19.32172455 ], [ -99.237243480000018, 19.32169656 ], [ -99.23740272, 19.321573400000037 ], [ -99.23756195, 19.32145024 ], [ -99.23757714, 19.32143849 ], [ -99.23830386, 19.321022500000026 ], [ -99.23849215, 19.32091472 ], [ -99.23858499, 19.32086157 ], [ -99.23874034, 19.32077264999997 ], [ -99.23878542, 19.320736080000014 ], [ -99.2389119, 19.32063352 ], [ -99.23887994, 19.320530890000011 ], [ -99.23880714, 19.320456810000042 ], [ -99.2386251, 19.32027154 ], [ -99.23872481, 19.32018103 ], [ -99.23937442, 19.31934956000002 ], [ -99.23997612, 19.31978638 ], [ -99.24068097, 19.320298079999979 ], [ -99.24102899, 19.320550729999976 ], [ -99.24146594, 19.320867929999988 ], [ -99.24171595, 19.321052420000012 ], [ -99.24206596, 19.321310690000029 ], [ -99.24253439, 19.32165636 ], [ -99.24261316, 19.32171448 ], [ -99.24299175, 19.32199384 ], [ -99.24322319, 19.322164619999967 ], [ -99.24420258, 19.32288731 ], [ -99.24449047, 19.323092730000013 ], [ -99.24453786, 19.32312655 ], [ -99.24468636, 19.32323251 ], [ -99.24488224, 19.32337229 ], [ -99.24512896, 19.323553499999985 ], [ -99.2452864, 19.32366914 ], [ -99.24557655, 19.323882240000025 ], [ -99.24622031, 19.32434604 ], [ -99.24677208, 19.32473618 ], [ -99.246781490000018, 19.325010640000016 ], [ -99.24678348, 19.325049899999989 ], [ -99.24677098, 19.325198690000043 ], [ -99.24666464, 19.325358600000019 ], [ -99.24663109, 19.3254332 ], [ -99.24613332, 19.326045799999974 ], [ -99.24581984000001, 19.32600073 ], [ -99.24544055, 19.325946190000021 ], [ -99.24513262, 19.325901919999957 ], [ -99.24504519, 19.32588943 ], [ -99.24466288, 19.325834640000014 ], [ -99.24447275, 19.32580802 ], [ -99.2443045, 19.32578474 ], [ -99.24391232, 19.32573046000001 ], [ -99.24367182, 19.325696 ], [ -99.24312438, 19.32561755 ], [ -99.24280073, 19.32556129 ], [ -99.2425127, 19.32551123 ], [ -99.24240991, 19.3254846 ], [ -99.2423937, 19.32535747 ], [ -99.24234975, 19.325368480000012 ], [ -99.24195495, 19.32530674 ], [ -99.24156015, 19.32524501 ], [ -99.24158396, 19.325071550000018 ] ] ] } },
{ "type": "Feature", "properties": { "COLONIA": "LAS CALLES (BARR)", "DEMARCACIO": "LA MAGDALENA CONTRERAS", "total_manzanas": 5, "manzanas_prioritarias": 2, "ln_total": 334, "ln_prioritaria": 159, "secciones": "3080", "pct_cobertura": 40.0 }, "geometry": { "type": "Polygon", "coordinates": [ [ [ -99.234920320000015, 19.30403238000001 ], [ -99.23483497, 19.30402858 ], [ -99.23465179, 19.30402752 ], [ -99.23421237, 19.304025 ], [ -99.23311514, 19.304018699999975 ], [ -99.233067370000015, 19.304018910000011 ], [ -99.23306994, 19.3037881 ], [ -99.23306183, 19.303757250000015 ], [ -99.2330435, 19.30368749 ], [ -99.23303003, 19.30363627000002 ], [ -99.23321093, 19.303360640000022 ], [ -99.23356973, 19.30324657 ], [ -99.23418602, 19.30318038 ], [ -99.23418663, 19.303151490000037 ], [ -99.234190160000011, 19.30298439 ], [ -99.23436006, 19.302982339999986 ], [ -99.23443859, 19.302981389999985 ], [ -99.23451713, 19.30298044 ], [ -99.23473581, 19.303048109999974 ], [ -99.23462741, 19.30350019 ], [ -99.23466882, 19.30365006 ], [ -99.23468858, 19.303721569999976 ], [ -99.23478985, 19.30385739 ], [ -99.23482729, 19.3039076 ], [ -99.234920320000015, 19.30403238000001 ] ] ] } },
{ "type": "Feature", "properties": { "COLONIA": "LAS CRUCES", "DEMARCACIO": "LA MAGDALENA CONTRERAS", "total_manzanas": 45, "manzanas_prioritarias": 14, "ln_total": 9787, "ln_prioritaria": 6194, "secciones": "2993, 2994, 2995, 3016, 3017, 3018, 3019, 3102, 3107, 3114", "pct_cobertura": 31.1 }, "geometry": { "type": "Polygon", "coordinates": [ [ [ -99.25538195, 19.32499248 ], [ -99.255304030000019, 19.325363349999972 ], [ -99.25519891, 19.325521870000014 ], [ -99.25493161, 19.32584733 ], [ -99.25476568, 19.325900379999968 ], [ -99.25475458, 19.325816449999984 ], [ -99.25476401, 19.32571102 ], [ -99.25488394, 19.32544493 ], [ -99.25491106, 19.325244359999967 ], [ -99.25489918, 19.32510049 ], [ -99.25488081, 19.325000279999983 ], [ -99.25476708, 19.324629850000015 ], [ -99.25470406, 19.324437319999987 ], [ -99.25460473, 19.32406764 ], [ -99.254547, 19.32396356 ], [ -99.25449805, 19.32394691 ], [ -99.25408121, 19.323805109999977 ], [ -99.25349442, 19.32368217 ], [ -99.25344852, 19.323691740000012 ], [ -99.25321923, 19.32373952 ], [ -99.25317817, 19.32375417 ], [ -99.2528877, 19.323857799999981 ], [ -99.25276845, 19.32390035 ], [ -99.25272773, 19.32391487 ], [ -99.252236, 19.32394096 ], [ -99.25211946, 19.32409867 ], [ -99.251793820000017, 19.324244520000022 ], [ -99.25170363, 19.32431172 ], [ -99.25145139, 19.32449968 ], [ -99.251398010000017, 19.324539460000018 ], [ -99.25134463, 19.32457924 ], [ -99.25108348, 19.32472748 ], [ -99.2510223, 19.3247622 ], [ -99.25082359, 19.32480888000001 ], [ -99.25068998, 19.324805970000028 ], [ -99.25065736, 19.324785909999989 ], [ -99.25062474, 19.32476584 ], [ -99.25052348, 19.324605120000012 ], [ -99.2504635, 19.32446346 ], [ -99.25039767, 19.32433582 ], [ -99.25036313, 19.32425711 ], [ -99.25021325, 19.323915490000019 ], [ -99.25023574, 19.32359768 ], [ -99.25029757, 19.32325801 ], [ -99.25043789, 19.322737539999956 ], [ -99.25046406, 19.32271868 ], [ -99.25059409, 19.32252651 ], [ -99.25064002, 19.32195620000002 ], [ -99.25058529, 19.321874809999965 ], [ -99.2505293, 19.320963970000044 ], [ -99.25046667, 19.32082334 ], [ -99.25004498, 19.32053509 ], [ -99.24896032, 19.32032181 ], [ -99.24879676, 19.320492359999985 ], [ -99.24865622, 19.32041109 ], [ -99.24846131, 19.32022938 ], [ -99.24822727, 19.320513279999975 ], [ -99.24792769, 19.32013091 ], [ -99.24755044, 19.319314249999977 ], [ -99.24748245, 19.31907682 ], [ -99.24774189, 19.31858594 ], [ -99.24784825, 19.31864494 ], [ -99.248027640000018, 19.318533369999987 ], [ -99.24827686, 19.318560869999967 ], [ -99.24834776, 19.318536189999985 ], [ -99.24847506, 19.31859344 ], [ -99.24857478, 19.31861812 ], [ -99.24904567, 19.31829637 ], [ -99.24910313, 19.318263329999976 ], [ -99.249499630000017, 19.318051270000016 ], [ -99.2495621, 19.318016420000017 ], [ -99.24960465, 19.3181623 ], [ -99.24967853, 19.318403310000011 ], [ -99.24973877, 19.31845822 ], [ -99.24975414, 19.31847083 ], [ -99.24976572, 19.318480259999969 ], [ -99.24981092, 19.3184396 ], [ -99.25009369, 19.31817038 ], [ -99.25030597, 19.31810683 ], [ -99.25079315, 19.318070580000018 ], [ -99.25080985, 19.318098230000025 ], [ -99.25088077, 19.318181160000034 ], [ -99.25094745, 19.318216649999986 ], [ -99.25130993, 19.31833475 ], [ -99.25152732, 19.31852486 ], [ -99.25157274, 19.318358440000051 ], [ -99.25164955000001, 19.31818858999997 ], [ -99.2516649, 19.31815346 ], [ -99.25185262, 19.317942490000011 ], [ -99.25192935, 19.317826200000013 ], [ -99.25185044, 19.317650410000027 ], [ -99.2522105, 19.317745850000012 ], [ -99.25227851, 19.317567459999978 ], [ -99.25231444, 19.31747801 ], [ -99.25259322, 19.31712044 ], [ -99.25270639, 19.31697529 ], [ -99.252862370000017, 19.31677914 ], [ -99.25298435, 19.316619189999972 ], [ -99.25318258, 19.316537119999985 ], [ -99.25326566, 19.31649895 ], [ -99.25343952, 19.31653928 ], [ -99.25379128, 19.316607860000012 ], [ -99.25401514, 19.316611600000016 ], [ -99.25412873, 19.316613489999977 ], [ -99.2544279, 19.316618490000028 ], [ -99.25448218, 19.31662986000001 ], [ -99.25486457, 19.316709970000019 ], [ -99.2550755, 19.31683433 ], [ -99.255280350000021, 19.316799030000016 ], [ -99.25538138, 19.316784829999975 ], [ -99.25586434, 19.31671694 ], [ -99.25610594, 19.3166779 ], [ -99.25644924, 19.31661238 ], [ -99.25674536, 19.31655587 ], [ -99.25696037, 19.316507519999973 ], [ -99.25715082, 19.31657784 ], [ -99.2573472, 19.31665035 ], [ -99.25744149, 19.31668516 ], [ -99.25746689, 19.316691150000022 ], [ -99.2576586, 19.31673636 ], [ -99.25782278, 19.31677508000001 ], [ -99.25795257, 19.316805690000027 ], [ -99.25804325, 19.316837829999987 ], [ -99.25807206, 19.316848040000025 ], [ -99.25810087, 19.316858249999989 ], [ -99.258253260000018, 19.31691226 ], [ -99.25855402, 19.31706162 ], [ -99.25859847, 19.317115289999965 ], [ -99.25863572, 19.31716029 ], [ -99.25843902, 19.31741178 ], [ -99.258427250000011, 19.31742683 ], [ -99.25841376, 19.317444080000012 ], [ -99.25836651, 19.317411080000021 ], [ -99.25790554, 19.317253620000017 ], [ -99.257806370000011, 19.3174591 ], [ -99.25763109, 19.31740802 ], [ -99.25747544, 19.31746163 ], [ -99.25743894, 19.317636219999986 ], [ -99.25744155, 19.317919589999988 ], [ -99.257696690000017, 19.31786379 ], [ -99.25778306, 19.317765100000017 ], [ -99.25791061, 19.31772591 ], [ -99.25809883, 19.317748230000017 ], [ -99.25815155, 19.31777934 ], [ -99.25812228, 19.317822450000016 ], [ -99.25797421, 19.31804054 ], [ -99.25796427, 19.318079310000023 ], [ -99.25792201, 19.318244190000016 ], [ -99.25791983, 19.31830344 ], [ -99.25791362, 19.318472709999988 ], [ -99.25792606, 19.318605470000023 ], [ -99.25793851, 19.31873823 ], [ -99.25794477, 19.318805040000015 ], [ -99.25795091, 19.31882245 ], [ -99.25799313, 19.31894208 ], [ -99.25816085, 19.319084690000011 ], [ -99.258251670000021, 19.31916191 ], [ -99.25826247, 19.319204519999982 ], [ -99.25830142, 19.3193583 ], [ -99.2582498, 19.31958287 ], [ -99.25822454, 19.319692759999988 ], [ -99.25817635, 19.319810400000044 ], [ -99.25812816, 19.31992804 ], [ -99.25814403, 19.32012886 ], [ -99.2581479, 19.320177850000018 ], [ -99.25808572, 19.320464749999971 ], [ -99.2580113, 19.32080812 ], [ -99.25798711, 19.320912040000014 ], [ -99.25800152, 19.321576130000022 ], [ -99.25809589, 19.32208782999998 ], [ -99.25814482, 19.32238233 ], [ -99.25803314, 19.322451699999984 ], [ -99.25792146, 19.32252107 ], [ -99.25764023, 19.322695759999984 ], [ -99.25747385, 19.322909700000018 ], [ -99.25737867, 19.32305846 ], [ -99.25733547, 19.32312662 ], [ -99.25725838, 19.32324828 ], [ -99.25713411, 19.32344438 ], [ -99.25710652, 19.323487929999985 ], [ -99.2569876, 19.32338198 ], [ -99.25675144, 19.323231259999972 ], [ -99.25636147, 19.32296617 ], [ -99.25610609, 19.322797250000029 ], [ -99.25584322, 19.323112740000038 ], [ -99.255687400000014, 19.323461930000018 ], [ -99.25567928, 19.32353226 ], [ -99.25547947, 19.32382683 ], [ -99.25533612, 19.32408575 ], [ -99.25532306, 19.32408129 ], [ -99.25526643, 19.32404525 ], [ -99.25511924, 19.32399576000002 ], [ -99.25509549, 19.32406374 ], [ -99.2550232, 19.32404154000001 ], [ -99.25498499, 19.324171829999983 ], [ -99.25497747, 19.32427812 ], [ -99.25503909, 19.32438014 ], [ -99.25504248, 19.324443700000039 ], [ -99.25503612, 19.324589580000012 ], [ -99.25512836, 19.324620699999983 ], [ -99.25517887, 19.324630010000021 ], [ -99.25524363, 19.32463513 ], [ -99.25525775, 19.324538209999982 ], [ -99.25546963, 19.32457334 ], [ -99.2553923, 19.324954790000024 ], [ -99.25538195, 19.32499248 ] ] ] } },
{ "type": "Feature", "properties": { "COLONIA": "LAS HUERTAS", "DEMARCACIO": "LA MAGDALENA CONTRERAS", "total_manzanas": 2, "manzanas_prioritarias": 1, "ln_total": 603, "ln_prioritaria": 562, "secciones": "3092", "pct_cobertura": 50.0 }, "geometry": { "type": "Polygon", "coordinates": [ [ [ -99.23532755, 19.29582331000001 ], [ -99.23591618, 19.295566430000026 ], [ -99.23632387, 19.295423760000027 ], [ -99.23667091, 19.2953512 ], [ -99.23702876, 19.295251859999972 ], [ -99.23721742, 19.295179510000015 ], [ -99.23744723, 19.295059720000051 ], [ -99.23763363, 19.29492352 ], [ -99.23779553, 19.294759489999965 ], [ -99.23786108, 19.294676010000011 ], [ -99.23798234, 19.294508979999978 ], [ -99.23803241, 19.294450909999973 ], [ -99.23805697, 19.294470260000026 ], [ -99.23808153, 19.29448961 ], [ -99.23813637, 19.294532820000018 ], [ -99.23845353, 19.294662790000014 ], [ -99.23862046, 19.2946828 ], [ -99.23874817, 19.29462196 ], [ -99.239121, 19.294564129999973 ], [ -99.23922035, 19.29450668 ], [ -99.2393823, 19.29451076 ], [ -99.23954618, 19.294421980000024 ], [ -99.2397055, 19.294397140000015 ], [ -99.24000833, 19.294249390000036 ], [ -99.2401727, 19.294082280000026 ], [ -99.24017583, 19.29419838 ], [ -99.24030657, 19.29437455999998 ], [ -99.23971846, 19.29460489 ], [ -99.23965413, 19.294600900000027 ], [ -99.23951222, 19.294658929999976 ], [ -99.23928994, 19.29477711 ], [ -99.23878848, 19.29500863 ], [ -99.238633480000018, 19.29514637 ], [ -99.23843748, 19.2955494 ], [ -99.23831749, 19.296015499999985 ], [ -99.23828315, 19.29614887 ], [ -99.23833909, 19.296250810000011 ], [ -99.23828818, 19.29621546 ], [ -99.23823726000002, 19.296180110000023 ], [ -99.23813573, 19.29630902 ], [ -99.23793323, 19.296449260000013 ], [ -99.23791217, 19.29646385 ], [ -99.237708790000013, 19.296509180000037 ], [ -99.23764349, 19.296519530000033 ], [ -99.23672572, 19.296664989999975 ], [ -99.2360065, 19.296574529999976 ], [ -99.23586432, 19.29655665 ], [ -99.23559056, 19.29656111 ], [ -99.23546362, 19.296234189999989 ], [ -99.23534613, 19.29593203 ], [ -99.23532755, 19.29582331000001 ] ] ] } },
{ "type": "Feature", "properties": { "COLONIA": "LAS PALMAS", "DEMARCACIO": "LA MAGDALENA CONTRERAS", "total_manzanas": 19, "manzanas_prioritarias": 6, "ln_total": 2421, "ln_prioritaria": 1313, "secciones": "3043, 3044, 3045, 3113", "pct_cobertura": 31.6 }, "geometry": { "type": "Polygon", "coordinates": [ [ [ -99.25256585, 19.31369184 ], [ -99.25255403, 19.31371905 ], [ -99.25207292, 19.31396334 ], [ -99.25185619, 19.31423778000001 ], [ -99.25164141, 19.31436627 ], [ -99.25139495, 19.3145137 ], [ -99.251217980000021, 19.314619580000024 ], [ -99.25117115, 19.314647589999989 ], [ -99.251133970000012, 19.31465359 ], [ -99.25078323, 19.314710170000026 ], [ -99.25063294, 19.314734409999961 ], [ -99.25058746000002, 19.31473618 ], [ -99.25053191, 19.31473835 ], [ -99.2503598, 19.31474505000002 ], [ -99.250060640000015, 19.31475671 ], [ -99.24996314, 19.31475494 ], [ -99.24986564, 19.314753159999981 ], [ -99.24967511, 19.314749700000011 ], [ -99.24951095, 19.31474671 ], [ -99.249108620000015, 19.31474995 ], [ -99.24870629, 19.314753189999976 ], [ -99.24856981, 19.314435960000015 ], [ -99.24828631, 19.31432875 ], [ -99.24821592, 19.31449142 ], [ -99.24815794, 19.31462541 ], [ -99.24809996, 19.314759390000013 ], [ -99.24804697, 19.314863970000022 ], [ -99.24797704, 19.31500201 ], [ -99.24794176, 19.31507164 ], [ -99.24779891, 19.315238619999985 ], [ -99.24758573, 19.31518757 ], [ -99.24755208, 19.315189330000013 ], [ -99.2471281, 19.315211470000023 ], [ -99.24686046, 19.315073549999983 ], [ -99.24661334, 19.3149462 ], [ -99.2465312, 19.31490388 ], [ -99.24621207, 19.314739419999988 ], [ -99.24725117, 19.31420986 ], [ -99.24731535, 19.31417716 ], [ -99.24825266, 19.31377178 ], [ -99.24836659, 19.31367062 ], [ -99.24919139, 19.31327844 ], [ -99.24940374, 19.313181310000012 ], [ -99.2496161, 19.313084179999954 ], [ -99.24964999, 19.3130142 ], [ -99.24980289, 19.312949429999989 ], [ -99.250103, 19.312798380000014 ], [ -99.2503401, 19.31267905 ], [ -99.2504031, 19.312647340000037 ], [ -99.25063527, 19.312544800000015 ], [ -99.25069475, 19.31252858 ], [ -99.25072449, 19.31252047 ], [ -99.25075422, 19.31251236000001 ], [ -99.2507309, 19.312194620000017 ], [ -99.25087314, 19.312179649999958 ], [ -99.25110628, 19.312126270000011 ], [ -99.25111375, 19.3122918 ], [ -99.25121105, 19.312250179999964 ], [ -99.25155601, 19.31210262000004 ], [ -99.25159602, 19.31205955 ], [ -99.25163603, 19.312016490000019 ], [ -99.25169562, 19.311983739999981 ], [ -99.25181707, 19.31191699 ], [ -99.25221512, 19.311706679999975 ], [ -99.25279877, 19.311290369999952 ], [ -99.25294654, 19.311171390000023 ], [ -99.25327209, 19.31090926 ], [ -99.2532755, 19.310859630000014 ], [ -99.25354246, 19.31114727 ], [ -99.25366338, 19.311212640000026 ], [ -99.25395145, 19.31136839 ], [ -99.25369478, 19.31149068 ], [ -99.25300016, 19.31181083 ], [ -99.25285344, 19.31187845 ], [ -99.25280223, 19.31190206 ], [ -99.25267973, 19.311968740000015 ], [ -99.25265666, 19.31215167 ], [ -99.25269344, 19.31248153000001 ], [ -99.25279274, 19.312852740000018 ], [ -99.25283446, 19.31293428 ], [ -99.25283521, 19.31304688 ], [ -99.25246464, 19.31348067 ], [ -99.25227731, 19.313699950000029 ], [ -99.25256585, 19.31369184 ] ] ] } },
{ "type": "Feature", "properties": { "COLONIA": "LOMAS DE SAN BERNABE", "DEMARCACIO": "LA MAGDALENA CONTRERAS", "total_manzanas": 26, "manzanas_prioritarias": 6, "ln_total": 7082, "ln_prioritaria": 4988, "secciones": "3040, 3041, 3070, 3071", "pct_cobertura": 23.1 }, "geometry": { "type": "Polygon", "coordinates": [ [ [ -99.26624298, 19.31123054 ], [ -99.26627002, 19.311224660000015 ], [ -99.26624529, 19.311557040000025 ], [ -99.26624357, 19.31166291 ], [ -99.26610654, 19.31191974 ], [ -99.26607609, 19.312103489999981 ], [ -99.26618722, 19.312271549999984 ], [ -99.26597564, 19.31268471 ], [ -99.26584707, 19.313205860000011 ], [ -99.26565534, 19.31375727 ], [ -99.2655904, 19.31385626 ], [ -99.26542541, 19.31410774 ], [ -99.26516616, 19.314471660000031 ], [ -99.26505398, 19.31462912 ], [ -99.26498845, 19.314721110000018 ], [ -99.26490792, 19.314812409999981 ], [ -99.26482739, 19.3149037 ], [ -99.2647489, 19.31497451000002 ], [ -99.26470831, 19.31501113000002 ], [ -99.26468162, 19.315035210000012 ], [ -99.26448986, 19.31523974000001 ], [ -99.2638377, 19.31581694000003 ], [ -99.26376559, 19.31587237 ], [ -99.263274440000018, 19.316267190000033 ], [ -99.26315133, 19.31636616 ], [ -99.26313298, 19.31638462999998 ], [ -99.26310294, 19.31641486 ], [ -99.2630729, 19.31644508999997 ], [ -99.263012820000014, 19.316505550000013 ], [ -99.26276232, 19.31675765 ], [ -99.26270353, 19.31676508000001 ], [ -99.26222503, 19.317036719999972 ], [ -99.26214389, 19.31708278000001 ], [ -99.26191178, 19.31714112 ], [ -99.26171731, 19.31719001 ], [ -99.261966390000012, 19.31679802 ], [ -99.26182273, 19.31650369 ], [ -99.261693550000018, 19.31629184 ], [ -99.26149394, 19.316171310000044 ], [ -99.26125772, 19.31577857 ], [ -99.26119959, 19.3153758 ], [ -99.26101754, 19.315409139999982 ], [ -99.26098026, 19.315099699999955 ], [ -99.26087755, 19.31497316 ], [ -99.26106717, 19.31433751 ], [ -99.26115202, 19.31386346 ], [ -99.26117614, 19.31372871 ], [ -99.26115688, 19.31325236 ], [ -99.26107806, 19.31296726 ], [ -99.26097635, 19.312666700000023 ], [ -99.26089901, 19.31262858000002 ], [ -99.2601694, 19.312339560000023 ], [ -99.26022163, 19.312264580000022 ], [ -99.260655540000016, 19.31180046 ], [ -99.26077123, 19.31167672 ], [ -99.26091521, 19.3115207 ], [ -99.26117069, 19.311243860000033 ], [ -99.2611884, 19.311224660000015 ], [ -99.26136166, 19.31103717 ], [ -99.261399380000015, 19.310996349999979 ], [ -99.26160421, 19.310887240000021 ], [ -99.26172746, 19.31081817 ], [ -99.2618507, 19.310749099999988 ], [ -99.26231101, 19.310462550000025 ], [ -99.26241499, 19.31037295000003 ], [ -99.26261534, 19.310200330000011 ], [ -99.26283247, 19.309946009999983 ], [ -99.26293039, 19.309831320000043 ], [ -99.26303459, 19.309723549999983 ], [ -99.26305372, 19.309703759999987 ], [ -99.26334318, 19.309404390000012 ], [ -99.26357798, 19.30916154 ], [ -99.26372113, 19.30901348 ], [ -99.26379954, 19.308932389999985 ], [ -99.26401615, 19.308749900000013 ], [ -99.26405431, 19.308706750000013 ], [ -99.26409246, 19.308663600000028 ], [ -99.26421471, 19.308525339999978 ], [ -99.26441587, 19.30829785 ], [ -99.26451628, 19.30817318 ], [ -99.26473587, 19.307900549999989 ], [ -99.26484472, 19.3077654 ], [ -99.26488212, 19.307718970000032 ], [ -99.26494708, 19.30764774 ], [ -99.26498812, 19.307602719999984 ], [ -99.26515694, 19.30741759 ], [ -99.265184840000018, 19.30738792 ], [ -99.26528486, 19.30728159 ], [ -99.26571575, 19.306823469999987 ], [ -99.26575877, 19.30701512 ], [ -99.26581787, 19.307278390000015 ], [ -99.26587179, 19.30751861 ], [ -99.26590503, 19.30766667 ], [ -99.2659502, 19.307867909999963 ], [ -99.266133610000011, 19.308419979999986 ], [ -99.26636727, 19.30912852000003 ], [ -99.26645757, 19.3094323 ], [ -99.26659111, 19.30988156 ], [ -99.26658797, 19.31004838 ], [ -99.26658378, 19.310270590000016 ], [ -99.26654238, 19.31032103 ], [ -99.26650917, 19.31066648 ], [ -99.26646628, 19.310773020000031 ], [ -99.26644463, 19.3108268 ], [ -99.26643175, 19.3108588 ], [ -99.26638603, 19.3109724 ], [ -99.26636815, 19.311004660000012 ], [ -99.26633758, 19.311059819999961 ], [ -99.2663145, 19.31110147 ], [ -99.26624298, 19.31123054 ] ] ] } },
{ "type": "Feature", "properties": { "COLONIA": "LOMAS DE SAN BERNABE (AMPL)", "DEMARCACIO": "LA MAGDALENA CONTRERAS", "total_manzanas": 21, "manzanas_prioritarias": 5, "ln_total": 3383, "ln_prioritaria": 2055, "secciones": "3099, 3109", "pct_cobertura": 23.8 }, "geometry": { "type": "Polygon", "coordinates": [ [ [ -99.26624298, 19.31123054 ], [ -99.2663145, 19.31110147 ], [ -99.26633758, 19.311059819999961 ], [ -99.26636815, 19.311004660000012 ], [ -99.26638603, 19.3109724 ], [ -99.26643175, 19.3108588 ], [ -99.26644463, 19.3108268 ], [ -99.26646628, 19.310773020000031 ], [ -99.26650917, 19.31066648 ], [ -99.26654238, 19.31032103 ], [ -99.26658378, 19.310270590000016 ], [ -99.26658797, 19.31004838 ], [ -99.26659111, 19.30988156 ], [ -99.26645757, 19.3094323 ], [ -99.26636727, 19.30912852000003 ], [ -99.266133610000011, 19.308419979999986 ], [ -99.2659502, 19.307867909999963 ], [ -99.26590503, 19.30766667 ], [ -99.26587179, 19.30751861 ], [ -99.26581787, 19.307278390000015 ], [ -99.26575877, 19.30701512 ], [ -99.26571575, 19.306823469999987 ], [ -99.26578089, 19.30673483 ], [ -99.26615633, 19.30645472 ], [ -99.26633023, 19.306324980000014 ], [ -99.266387, 19.30628262 ], [ -99.26655181, 19.306179400000016 ], [ -99.26691182, 19.305953909999985 ], [ -99.26698673, 19.305906990000032 ], [ -99.26724033, 19.305767959999979 ], [ -99.26749393, 19.30562894 ], [ -99.26758381, 19.30558239 ], [ -99.26796095, 19.305387070000013 ], [ -99.2684528, 19.305132339999982 ], [ -99.26911321, 19.304744439999979 ], [ -99.26939757, 19.30461859 ], [ -99.26957535, 19.304579730000015 ], [ -99.26981023, 19.304466659999985 ], [ -99.269877310000012, 19.304434370000017 ], [ -99.2700065, 19.30437218 ], [ -99.27007801, 19.30433776 ], [ -99.27051967, 19.304081409999988 ], [ -99.27075359, 19.30381735 ], [ -99.27079355, 19.303772239999969 ], [ -99.27082692, 19.30373204 ], [ -99.27086029, 19.30369185 ], [ -99.27131082, 19.30314912 ], [ -99.27137309, 19.303098849999984 ], [ -99.2715694, 19.302940399999986 ], [ -99.271855230000014, 19.30270968 ], [ -99.271791330000013, 19.302701900000031 ], [ -99.27172943, 19.302694540000022 ], [ -99.27208146000001, 19.30245976 ], [ -99.27330509, 19.302416069999989 ], [ -99.27374889, 19.302492709999985 ], [ -99.27472076, 19.303294639999965 ], [ -99.27478569, 19.30496039999997 ], [ -99.27511195, 19.306530719999987 ], [ -99.275124330000011, 19.3065903 ], [ -99.278214590000019, 19.30408454 ], [ -99.27878812, 19.315802269999974 ], [ -99.27813185, 19.31743544 ], [ -99.27768813, 19.31768094000002 ], [ -99.27655371, 19.31730905 ], [ -99.27595325, 19.316916280000033 ], [ -99.27494909, 19.31649277 ], [ -99.2746063, 19.3163482 ], [ -99.27452002, 19.315758869999978 ], [ -99.2743518, 19.315517 ], [ -99.27431492, 19.31546397 ], [ -99.27418952, 19.31477609000002 ], [ -99.27375424, 19.31452117 ], [ -99.27361395, 19.31421175 ], [ -99.27356719, 19.31410861 ], [ -99.27286223, 19.3135592 ], [ -99.27277878, 19.313185799999985 ], [ -99.272135750000018, 19.31251835 ], [ -99.2715763, 19.31230293 ], [ -99.27131075, 19.311369510000013 ], [ -99.27112943, 19.31129115 ], [ -99.2709069, 19.311330800000011 ], [ -99.27083447, 19.311360389999987 ], [ -99.27076205, 19.31138999 ], [ -99.27066406, 19.31146775 ], [ -99.27048287, 19.311611569999986 ], [ -99.27028084, 19.31153323 ], [ -99.2701693, 19.31152987 ], [ -99.27012553, 19.311528549999963 ], [ -99.269913480000014, 19.31164681 ], [ -99.26948409, 19.31181947 ], [ -99.26928747, 19.311878739999962 ], [ -99.26919449, 19.31200174 ], [ -99.268988010000015, 19.31236083 ], [ -99.26886375, 19.312351180000025 ], [ -99.2686721, 19.31228266 ], [ -99.26859952, 19.31222133 ], [ -99.26854754, 19.31209116 ], [ -99.26847995, 19.311909410000023 ], [ -99.26699461, 19.31215242 ], [ -99.26682257, 19.311410529999982 ], [ -99.26675532, 19.31144012 ], [ -99.26664675, 19.31152875 ], [ -99.26655889, 19.311617340000016 ], [ -99.26653342, 19.31187295 ], [ -99.26648709, 19.31203029 ], [ -99.26653923, 19.31226121 ], [ -99.26639426, 19.31225158999997 ], [ -99.266290740000017, 19.31226157 ], [ -99.26618722, 19.312271549999984 ], [ -99.26607609, 19.312103489999981 ], [ -99.26610654, 19.31191974 ], [ -99.26624357, 19.31166291 ], [ -99.26624529, 19.311557040000025 ], [ -99.26627002, 19.311224660000015 ], [ -99.26624298, 19.31123054 ] ] ] } },
{ "type": "Feature", "properties": { "COLONIA": "LOMAS QUEBRADAS", "DEMARCACIO": "LA MAGDALENA CONTRERAS", "total_manzanas": 26, "manzanas_prioritarias": 8, "ln_total": 3816, "ln_prioritaria": 2230, "secciones": "3023, 3026, 3027, 3034, 3035, 3047, 3048", "pct_cobertura": 30.8 }, "geometry": { "type": "Polygon", "coordinates": [ [ [ -99.23937442, 19.31934956000002 ], [ -99.23928323, 19.319361770000011 ], [ -99.23888845, 19.31908573 ], [ -99.23820204, 19.318593090000014 ], [ -99.2381118, 19.318527759999981 ], [ -99.23789697, 19.318372240000027 ], [ -99.23767605, 19.318208610000028 ], [ -99.236824720000016, 19.317578019999981 ], [ -99.23676625, 19.317546320000019 ], [ -99.23677407000001, 19.31748816 ], [ -99.23670355, 19.317437720000012 ], [ -99.2362548, 19.31711677 ], [ -99.23598903, 19.31692358 ], [ -99.235914920000013, 19.3168697 ], [ -99.23546794, 19.316582600000014 ], [ -99.23540516, 19.31654227 ], [ -99.23504717, 19.316352790000014 ], [ -99.23488887, 19.31626469 ], [ -99.23479307, 19.31623906 ], [ -99.23473273, 19.31622561 ], [ -99.23492443, 19.315992810000019 ], [ -99.23509977, 19.31594643 ], [ -99.23532745, 19.315898279999978 ], [ -99.23541762, 19.315894810000014 ], [ -99.2355078, 19.315891340000011 ], [ -99.23607164, 19.315723890000029 ], [ -99.23616442, 19.31569633 ], [ -99.23621081, 19.31568256000002 ], [ -99.23625721, 19.31566878 ], [ -99.23639494, 19.31553766 ], [ -99.236455820000018, 19.315449449999988 ], [ -99.23651669, 19.315361240000016 ], [ -99.23674904, 19.31530466 ], [ -99.2371652, 19.315228770000012 ], [ -99.23734089, 19.315040609999979 ], [ -99.23769253, 19.314841770000015 ], [ -99.23784068, 19.31469888 ], [ -99.23813619, 19.31441385 ], [ -99.23849056, 19.31416995 ], [ -99.23888408, 19.313899089999975 ], [ -99.23924696, 19.313612010000014 ], [ -99.23931893, 19.31341073 ], [ -99.23949755, 19.313253770000038 ], [ -99.23964136, 19.313166969999962 ], [ -99.24008163, 19.31295725 ], [ -99.24020225, 19.312880679999985 ], [ -99.240322870000014, 19.3128041 ], [ -99.24056412, 19.31265095 ], [ -99.24071634, 19.312457699999989 ], [ -99.240760490000014, 19.31238562 ], [ -99.24101217, 19.31197469 ], [ -99.24114379, 19.311638099999989 ], [ -99.24132338, 19.31171244 ], [ -99.24158196, 19.31154172 ], [ -99.24170107, 19.311465090000013 ], [ -99.24221981, 19.311131320000023 ], [ -99.24272055, 19.310942559999987 ], [ -99.24297904, 19.311387290000024 ], [ -99.24328651, 19.311747979999989 ], [ -99.24323063, 19.31179485 ], [ -99.2429913, 19.31199558 ], [ -99.24276145, 19.31217603 ], [ -99.242991610000018, 19.312439680000036 ], [ -99.24360776, 19.3131455 ], [ -99.24394787, 19.31351099 ], [ -99.24405458, 19.313646319999975 ], [ -99.24410951, 19.31371597 ], [ -99.24419194, 19.31382049 ], [ -99.24434044, 19.31400881 ], [ -99.24443519, 19.314128960000012 ], [ -99.24445821, 19.314181209999987 ], [ -99.2446845, 19.31412654 ], [ -99.244714730000013, 19.314119239999989 ], [ -99.24474496, 19.31411193000001 ], [ -99.24480543, 19.31409732 ], [ -99.24531468, 19.313944620000026 ], [ -99.24537725, 19.31392586 ], [ -99.24558967, 19.31387902 ], [ -99.24573658, 19.313746919999986 ], [ -99.24593243, 19.31355269 ], [ -99.24593966, 19.31352906 ], [ -99.24596889, 19.313433520000043 ], [ -99.24597284, 19.31325004 ], [ -99.24617599, 19.31321669 ], [ -99.2462588, 19.31320310000001 ], [ -99.24629966, 19.313203040000023 ], [ -99.24634053, 19.31320299 ], [ -99.24624472, 19.31359025 ], [ -99.24621223, 19.313721610000012 ], [ -99.24616142, 19.31392698 ], [ -99.24602372, 19.31448363 ], [ -99.24597488, 19.31461559 ], [ -99.24621207, 19.314739419999988 ], [ -99.24555401, 19.315069529999985 ], [ -99.24543826, 19.315121299999959 ], [ -99.24520804, 19.31522427 ], [ -99.24516064, 19.31524487 ], [ -99.24460562, 19.31553835 ], [ -99.24397103, 19.315837980000026 ], [ -99.2435713, 19.316026710000035 ], [ -99.24333643, 19.3161376 ], [ -99.24333056, 19.316300049999967 ], [ -99.2432479, 19.31675247999998 ], [ -99.24321085, 19.31684712 ], [ -99.24292132, 19.31673128 ], [ -99.24252554, 19.316566140000038 ], [ -99.24240459, 19.316515679999984 ], [ -99.242289140000011, 19.316478640000032 ], [ -99.24218832, 19.31647416 ], [ -99.24212883, 19.31644484 ], [ -99.24199283, 19.316276770000041 ], [ -99.24191032, 19.31620969 ], [ -99.24165036, 19.31644240000001 ], [ -99.24149935, 19.316789309999969 ], [ -99.24143722, 19.316982550000013 ], [ -99.2413751, 19.3171758 ], [ -99.24135611, 19.317242259999958 ], [ -99.2413023, 19.317534630000015 ], [ -99.24128303, 19.317580980000038 ], [ -99.241221, 19.317730220000012 ], [ -99.2411467, 19.317880559999985 ], [ -99.24112175, 19.317931050000016 ], [ -99.24100727, 19.31794932 ], [ -99.24082493, 19.31787459 ], [ -99.24049890000002, 19.318096329999985 ], [ -99.24019969, 19.3181678 ], [ -99.2398891, 19.318487320000013 ], [ -99.23987399, 19.318502870000042 ], [ -99.2395052, 19.318709909999978 ], [ -99.23957152, 19.31889793000002 ], [ -99.239463330000021, 19.31924376 ], [ -99.23937442, 19.31934956000002 ] ] ] } },
{ "type": "Feature", "properties": { "COLONIA": "LOS PADRES", "DEMARCACIO": "LA MAGDALENA CONTRERAS", "total_manzanas": 38, "manzanas_prioritarias": 15, "ln_total": 6087, "ln_prioritaria": 3998, "secciones": "3013, 3019, 3021, 3022, 3100, 3114", "pct_cobertura": 39.5 }, "geometry": { "type": "Polygon", "coordinates": [ [ [ -99.24976572, 19.318480259999969 ], [ -99.24975414, 19.31847083 ], [ -99.24973877, 19.31845822 ], [ -99.24967853, 19.318403310000011 ], [ -99.24960465, 19.3181623 ], [ -99.2495621, 19.318016420000017 ], [ -99.249499630000017, 19.318051270000016 ], [ -99.24910313, 19.318263329999976 ], [ -99.24904567, 19.31829637 ], [ -99.24857478, 19.31861812 ], [ -99.24847506, 19.31859344 ], [ -99.24834776, 19.318536189999985 ], [ -99.24827686, 19.318560869999967 ], [ -99.248027640000018, 19.318533369999987 ], [ -99.24784825, 19.31864494 ], [ -99.24774189, 19.31858594 ], [ -99.24748245, 19.31907682 ], [ -99.24755044, 19.319314249999977 ], [ -99.24792769, 19.32013091 ], [ -99.24822727, 19.320513279999975 ], [ -99.24846131, 19.32022938 ], [ -99.24865622, 19.32041109 ], [ -99.24879676, 19.320492359999985 ], [ -99.24896032, 19.32032181 ], [ -99.25004498, 19.32053509 ], [ -99.25046667, 19.32082334 ], [ -99.2505293, 19.320963970000044 ], [ -99.25058529, 19.321874809999965 ], [ -99.25064002, 19.32195620000002 ], [ -99.25059409, 19.32252651 ], [ -99.25046406, 19.32271868 ], [ -99.25043789, 19.322737539999956 ], [ -99.25022781, 19.32270356 ], [ -99.25023867, 19.32266283 ], [ -99.25031918, 19.32236073 ], [ -99.25008849, 19.32232422 ], [ -99.25003871, 19.322316339999965 ], [ -99.24998894, 19.32230846 ], [ -99.24996795, 19.32230514 ], [ -99.24965409, 19.322308049999982 ], [ -99.24957415, 19.32230879 ], [ -99.249319590000013, 19.32230435 ], [ -99.24891122, 19.32229724 ], [ -99.24893777, 19.32264769 ], [ -99.2483475, 19.32269378 ], [ -99.24817461, 19.32272373 ], [ -99.24800173, 19.322753689999974 ], [ -99.24771855, 19.32279653 ], [ -99.24739963, 19.32286773 ], [ -99.24736328, 19.322488490000012 ], [ -99.24719037, 19.32250005 ], [ -99.24717322, 19.32299257 ], [ -99.2464062, 19.323262870000036 ], [ -99.24619957, 19.322663980000012 ], [ -99.2461924, 19.322643219999982 ], [ -99.246186740000013, 19.322614810000037 ], [ -99.24616767, 19.32251923 ], [ -99.2460756, 19.32205775 ], [ -99.24600326, 19.321695139999967 ], [ -99.24599588, 19.32166857 ], [ -99.24596725, 19.32156555 ], [ -99.24591875, 19.32139103 ], [ -99.24588756, 19.321278770000013 ], [ -99.245865260000016, 19.32119854 ], [ -99.24567972, 19.320530839999975 ], [ -99.24563633, 19.320417549999981 ], [ -99.24552442, 19.320125340000011 ], [ -99.24533295, 19.319625370000015 ], [ -99.24528262, 19.319493940000012 ], [ -99.24521566, 19.31940284 ], [ -99.24539515, 19.31925271 ], [ -99.24574167, 19.31896152 ], [ -99.24600988, 19.31872033 ], [ -99.246079, 19.318657820000027 ], [ -99.24630252, 19.3184948 ], [ -99.24633591, 19.318470450000042 ], [ -99.24636929, 19.31844611 ], [ -99.2464627, 19.318377980000022 ], [ -99.24678004, 19.318146920000018 ], [ -99.24701784, 19.317973769999981 ], [ -99.24724784, 19.31781877 ], [ -99.24739818, 19.317717460000015 ], [ -99.24754852, 19.317616149999985 ], [ -99.24760232, 19.31758412 ], [ -99.247809820000015, 19.31746061 ], [ -99.24802885, 19.317370840000027 ], [ -99.248245060000016, 19.317314710000016 ], [ -99.24831902, 19.317295499999982 ], [ -99.24844056, 19.317263950000015 ], [ -99.248562100000015, 19.317232399999984 ], [ -99.24865046, 19.317209459999987 ], [ -99.24868617, 19.31720018 ], [ -99.24913906, 19.3170826 ], [ -99.2492317, 19.31705855 ], [ -99.24939471, 19.316996390000021 ], [ -99.24967759, 19.3169193 ], [ -99.24991539, 19.31685437 ], [ -99.24998813, 19.316837239999977 ], [ -99.25002836, 19.316827759999988 ], [ -99.25054987, 19.31670492 ], [ -99.2513216, 19.316612360000029 ], [ -99.25155163, 19.316585650000022 ], [ -99.25177832, 19.31655885 ], [ -99.25180747, 19.31656253 ], [ -99.25222684, 19.31661552 ], [ -99.25226421, 19.316620249999978 ], [ -99.25246824, 19.316563140000021 ], [ -99.25256743, 19.316535370000011 ], [ -99.25282094, 19.316489850000011 ], [ -99.25306955, 19.31645345 ], [ -99.25319035, 19.316481479999965 ], [ -99.25326566, 19.31649895 ], [ -99.25318258, 19.316537119999985 ], [ -99.25298435, 19.316619189999972 ], [ -99.252862370000017, 19.31677914 ], [ -99.25270639, 19.31697529 ], [ -99.25259322, 19.31712044 ], [ -99.25231444, 19.31747801 ], [ -99.25227851, 19.317567459999978 ], [ -99.2522105, 19.317745850000012 ], [ -99.25185044, 19.317650410000027 ], [ -99.25192935, 19.317826200000013 ], [ -99.25185262, 19.317942490000011 ], [ -99.2516649, 19.31815346 ], [ -99.25164955000001, 19.31818858999997 ], [ -99.25157274, 19.318358440000051 ], [ -99.25152732, 19.31852486 ], [ -99.25130993, 19.31833475 ], [ -99.25094745, 19.318216649999986 ], [ -99.25088077, 19.318181160000034 ], [ -99.25080985, 19.318098230000025 ], [ -99.25079315, 19.318070580000018 ], [ -99.25030597, 19.31810683 ], [ -99.25009369, 19.31817038 ], [ -99.24981092, 19.3184396 ], [ -99.24976572, 19.318480259999969 ] ] ] } },
{ "type": "Feature", "properties": { "COLONIA": "PEDREGAL 2 (CONJ HAB)", "DEMARCACIO": "LA MAGDALENA CONTRERAS", "total_manzanas": 27, "manzanas_prioritarias": 6, "ln_total": 687, "ln_prioritaria": 230, "secciones": "3056, 3057", "pct_cobertura": 22.2 }, "geometry": { "type": "Polygon", "coordinates": [ [ [ -99.22866532, 19.308720319999985 ], [ -99.22793173, 19.309092799999984 ], [ -99.22773684, 19.308679360000024 ], [ -99.22760108, 19.30843914 ], [ -99.22745715, 19.308202219999984 ], [ -99.22779252, 19.307900030000013 ], [ -99.22772253, 19.30765034 ], [ -99.22762943, 19.3074668 ], [ -99.22746623, 19.307243279999977 ], [ -99.22738914, 19.3071166 ], [ -99.22753507, 19.306947090000026 ], [ -99.22891029, 19.306372140000018 ], [ -99.22922202, 19.30643271 ], [ -99.22967891, 19.30625013 ], [ -99.22976906, 19.30599677 ], [ -99.2298802, 19.305906650000047 ], [ -99.23017154, 19.306298789999975 ], [ -99.23038899, 19.306590660000015 ], [ -99.23046715, 19.306695570000013 ], [ -99.23064638, 19.30693614 ], [ -99.2307684, 19.30710834 ], [ -99.23095411, 19.307370439999985 ], [ -99.2304064, 19.307693469999982 ], [ -99.23027706, 19.307761109999987 ], [ -99.23003549, 19.30788743999998 ], [ -99.22974093, 19.30749329 ], [ -99.22959332, 19.307601239999986 ], [ -99.22968561, 19.307753609999988 ], [ -99.22907854, 19.308090690000057 ], [ -99.22922746, 19.308388780000012 ], [ -99.22914686, 19.308436319999988 ], [ -99.2288822, 19.308592409999985 ], [ -99.22866532, 19.308720319999985 ] ] ] } },
{ "type": "Feature", "properties": { "COLONIA": "PLAZUELA DEL PEDREGAL", "DEMARCACIO": "LA MAGDALENA CONTRERAS", "total_manzanas": 3, "manzanas_prioritarias": 2, "ln_total": 463, "ln_prioritaria": 299, "secciones": "3080, 3111", "pct_cobertura": 66.7 }, "geometry": { "type": "Polygon", "coordinates": [ [ [ -99.23262316, 19.302607340000026 ], [ -99.23260541, 19.302682690000012 ], [ -99.23254292, 19.30294793 ], [ -99.23254302, 19.303013219999972 ], [ -99.23254325, 19.30317566 ], [ -99.23254348, 19.30333901000003 ], [ -99.23280482, 19.3033405 ], [ -99.23288564, 19.303041870000023 ], [ -99.23300432000002, 19.303052449999988 ], [ -99.23316495, 19.303038199999985 ], [ -99.23338429, 19.303018730000026 ], [ -99.23368249, 19.302992270000011 ], [ -99.23370534, 19.302990239999971 ], [ -99.234190160000011, 19.30298439 ], [ -99.23418663, 19.303151490000037 ], [ -99.23418602, 19.30318038 ], [ -99.23356973, 19.30324657 ], [ -99.23321093, 19.303360640000022 ], [ -99.23303003, 19.30363627000002 ], [ -99.2330435, 19.30368749 ], [ -99.23306183, 19.303757250000015 ], [ -99.23306994, 19.3037881 ], [ -99.233067370000015, 19.304018910000011 ], [ -99.23306176, 19.304523839999987 ], [ -99.23300642, 19.304532670000015 ], [ -99.23230741, 19.30487657 ], [ -99.23216752, 19.30494539 ], [ -99.23195764, 19.30503202 ], [ -99.23164432, 19.305161340000016 ], [ -99.23128053, 19.30522356 ], [ -99.23105285, 19.304840210000016 ], [ -99.23124236, 19.30473607 ], [ -99.23130128, 19.30468933 ], [ -99.231345430000019, 19.30462393000002 ], [ -99.23139931, 19.30448853 ], [ -99.23144089, 19.304007040000034 ], [ -99.23147831, 19.30357372 ], [ -99.23149076, 19.3034254 ], [ -99.23149558, 19.303368040000013 ], [ -99.2315834, 19.302856149999972 ], [ -99.23170899, 19.302124089999985 ], [ -99.23178471, 19.301934149999973 ], [ -99.23198775, 19.301692030000027 ], [ -99.23207695, 19.301609349999968 ], [ -99.23227065, 19.30143856 ], [ -99.23268815, 19.301660619999989 ], [ -99.23302415, 19.30181598 ], [ -99.23277583, 19.302274960000013 ], [ -99.2327335, 19.30235319 ], [ -99.23264493, 19.30255719 ], [ -99.23262316, 19.302607340000026 ] ] ] } },
{ "type": "Feature", "properties": { "COLONIA": "POTRERILLO", "DEMARCACIO": "LA MAGDALENA CONTRERAS", "total_manzanas": 27, "manzanas_prioritarias": 8, "ln_total": 2943, "ln_prioritaria": 1783, "secciones": "3066, 3068, 3075, 3076, 3110, 3115", "pct_cobertura": 29.6 }, "geometry": { "type": "Polygon", "coordinates": [ [ [ -99.24925258, 19.30594728 ], [ -99.24941908, 19.305958660000012 ], [ -99.24943866, 19.30596018000001 ], [ -99.24943947, 19.30596018 ], [ -99.24949784, 19.30595973 ], [ -99.24954802, 19.30595935 ], [ -99.24958077, 19.3059587 ], [ -99.24958488, 19.30595857 ], [ -99.24959178, 19.30595822 ], [ -99.24963750000002, 19.30595588000002 ], [ -99.24968222, 19.305971979999985 ], [ -99.24973489, 19.30598905 ], [ -99.24975214, 19.30599517 ], [ -99.24984552, 19.30602826999997 ], [ -99.2498463, 19.306028539999968 ], [ -99.249872560000014, 19.30603535 ], [ -99.24987377, 19.30603567 ], [ -99.24990768, 19.306047839999987 ], [ -99.24992703, 19.306054769999989 ], [ -99.24996003, 19.306071570000015 ], [ -99.24999862, 19.30605624 ], [ -99.25011753, 19.305970549999987 ], [ -99.25024505, 19.305894779999985 ], [ -99.25027398, 19.305881429999971 ], [ -99.25030465, 19.30593240000001 ], [ -99.250517930000015, 19.30592426 ], [ -99.250691530000012, 19.30591931 ], [ -99.25074405, 19.305664929999988 ], [ -99.2507836, 19.305684739999975 ], [ -99.25101394, 19.30579965 ], [ -99.25102352, 19.30580759 ], [ -99.25121726, 19.30587464 ], [ -99.25136613, 19.30591525 ], [ -99.25148023, 19.30592922 ], [ -99.25156787, 19.305930670000013 ], [ -99.25178936, 19.305887980000026 ], [ -99.25193148, 19.305839120000027 ], [ -99.25197937, 19.305796659999974 ], [ -99.25213554, 19.30565759 ], [ -99.25226787, 19.305589439999977 ], [ -99.252454, 19.305582380000025 ], [ -99.25264745, 19.30568407 ], [ -99.25327729, 19.305574440000029 ], [ -99.253621080000016, 19.30567592 ], [ -99.25398631, 19.30575018000004 ], [ -99.25422534, 19.305782259999987 ], [ -99.25433718, 19.30579727 ], [ -99.25441729, 19.30580793 ], [ -99.254466960000016, 19.305797920000035 ], [ -99.25452894, 19.305782919999974 ], [ -99.25464385, 19.30578198 ], [ -99.25503327, 19.30588986 ], [ -99.25514632, 19.305904900000019 ], [ -99.25527503, 19.30609696 ], [ -99.25545119, 19.306252539999988 ], [ -99.25558474, 19.30633296 ], [ -99.25571829, 19.306413390000014 ], [ -99.25573647, 19.30642786 ], [ -99.2559055, 19.30656241 ], [ -99.25607453, 19.30669695 ], [ -99.25646422, 19.306956689999986 ], [ -99.25664927, 19.30708002 ], [ -99.25670186, 19.30710298 ], [ -99.25672816, 19.307114460000012 ], [ -99.25685966, 19.30717185 ], [ -99.25689028, 19.30721 ], [ -99.2570136, 19.307363570000046 ], [ -99.25718371, 19.30755527 ], [ -99.25765005, 19.307614299999983 ], [ -99.25790355, 19.307646380000033 ], [ -99.257742470000011, 19.30806119 ], [ -99.25686072, 19.30785514 ], [ -99.25655468, 19.307712780000013 ], [ -99.2565266, 19.30769972 ], [ -99.25640899, 19.307645010000023 ], [ -99.25636709, 19.30762551 ], [ -99.25631021, 19.30762389 ], [ -99.25627825, 19.307622970000018 ], [ -99.25578994, 19.307608980000051 ], [ -99.25469414, 19.30756998 ], [ -99.25468675, 19.30763066 ], [ -99.25457481, 19.307793390000015 ], [ -99.25442867, 19.30795202 ], [ -99.25433231, 19.308056600000029 ], [ -99.25420631, 19.308036209999987 ], [ -99.25402626, 19.308010790000029 ], [ -99.25383709, 19.30797614 ], [ -99.25364282, 19.307969420000017 ], [ -99.25354038, 19.307956709999981 ], [ -99.25343394, 19.307874719999987 ], [ -99.25342545, 19.30787471 ], [ -99.2530733, 19.307874409999989 ], [ -99.2528553, 19.30792144 ], [ -99.25285622, 19.307969780000022 ], [ -99.25261511, 19.307933949999981 ], [ -99.25208585, 19.30775927 ], [ -99.25190887, 19.307848179999986 ], [ -99.251253330000011, 19.307558729999982 ], [ -99.25122787, 19.307558449999984 ], [ -99.25071941, 19.307552899999987 ], [ -99.25071137, 19.30744815 ], [ -99.25041213, 19.307425529999986 ], [ -99.25037958, 19.30728738 ], [ -99.2501531, 19.3072493 ], [ -99.250039760000021, 19.307165010000016 ], [ -99.24989136, 19.30713422 ], [ -99.24963531, 19.307081110000023 ], [ -99.24958268, 19.30703512 ], [ -99.24953005, 19.30698912 ], [ -99.24940652, 19.30694069 ], [ -99.24919831, 19.306859060000011 ], [ -99.24870503, 19.30685206 ], [ -99.24859182, 19.30685220999996 ], [ -99.24847861, 19.30685236 ], [ -99.24814718, 19.306929589999967 ], [ -99.2479206, 19.306822409999967 ], [ -99.24789441, 19.306759050000032 ], [ -99.24786823, 19.306695680000022 ], [ -99.24837933, 19.3062744 ], [ -99.24871217, 19.306119850000027 ], [ -99.24872839, 19.30611232000004 ], [ -99.24890692, 19.3060017 ], [ -99.2490548, 19.305964039999974 ], [ -99.24925258, 19.30594728 ] ] ] } },
{ "type": "Feature", "properties": { "COLONIA": "POTRERILLO (AMPL)", "DEMARCACIO": "LA MAGDALENA CONTRERAS", "total_manzanas": 8, "manzanas_prioritarias": 3, "ln_total": 1850, "ln_prioritaria": 1013, "secciones": "3068, 3074", "pct_cobertura": 37.5 }, "geometry": { "type": "Polygon", "coordinates": [ [ [ -99.2589854, 19.309501359999981 ], [ -99.25884705, 19.30944868 ], [ -99.25873698, 19.30947427 ], [ -99.25860922, 19.309612909999984 ], [ -99.25851129, 19.30979389 ], [ -99.25846846, 19.31014105 ], [ -99.25837228, 19.31035356 ], [ -99.25828012, 19.310418680000044 ], [ -99.25814027, 19.31043583000001 ], [ -99.258033040000015, 19.3103823 ], [ -99.25795549, 19.31027503000001 ], [ -99.25788635, 19.309839980000028 ], [ -99.25787718, 19.309681760000025 ], [ -99.25790672, 19.30954326 ], [ -99.25815308, 19.309187180000034 ], [ -99.258251210000012, 19.30906241000001 ], [ -99.2582659, 19.308940890000017 ], [ -99.25823299, 19.30883356 ], [ -99.25818228, 19.30876017 ], [ -99.25805124, 19.308706670000031 ], [ -99.25797456, 19.30869842 ], [ -99.25762005, 19.3089305 ], [ -99.25746231, 19.308933549999967 ], [ -99.25698301, 19.3088438 ], [ -99.25639649, 19.308714649999978 ], [ -99.25626242, 19.308621589999984 ], [ -99.25619676, 19.308503010000013 ], [ -99.25630904, 19.3079801 ], [ -99.25636227, 19.307762460000017 ], [ -99.25631021, 19.30762389 ], [ -99.25636709, 19.30762551 ], [ -99.2565266, 19.30769972 ], [ -99.25655468, 19.307712780000013 ], [ -99.25686072, 19.30785514 ], [ -99.257742470000011, 19.30806119 ], [ -99.25790355, 19.307646380000033 ], [ -99.25765005, 19.307614299999983 ], [ -99.25718371, 19.30755527 ], [ -99.2570136, 19.307363570000046 ], [ -99.25689028, 19.30721 ], [ -99.25685966, 19.30717185 ], [ -99.25672816, 19.307114460000012 ], [ -99.25670186, 19.30710298 ], [ -99.25664927, 19.30708002 ], [ -99.25646422, 19.306956689999986 ], [ -99.25607453, 19.30669695 ], [ -99.2559055, 19.30656241 ], [ -99.25573647, 19.30642786 ], [ -99.25571829, 19.306413390000014 ], [ -99.25558474, 19.30633296 ], [ -99.25545119, 19.306252539999988 ], [ -99.25527503, 19.30609696 ], [ -99.2558185, 19.306294080000033 ], [ -99.25646103, 19.306527140000011 ], [ -99.25662019, 19.30658486 ], [ -99.25663696, 19.306585869999985 ], [ -99.256995450000019, 19.30660747 ], [ -99.2572429, 19.30662238 ], [ -99.25752493, 19.306553810000011 ], [ -99.25785084, 19.306383029999985 ], [ -99.25844665, 19.30619662 ], [ -99.258575160000021, 19.306156420000022 ], [ -99.2588657, 19.30614475 ], [ -99.26010855, 19.30611272999997 ], [ -99.26149987, 19.3060769 ], [ -99.26151491, 19.30615054 ], [ -99.26153154, 19.306231989999983 ], [ -99.2615711, 19.306418310000034 ], [ -99.26142710000002, 19.306495959999967 ], [ -99.261415820000011, 19.306514449999984 ], [ -99.26129719, 19.306708839999981 ], [ -99.26103229, 19.30714293 ], [ -99.26101453, 19.30717204 ], [ -99.26078351, 19.30756247 ], [ -99.2607011, 19.3077052 ], [ -99.260312, 19.308379119999977 ], [ -99.26019499, 19.308581780000029 ], [ -99.26017425, 19.308623500000031 ], [ -99.26015352, 19.30866522 ], [ -99.26001768, 19.308938550000011 ], [ -99.25995733, 19.309059979999979 ], [ -99.25989811, 19.30917914 ], [ -99.25976735, 19.309426670000011 ], [ -99.25958372, 19.309774290000011 ], [ -99.259539570000015, 19.30985788 ], [ -99.25908778, 19.309557970000011 ], [ -99.2589854, 19.309501359999981 ] ] ] } },
{ "type": "Feature", "properties": { "COLONIA": "PUEBLO NUEVO ALTO", "DEMARCACIO": "LA MAGDALENA CONTRERAS", "total_manzanas": 45, "manzanas_prioritarias": 13, "ln_total": 5691, "ln_prioritaria": 2841, "secciones": "3074, 3076, 3077, 3078, 3086, 3087, 3115", "pct_cobertura": 28.9 }, "geometry": { "type": "Polygon", "coordinates": [ [ [ -99.24925258, 19.30594728 ], [ -99.2490548, 19.305964039999974 ], [ -99.24890692, 19.3060017 ], [ -99.24872839, 19.30611232000004 ], [ -99.24871217, 19.306119850000027 ], [ -99.24837933, 19.3062744 ], [ -99.24786823, 19.306695680000022 ], [ -99.24763513, 19.30645024 ], [ -99.24827379, 19.305569760000026 ], [ -99.24836504, 19.305453780000018 ], [ -99.24850698, 19.305273360000012 ], [ -99.24881206, 19.304153950000032 ], [ -99.24891107, 19.303786530000043 ], [ -99.24884438, 19.303721749999983 ], [ -99.24882013, 19.30346347 ], [ -99.24880983, 19.302964980000027 ], [ -99.24881388, 19.3028546 ], [ -99.24881793, 19.302744219999976 ], [ -99.24887697, 19.30267114 ], [ -99.248936, 19.302598049999975 ], [ -99.24897838, 19.30245647 ], [ -99.24901607, 19.302348599999959 ], [ -99.2492366, 19.302101120000046 ], [ -99.24940364, 19.302060540000017 ], [ -99.24946981, 19.302051020000015 ], [ -99.24959288, 19.30203332000001 ], [ -99.25006587, 19.301906880000015 ], [ -99.25039688, 19.301762660000019 ], [ -99.25065527, 19.301732100000017 ], [ -99.25080444000001, 19.30171446 ], [ -99.25072143, 19.30218457999997 ], [ -99.25071289, 19.302435210000027 ], [ -99.25072014, 19.30251301 ], [ -99.25072557, 19.302571330000031 ], [ -99.25076649, 19.302572930000022 ], [ -99.250851, 19.30256047 ], [ -99.25114516, 19.30251993 ], [ -99.25147669, 19.302471629999967 ], [ -99.25172046, 19.302435800000026 ], [ -99.25198049, 19.302406119999979 ], [ -99.25214087, 19.30236005 ], [ -99.25247787, 19.30233701 ], [ -99.25298488, 19.302288980000011 ], [ -99.25320602, 19.302334969999968 ], [ -99.2533589, 19.30239032 ], [ -99.25371125, 19.30259815 ], [ -99.2538882, 19.30269133 ], [ -99.25411462, 19.30271024 ], [ -99.25429975, 19.30272571 ], [ -99.25456531, 19.3027479 ], [ -99.25475939, 19.30280535 ], [ -99.25480416, 19.30281861 ], [ -99.25506076, 19.302841929999989 ], [ -99.25524364, 19.30277743000001 ], [ -99.25552098, 19.302691980000013 ], [ -99.25561213, 19.302685910000033 ], [ -99.25600477, 19.302671449999981 ], [ -99.25627203, 19.302677839999987 ], [ -99.2563753, 19.302633719999985 ], [ -99.25648734, 19.30246824 ], [ -99.25652691, 19.302409790000024 ], [ -99.25666413, 19.3022558 ], [ -99.256775630000021, 19.302147 ], [ -99.25683207, 19.302091940000011 ], [ -99.25696591, 19.30230879 ], [ -99.2570516, 19.30250557 ], [ -99.25710027, 19.30264393 ], [ -99.25706043, 19.303010789999963 ], [ -99.25675173, 19.30325113 ], [ -99.25667509, 19.30329408 ], [ -99.25667348, 19.303707480000011 ], [ -99.25673689, 19.30387189 ], [ -99.25683117, 19.3040894 ], [ -99.256917490000021, 19.30408928 ], [ -99.25697209, 19.304089200000018 ], [ -99.25724738000001, 19.30417589 ], [ -99.25743324, 19.304234420000022 ], [ -99.25775892, 19.304507910000023 ], [ -99.25793525, 19.30465597 ], [ -99.25811277, 19.30490665000001 ], [ -99.25822217, 19.305061130000013 ], [ -99.25825971, 19.30511413 ], [ -99.2582903, 19.30515733 ], [ -99.25844582, 19.30537693 ], [ -99.25857884, 19.305456400000036 ], [ -99.25880511, 19.30559157 ], [ -99.25883355000002, 19.305608559999985 ], [ -99.25871829, 19.30574695 ], [ -99.2585966, 19.306149709999982 ], [ -99.258575160000021, 19.306156420000022 ], [ -99.25785084, 19.306383029999985 ], [ -99.25752493, 19.306553810000011 ], [ -99.2572429, 19.30662238 ], [ -99.256995450000019, 19.30660747 ], [ -99.25662019, 19.30658486 ], [ -99.25646103, 19.306527140000011 ], [ -99.2558185, 19.306294080000033 ], [ -99.25527503, 19.30609696 ], [ -99.25514632, 19.305904900000019 ], [ -99.25503327, 19.30588986 ], [ -99.25464385, 19.30578198 ], [ -99.25452894, 19.305782919999974 ], [ -99.254466960000016, 19.305797920000035 ], [ -99.25441729, 19.30580793 ], [ -99.25433718, 19.30579727 ], [ -99.25422534, 19.305782259999987 ], [ -99.25398631, 19.30575018000004 ], [ -99.253621080000016, 19.30567592 ], [ -99.25327729, 19.305574440000029 ], [ -99.25264745, 19.30568407 ], [ -99.252454, 19.305582380000025 ], [ -99.25226787, 19.305589439999977 ], [ -99.25213554, 19.30565759 ], [ -99.25197937, 19.305796659999974 ], [ -99.25193148, 19.305839120000027 ], [ -99.25178936, 19.305887980000026 ], [ -99.25156787, 19.305930670000013 ], [ -99.25148023, 19.30592922 ], [ -99.25136613, 19.30591525 ], [ -99.25121726, 19.30587464 ], [ -99.25102352, 19.30580759 ], [ -99.25101394, 19.30579965 ], [ -99.2507836, 19.305684739999975 ], [ -99.25074405, 19.305664929999988 ], [ -99.250691530000012, 19.30591931 ], [ -99.250517930000015, 19.30592426 ], [ -99.25030465, 19.30593240000001 ], [ -99.25027398, 19.305881429999971 ], [ -99.25024505, 19.305894779999985 ], [ -99.25011753, 19.305970549999987 ], [ -99.24999862, 19.30605624 ], [ -99.24996003, 19.306071570000015 ], [ -99.24992703, 19.306054769999989 ], [ -99.24990768, 19.306047839999987 ], [ -99.24987377, 19.30603567 ], [ -99.249872560000014, 19.30603535 ], [ -99.2498463, 19.306028539999968 ], [ -99.24984552, 19.30602826999997 ], [ -99.24975214, 19.30599517 ], [ -99.24973489, 19.30598905 ], [ -99.24968222, 19.305971979999985 ], [ -99.24963750000002, 19.30595588000002 ], [ -99.24959178, 19.30595822 ], [ -99.24958488, 19.30595857 ], [ -99.24958077, 19.3059587 ], [ -99.24954802, 19.30595935 ], [ -99.24949784, 19.30595973 ], [ -99.24943947, 19.30596018 ], [ -99.24943866, 19.30596018000001 ], [ -99.24941908, 19.305958660000012 ], [ -99.24925258, 19.30594728 ] ] ] } },
{ "type": "Feature", "properties": { "COLONIA": "PUEBLO NUEVO BAJO", "DEMARCACIO": "LA MAGDALENA CONTRERAS", "total_manzanas": 7, "manzanas_prioritarias": 4, "ln_total": 3490, "ln_prioritaria": 2939, "secciones": "3063, 3078", "pct_cobertura": 57.1 }, "geometry": { "type": "Polygon", "coordinates": [ [ [ -99.24784282, 19.306163920000021 ], [ -99.24763513, 19.30645024 ], [ -99.24786823, 19.306695680000022 ], [ -99.24789441, 19.306759050000032 ], [ -99.2479206, 19.306822409999967 ], [ -99.24792065, 19.30685312000001 ], [ -99.24792069, 19.306883830000018 ], [ -99.24790946, 19.30690017 ], [ -99.2477262, 19.307166599999981 ], [ -99.24744203, 19.30770579 ], [ -99.24739551, 19.307785020000015 ], [ -99.24724339, 19.3080441 ], [ -99.24699789, 19.308235359999983 ], [ -99.246611090000016, 19.30856823 ], [ -99.24652298, 19.308857139999986 ], [ -99.24649931, 19.30891626 ], [ -99.24624733, 19.309545620000016 ], [ -99.24610789, 19.30973461 ], [ -99.24498551, 19.31125598 ], [ -99.24432631, 19.31057735 ], [ -99.24414642, 19.310709960000032 ], [ -99.24410839, 19.310738 ], [ -99.24400303, 19.310871760000015 ], [ -99.24397677, 19.310904119999989 ], [ -99.2437845, 19.311154779999981 ], [ -99.24363076, 19.311349980000038 ], [ -99.24349732, 19.311533890000021 ], [ -99.24328651, 19.311747979999989 ], [ -99.24297904, 19.311387290000024 ], [ -99.24272055, 19.310942559999987 ], [ -99.24353121, 19.31031004 ], [ -99.24326012, 19.3099982 ], [ -99.24284834, 19.30956568 ], [ -99.24251885, 19.3092196 ], [ -99.24235045, 19.30904272 ], [ -99.24225538, 19.308943349999986 ], [ -99.24209497, 19.308775699999988 ], [ -99.24177491, 19.308441190000021 ], [ -99.24198733, 19.3082295 ], [ -99.24216344, 19.30800825 ], [ -99.24217534, 19.3079933 ], [ -99.24239416, 19.30771838 ], [ -99.24245046, 19.307630390000021 ], [ -99.24246361, 19.30760983 ], [ -99.24255263, 19.307470700000028 ], [ -99.24258578, 19.307418890000022 ], [ -99.24261443, 19.30737411 ], [ -99.2426758, 19.30724666 ], [ -99.2429813, 19.306612279999968 ], [ -99.24299255, 19.30658892 ], [ -99.24312594, 19.306265170000042 ], [ -99.24303079, 19.306200830000034 ], [ -99.24299332, 19.3061755 ], [ -99.24295253, 19.306059880000014 ], [ -99.24291175, 19.305944259999961 ], [ -99.24289828, 19.305906060000023 ], [ -99.24295474, 19.305690339999984 ], [ -99.24310446, 19.30550953000003 ], [ -99.24331159, 19.3052594 ], [ -99.24334207, 19.305222580000024 ], [ -99.24347043, 19.30502434000001 ], [ -99.24359879, 19.30482609 ], [ -99.24362511, 19.30478544 ], [ -99.24369144, 19.304682989999986 ], [ -99.24375833, 19.3046194 ], [ -99.24395637, 19.30444371 ], [ -99.24397618, 19.30442614 ], [ -99.2440074, 19.30440201 ], [ -99.24410033, 19.304330209999989 ], [ -99.24520547, 19.30388377 ], [ -99.24541255, 19.303800119999973 ], [ -99.24554457, 19.30376655 ], [ -99.24582278, 19.30369579 ], [ -99.24588341, 19.303679139999982 ], [ -99.24613509, 19.303610019999983 ], [ -99.2466821, 19.30345979 ], [ -99.24708697, 19.303348589999974 ], [ -99.24723229, 19.3033155 ], [ -99.24736978, 19.303284199999986 ], [ -99.24760202, 19.303223900000013 ], [ -99.24781541, 19.303167899999988 ], [ -99.24785649, 19.303150540000029 ], [ -99.24881793, 19.302744219999976 ], [ -99.24881388, 19.3028546 ], [ -99.24880983, 19.302964980000027 ], [ -99.24882013, 19.30346347 ], [ -99.24884438, 19.303721749999983 ], [ -99.24891107, 19.303786530000043 ], [ -99.24881206, 19.304153950000032 ], [ -99.24850698, 19.305273360000012 ], [ -99.24836504, 19.305453780000018 ], [ -99.24827379, 19.305569760000026 ], [ -99.24784282, 19.306163920000021 ] ] ] } },
{ "type": "Feature", "properties": { "COLONIA": "PUENTE SIERRA", "DEMARCACIO": "LA MAGDALENA CONTRERAS", "total_manzanas": 1, "manzanas_prioritarias": 0, "ln_total": 100, "ln_prioritaria": 0, "secciones": "3001", "pct_cobertura": 0.0 }, "geometry": { "type": "Polygon", "coordinates": [ [ [ -99.212564730000011, 19.331447329999985 ], [ -99.21255034, 19.3314467 ], [ -99.21245961, 19.331442730000013 ], [ -99.21222868, 19.3314454 ], [ -99.21218959, 19.33144586 ], [ -99.21189368, 19.331201310000019 ], [ -99.21133718, 19.33103511 ], [ -99.21153158, 19.33101753 ], [ -99.21188083, 19.33091329 ], [ -99.21210561, 19.33083016 ], [ -99.21220335, 19.330794820000012 ], [ -99.21235635, 19.330739450000038 ], [ -99.21256367, 19.33066507 ], [ -99.2125526, 19.331365720000015 ], [ -99.212564730000011, 19.331447329999985 ] ] ] } },
{ "type": "Feature", "properties": { "COLONIA": "SAN BARTOLO AMEYALCO", "DEMARCACIO": "LA MAGDALENA CONTRERAS", "total_manzanas": 23, "manzanas_prioritarias": 9, "ln_total": 4186, "ln_prioritaria": 2685, "secciones": "2986, 2987, 2988, 2989", "pct_cobertura": 39.1 }, "geometry": { "type": "Polygon", "coordinates": [ [ [ -99.24158396, 19.325071550000018 ], [ -99.24156015, 19.32524501 ], [ -99.24195495, 19.32530674 ], [ -99.24234975, 19.325368480000012 ], [ -99.2423937, 19.32535747 ], [ -99.24240991, 19.3254846 ], [ -99.2425127, 19.32551123 ], [ -99.24280073, 19.32556129 ], [ -99.24312438, 19.32561755 ], [ -99.24367182, 19.325696 ], [ -99.24391232, 19.32573046000001 ], [ -99.2443045, 19.32578474 ], [ -99.24447275, 19.32580802 ], [ -99.24466288, 19.325834640000014 ], [ -99.24504519, 19.32588943 ], [ -99.24513262, 19.325901919999957 ], [ -99.24544055, 19.325946190000021 ], [ -99.24576407, 19.325992709999987 ], [ -99.24581984000001, 19.32600073 ], [ -99.24613332, 19.326045799999974 ], [ -99.24608269, 19.32619435999997 ], [ -99.24607384, 19.32622031 ], [ -99.24605398, 19.32624468 ], [ -99.24603411, 19.326269059999966 ], [ -99.24610054, 19.326464619999985 ], [ -99.2462114, 19.326607029999956 ], [ -99.24632612, 19.3266819 ], [ -99.24647241, 19.326734220000024 ], [ -99.24672935, 19.32678265 ], [ -99.24696657, 19.32685735 ], [ -99.247100990000021, 19.326898440000029 ], [ -99.24715952, 19.326399409999986 ], [ -99.24719106, 19.32641205 ], [ -99.24740832, 19.326490569999979 ], [ -99.24772121, 19.326565960000014 ], [ -99.24806873, 19.3265022 ], [ -99.2482116, 19.32676219 ], [ -99.24831464, 19.32694969 ], [ -99.24836115, 19.327034329999972 ], [ -99.24840777, 19.327119170000014 ], [ -99.24858131, 19.32743497 ], [ -99.24869427, 19.32764035000001 ], [ -99.24802798, 19.327899080000016 ], [ -99.24778478, 19.327927959999986 ], [ -99.24740764, 19.327972740000021 ], [ -99.24660001, 19.328068630000033 ], [ -99.24640243, 19.328092090000027 ], [ -99.24629496, 19.32810485 ], [ -99.24602065, 19.328171450000017 ], [ -99.24575429, 19.32818148 ], [ -99.24538139, 19.328144940000019 ], [ -99.24499367, 19.328367279999984 ], [ -99.24450967, 19.328524410000018 ], [ -99.24432341, 19.32859740000001 ], [ -99.2437911, 19.32852537000003 ], [ -99.24371987, 19.32849484 ], [ -99.24305963, 19.32821182 ], [ -99.24277634, 19.32791431 ], [ -99.24246762, 19.327786309999986 ], [ -99.24214671, 19.327264559999989 ], [ -99.241979740000019, 19.32699311 ], [ -99.24088751, 19.32521731 ], [ -99.24073183, 19.324977930000014 ], [ -99.240811940000015, 19.324986790000015 ], [ -99.24090325, 19.32499317000002 ], [ -99.24135641, 19.32504783000001 ], [ -99.24158396, 19.325071550000018 ] ] ] } },
{ "type": "Feature", "properties": { "COLONIA": "SAN BERNABE OCOTEPEC (PBLO)", "DEMARCACIO": "LA MAGDALENA CONTRERAS", "total_manzanas": 48, "manzanas_prioritarias": 14, "ln_total": 10769, "ln_prioritaria": 7170, "secciones": "3015, 3016, 3037, 3038, 3039, 3042, 3068, 3069, 3102", "pct_cobertura": 29.2 }, "geometry": { "type": "Polygon", "coordinates": [ [ [ -99.2589854, 19.309501359999981 ], [ -99.25908778, 19.309557970000011 ], [ -99.259539570000015, 19.30985788 ], [ -99.25951826, 19.30989821 ], [ -99.25949119, 19.30994946 ], [ -99.25947042, 19.31001499 ], [ -99.2592659, 19.31066025 ], [ -99.259316930000011, 19.31111818 ], [ -99.25953932, 19.31152441 ], [ -99.2595864, 19.31161039 ], [ -99.25962522, 19.311676970000015 ], [ -99.25988369, 19.31212015 ], [ -99.25985614, 19.31227853 ], [ -99.25979502, 19.312292389999985 ], [ -99.25977492, 19.312363439999967 ], [ -99.25980649, 19.31245467 ], [ -99.25983886, 19.31250289 ], [ -99.26018317, 19.312288520000017 ], [ -99.26022163, 19.312264580000022 ], [ -99.2601694, 19.312339560000023 ], [ -99.26089901, 19.31262858000002 ], [ -99.26097635, 19.312666700000023 ], [ -99.26107806, 19.31296726 ], [ -99.26115688, 19.31325236 ], [ -99.26117614, 19.31372871 ], [ -99.26115202, 19.31386346 ], [ -99.26106717, 19.31433751 ], [ -99.26087755, 19.31497316 ], [ -99.26098026, 19.315099699999955 ], [ -99.26101754, 19.315409139999982 ], [ -99.26119959, 19.3153758 ], [ -99.26125772, 19.31577857 ], [ -99.26149394, 19.316171310000044 ], [ -99.261693550000018, 19.31629184 ], [ -99.26182273, 19.31650369 ], [ -99.261966390000012, 19.31679802 ], [ -99.26171731, 19.31719001 ], [ -99.26191178, 19.31714112 ], [ -99.26214389, 19.31708278000001 ], [ -99.26222503, 19.317036719999972 ], [ -99.26270353, 19.31676508000001 ], [ -99.26276232, 19.31675765 ], [ -99.26277857, 19.316831449999977 ], [ -99.26278377, 19.31685505 ], [ -99.26279311, 19.316897439999984 ], [ -99.26272065, 19.31706622 ], [ -99.26270345, 19.317106289999984 ], [ -99.262657980000014, 19.317155799999981 ], [ -99.2625425, 19.317280310000019 ], [ -99.26237351, 19.31733998 ], [ -99.26230426, 19.31735118 ], [ -99.262216720000012, 19.31736533 ], [ -99.26176561, 19.31765858 ], [ -99.26167924, 19.318052599999977 ], [ -99.26164705, 19.31819946 ], [ -99.26143197, 19.318701899999976 ], [ -99.26139282, 19.31879334 ], [ -99.26128095, 19.31905467 ], [ -99.26110679, 19.319294760000012 ], [ -99.26098804, 19.319458460000028 ], [ -99.26093262, 19.319534839999989 ], [ -99.26071049, 19.31994339 ], [ -99.26062462, 19.320101329999975 ], [ -99.26053875, 19.32025927 ], [ -99.26045975, 19.32042061000001 ], [ -99.26034645, 19.320652 ], [ -99.26029842, 19.320710620000014 ], [ -99.26024908, 19.320770809999978 ], [ -99.26019975, 19.320831 ], [ -99.26005305, 19.32100999 ], [ -99.2596218, 19.32134202 ], [ -99.25949265, 19.321449619999974 ], [ -99.259475690000016, 19.321463750000035 ], [ -99.25940161, 19.32152548 ], [ -99.25935618, 19.321564720000012 ], [ -99.25921761, 19.32166499 ], [ -99.25904593, 19.32185689000001 ], [ -99.25894104, 19.32197415000002 ], [ -99.25892623, 19.321990699999986 ], [ -99.25891143, 19.32200725 ], [ -99.25847849, 19.322305370000027 ], [ -99.25834059, 19.322325879999969 ], [ -99.25827164, 19.322336130000011 ], [ -99.25820269, 19.32234639 ], [ -99.25814482, 19.32238233 ], [ -99.25809589, 19.32208782999998 ], [ -99.25800152, 19.321576130000022 ], [ -99.25798711, 19.320912040000014 ], [ -99.2580113, 19.32080812 ], [ -99.25808572, 19.320464749999971 ], [ -99.2581479, 19.320177850000018 ], [ -99.25814403, 19.32012886 ], [ -99.25812816, 19.31992804 ], [ -99.25817635, 19.319810400000044 ], [ -99.25822454, 19.319692759999988 ], [ -99.2582498, 19.31958287 ], [ -99.25830142, 19.3193583 ], [ -99.25826247, 19.319204519999982 ], [ -99.258251670000021, 19.31916191 ], [ -99.25816085, 19.319084690000011 ], [ -99.25799313, 19.31894208 ], [ -99.25795091, 19.31882245 ], [ -99.25794477, 19.318805040000015 ], [ -99.25793851, 19.31873823 ], [ -99.25792606, 19.318605470000023 ], [ -99.25791362, 19.318472709999988 ], [ -99.25791983, 19.31830344 ], [ -99.25792201, 19.318244190000016 ], [ -99.25796427, 19.318079310000023 ], [ -99.25797421, 19.31804054 ], [ -99.25812228, 19.317822450000016 ], [ -99.25815155, 19.31777934 ], [ -99.25809883, 19.317748230000017 ], [ -99.25791061, 19.31772591 ], [ -99.25778306, 19.317765100000017 ], [ -99.257696690000017, 19.31786379 ], [ -99.25744155, 19.317919589999988 ], [ -99.25743894, 19.317636219999986 ], [ -99.25747544, 19.31746163 ], [ -99.25763109, 19.31740802 ], [ -99.257806370000011, 19.3174591 ], [ -99.25790554, 19.317253620000017 ], [ -99.25836651, 19.317411080000021 ], [ -99.25841376, 19.317444080000012 ], [ -99.258427250000011, 19.31742683 ], [ -99.25843902, 19.31741178 ], [ -99.25863572, 19.31716029 ], [ -99.25859847, 19.317115289999965 ], [ -99.25855402, 19.31706162 ], [ -99.258253260000018, 19.31691226 ], [ -99.25810087, 19.316858249999989 ], [ -99.25807206, 19.316848040000025 ], [ -99.25804325, 19.316837829999987 ], [ -99.25795257, 19.316805690000027 ], [ -99.25782278, 19.31677508000001 ], [ -99.2576586, 19.31673636 ], [ -99.25746689, 19.316691150000022 ], [ -99.25744149, 19.31668516 ], [ -99.2573472, 19.31665035 ], [ -99.25715082, 19.31657784 ], [ -99.25696037, 19.316507519999973 ], [ -99.25674536, 19.31655587 ], [ -99.25644924, 19.31661238 ], [ -99.25610594, 19.3166779 ], [ -99.25586434, 19.31671694 ], [ -99.25538138, 19.316784829999975 ], [ -99.255280350000021, 19.316799030000016 ], [ -99.2550755, 19.31683433 ], [ -99.25486457, 19.316709970000019 ], [ -99.25448218, 19.31662986000001 ], [ -99.2544279, 19.316618490000028 ], [ -99.25412873, 19.316613489999977 ], [ -99.25401514, 19.316611600000016 ], [ -99.25379128, 19.316607860000012 ], [ -99.25343952, 19.31653928 ], [ -99.25326566, 19.31649895 ], [ -99.25319035, 19.316481479999965 ], [ -99.25306955, 19.31645345 ], [ -99.25282094, 19.316489850000011 ], [ -99.25282748, 19.3160412 ], [ -99.25288532, 19.31603436 ], [ -99.25294317, 19.316027510000019 ], [ -99.25301924, 19.31603621 ], [ -99.25302449, 19.3158218 ], [ -99.25302434, 19.31572673 ], [ -99.25302568, 19.315590640000014 ], [ -99.253020300000017, 19.315565500000012 ], [ -99.25307126, 19.31549444 ], [ -99.25319386000001, 19.31534042 ], [ -99.25295887, 19.31523519 ], [ -99.25283818, 19.31530701 ], [ -99.25271917, 19.315301799999979 ], [ -99.25285456, 19.3149035 ], [ -99.2529733, 19.31473656 ], [ -99.25313205, 19.31479014 ], [ -99.25319412, 19.314763010000018 ], [ -99.25330555, 19.31466437 ], [ -99.25343018, 19.31452518 ], [ -99.25358115, 19.3143762 ], [ -99.25361407, 19.31433048 ], [ -99.25365391, 19.314197380000017 ], [ -99.25361943, 19.313985699999989 ], [ -99.25356652, 19.31364593 ], [ -99.25354638, 19.31351657 ], [ -99.25353761, 19.313479380000022 ], [ -99.25352884, 19.31344218 ], [ -99.25367359, 19.31339615 ], [ -99.25369187, 19.313390340000044 ], [ -99.25399426, 19.313312419999985 ], [ -99.254059510000019, 19.313295609999983 ], [ -99.25420422, 19.31254803 ], [ -99.25413565, 19.312511250000025 ], [ -99.25400672, 19.31218997 ], [ -99.25398908, 19.31211240999998 ], [ -99.25410544, 19.31209718 ], [ -99.2543743, 19.312061990000025 ], [ -99.254526020000014, 19.31201744 ], [ -99.25432041, 19.31173401 ], [ -99.25418865, 19.31158434 ], [ -99.25395145, 19.31136839 ], [ -99.25366338, 19.311212640000026 ], [ -99.25354246, 19.31114727 ], [ -99.2532755, 19.310859630000014 ], [ -99.25355015, 19.310449019999989 ], [ -99.25358419, 19.30992626 ], [ -99.25379612, 19.309927540000011 ], [ -99.253807120000019, 19.309483970000016 ], [ -99.25380763, 19.309463450000013 ], [ -99.25381135, 19.309313329999981 ], [ -99.25380042, 19.30925562 ], [ -99.25375216, 19.30900067 ], [ -99.25366459, 19.30853811 ], [ -99.2536584, 19.308509130000029 ], [ -99.25354038, 19.307956709999981 ], [ -99.25363439, 19.307968370000019 ], [ -99.25383709, 19.30797614 ], [ -99.25404164, 19.30801288 ], [ -99.25426931, 19.308046409999978 ], [ -99.25433231, 19.308056600000029 ], [ -99.25457481, 19.307793390000015 ], [ -99.25468675, 19.30763066 ], [ -99.25469414, 19.30756998 ], [ -99.25578994, 19.307608980000051 ], [ -99.25595121, 19.307613600000032 ], [ -99.25627825, 19.307622970000018 ], [ -99.25631021, 19.30762389 ], [ -99.25636227, 19.307762460000017 ], [ -99.25630904, 19.3079801 ], [ -99.25619676, 19.308503010000013 ], [ -99.25626242, 19.308621589999984 ], [ -99.25639649, 19.308714649999978 ], [ -99.25698301, 19.3088438 ], [ -99.25746231, 19.308933549999967 ], [ -99.25762005, 19.3089305 ], [ -99.25797456, 19.30869842 ], [ -99.25805124, 19.308706670000031 ], [ -99.25818228, 19.30876017 ], [ -99.25823299, 19.30883356 ], [ -99.2582659, 19.308940890000017 ], [ -99.258251210000012, 19.30906241000001 ], [ -99.25815308, 19.309187180000034 ], [ -99.25790672, 19.30954326 ], [ -99.25787718, 19.309681760000025 ], [ -99.25788635, 19.309839980000028 ], [ -99.25795549, 19.31027503000001 ], [ -99.258033040000015, 19.3103823 ], [ -99.25814027, 19.31043583000001 ], [ -99.25828012, 19.310418680000044 ], [ -99.25837228, 19.31035356 ], [ -99.25846846, 19.31014105 ], [ -99.25851129, 19.30979389 ], [ -99.25860922, 19.309612909999984 ], [ -99.25873698, 19.30947427 ], [ -99.25884705, 19.30944868 ], [ -99.2589854, 19.309501359999981 ] ] ] } },
{ "type": "Feature", "properties": { "COLONIA": "SAN FRANCISCO", "DEMARCACIO": "LA MAGDALENA CONTRERAS", "total_manzanas": 14, "manzanas_prioritarias": 7, "ln_total": 3357, "ln_prioritaria": 2300, "secciones": "3033, 3050, 3051, 3052", "pct_cobertura": 50.0 }, "geometry": { "type": "Polygon", "coordinates": [ [ [ -99.23034298, 19.310998650000027 ], [ -99.23037946, 19.31063338 ], [ -99.23039895, 19.31043820999998 ], [ -99.23043817, 19.310045409999962 ], [ -99.23053735, 19.310063850000027 ], [ -99.230877, 19.310076459999976 ], [ -99.23171637, 19.31010763 ], [ -99.2324369, 19.310130059999977 ], [ -99.23249267, 19.3101318 ], [ -99.23270193, 19.310108889999977 ], [ -99.23305393, 19.310068119999954 ], [ -99.23316216, 19.310047420000025 ], [ -99.2331298, 19.310228250000019 ], [ -99.23312534, 19.31080950999997 ], [ -99.23438118, 19.31060747 ], [ -99.23428051, 19.310332 ], [ -99.23446637, 19.310291880000019 ], [ -99.23463631, 19.310212729999972 ], [ -99.23498743, 19.309991640000014 ], [ -99.2355938, 19.311143980000033 ], [ -99.23578719, 19.31104998 ], [ -99.23587968, 19.311005019999985 ], [ -99.236145210000018, 19.31087594 ], [ -99.23641893, 19.311218929999985 ], [ -99.23669065, 19.31155941 ], [ -99.23709808, 19.31206994 ], [ -99.23694459, 19.312156420000012 ], [ -99.23556135, 19.312912180000016 ], [ -99.23543237, 19.312726660000024 ], [ -99.23502129, 19.312210679999986 ], [ -99.234901050000019, 19.31195257 ], [ -99.23475375, 19.311553339999982 ], [ -99.23472471, 19.3115675 ], [ -99.234239980000012, 19.31180391 ], [ -99.23377338, 19.31202382 ], [ -99.23366396, 19.31207539 ], [ -99.233377210000015, 19.312210530000016 ], [ -99.23290275, 19.312411330000025 ], [ -99.232747890000013, 19.31247687 ], [ -99.23260801, 19.31253607 ], [ -99.23190208, 19.31277073 ], [ -99.23184292, 19.31279039 ], [ -99.23157151, 19.31284375 ], [ -99.23041988, 19.313165150000017 ], [ -99.23017304, 19.313234039999983 ], [ -99.22961605, 19.313403169999972 ], [ -99.23013054, 19.31407597 ], [ -99.23022094, 19.314194179999983 ], [ -99.23055314, 19.314128289999985 ], [ -99.23076624, 19.314080399999984 ], [ -99.23086683, 19.314276700000022 ], [ -99.2308856, 19.314313909999989 ], [ -99.23135801, 19.31525018000001 ], [ -99.23127257, 19.315298240000025 ], [ -99.231249370000015, 19.315310939999986 ], [ -99.23122618, 19.315323650000035 ], [ -99.23081732, 19.315547650000013 ], [ -99.23072162, 19.31560008 ], [ -99.23068152, 19.31561382000001 ], [ -99.23028687, 19.315749060000041 ], [ -99.23026129, 19.315757830000035 ], [ -99.22992299, 19.315873760000013 ], [ -99.22968392, 19.31535512 ], [ -99.22939195, 19.314721720000044 ], [ -99.22929834, 19.31451865 ], [ -99.22917147, 19.3142434 ], [ -99.2289912, 19.31385232 ], [ -99.22897188, 19.31381042 ], [ -99.22892743, 19.313513769999979 ], [ -99.22892287, 19.31348335 ], [ -99.22891758, 19.313447990000018 ], [ -99.228915020000017, 19.31334632 ], [ -99.22891387, 19.313300670000014 ], [ -99.22891273, 19.313255029999979 ], [ -99.22890423, 19.312917159999987 ], [ -99.22889404, 19.312511719999989 ], [ -99.22888716, 19.31223759 ], [ -99.22888341, 19.31208861 ], [ -99.22887872, 19.311901889999987 ], [ -99.22887817, 19.31188021 ], [ -99.22902576, 19.311745049999978 ], [ -99.22914346, 19.3116298 ], [ -99.2291843, 19.31158964 ], [ -99.22944942, 19.311328980000013 ], [ -99.22953153, 19.31121357000001 ], [ -99.22973528, 19.3111264 ], [ -99.23034298, 19.310998650000027 ] ] ] } },
{ "type": "Feature", "properties": { "COLONIA": "SAN FRANCISCO (BARR)", "DEMARCACIO": "LA MAGDALENA CONTRERAS", "total_manzanas": 13, "manzanas_prioritarias": 4, "ln_total": 4303, "ln_prioritaria": 3024, "secciones": "3027, 3028, 3033, 3048, 3049", "pct_cobertura": 30.8 }, "geometry": { "type": "Polygon", "coordinates": [ [ [ -99.23111352, 19.3174872 ], [ -99.23099062, 19.317378720000026 ], [ -99.23071478, 19.317135210000011 ], [ -99.23068044, 19.317104899999986 ], [ -99.23049521, 19.31702981 ], [ -99.23050585, 19.317012400000038 ], [ -99.230538880000012, 19.316958339999978 ], [ -99.23100046, 19.316966099999977 ], [ -99.231105930000012, 19.316949270000013 ], [ -99.23028687, 19.315749060000041 ], [ -99.23068152, 19.31561382000001 ], [ -99.23072162, 19.31560008 ], [ -99.23081732, 19.315547650000013 ], [ -99.23122618, 19.315323650000035 ], [ -99.231249370000015, 19.315310939999986 ], [ -99.23127257, 19.315298240000025 ], [ -99.23135801, 19.31525018000001 ], [ -99.2308856, 19.314313909999989 ], [ -99.23086683, 19.314276700000022 ], [ -99.23076624, 19.314080399999984 ], [ -99.23055314, 19.314128289999985 ], [ -99.23022094, 19.314194179999983 ], [ -99.23013054, 19.31407597 ], [ -99.22961605, 19.313403169999972 ], [ -99.23017304, 19.313234039999983 ], [ -99.23041988, 19.313165150000017 ], [ -99.23157151, 19.31284375 ], [ -99.23184292, 19.31279039 ], [ -99.23190208, 19.31277073 ], [ -99.23260801, 19.31253607 ], [ -99.232747890000013, 19.31247687 ], [ -99.23290275, 19.312411330000025 ], [ -99.233377210000015, 19.312210530000016 ], [ -99.23366396, 19.31207539 ], [ -99.23377338, 19.31202382 ], [ -99.234239980000012, 19.31180391 ], [ -99.23472471, 19.3115675 ], [ -99.23475375, 19.311553339999982 ], [ -99.234901050000019, 19.31195257 ], [ -99.23502129, 19.312210679999986 ], [ -99.23543237, 19.312726660000024 ], [ -99.23556135, 19.312912180000016 ], [ -99.23694459, 19.312156420000012 ], [ -99.23709808, 19.31206994 ], [ -99.23669065, 19.31155941 ], [ -99.23641893, 19.311218929999985 ], [ -99.236145210000018, 19.31087594 ], [ -99.23647855, 19.310713910000011 ], [ -99.23676456, 19.31053666 ], [ -99.23703789, 19.31018748000001 ], [ -99.23712287, 19.31007892 ], [ -99.23715773, 19.309970440000029 ], [ -99.23717337, 19.3099218 ], [ -99.23722691, 19.309755230000029 ], [ -99.23726727, 19.309366720000028 ], [ -99.23728517, 19.30919434 ], [ -99.23728101, 19.30917646 ], [ -99.23720116, 19.308832899999974 ], [ -99.23735814, 19.308781090000011 ], [ -99.23739839, 19.308766929999965 ], [ -99.23750996, 19.30872786 ], [ -99.23762703, 19.30868209 ], [ -99.23800461, 19.30853451 ], [ -99.23810716, 19.30849455000001 ], [ -99.23832636, 19.30838848 ], [ -99.23854556, 19.30828241 ], [ -99.23868549, 19.308224119999988 ], [ -99.23874734, 19.308198360000031 ], [ -99.23899741, 19.30809422 ], [ -99.23930932, 19.307964309999985 ], [ -99.23940547, 19.30790775 ], [ -99.23950163, 19.307851190000022 ], [ -99.23966334, 19.307723620000012 ], [ -99.23969953, 19.307695060000022 ], [ -99.23987179, 19.30764483 ], [ -99.23990018, 19.307636550000044 ], [ -99.24005467, 19.30754385000003 ], [ -99.240209150000013, 19.307451140000012 ], [ -99.24008703, 19.307950010000049 ], [ -99.24015157, 19.308058179999971 ], [ -99.24043949, 19.308540769999983 ], [ -99.24051893, 19.30866184000001 ], [ -99.240624650000015, 19.308822989999971 ], [ -99.24073155, 19.308939009999989 ], [ -99.24083844, 19.309055040000025 ], [ -99.24100046, 19.30917184 ], [ -99.24103438, 19.309141679999982 ], [ -99.241068310000017, 19.309111520000013 ], [ -99.2412254, 19.30897189 ], [ -99.24124043, 19.30895853 ], [ -99.24138249, 19.30883226 ], [ -99.24177491, 19.308441190000021 ], [ -99.24209497, 19.308775699999988 ], [ -99.24225538, 19.308943349999986 ], [ -99.24235045, 19.30904272 ], [ -99.24251885, 19.3092196 ], [ -99.24284834, 19.30956568 ], [ -99.24326012, 19.3099982 ], [ -99.24353121, 19.31031004 ], [ -99.24272055, 19.310942559999987 ], [ -99.24221981, 19.311131320000023 ], [ -99.24170107, 19.311465090000013 ], [ -99.24158196, 19.31154172 ], [ -99.24132338, 19.31171244 ], [ -99.24114379, 19.311638099999989 ], [ -99.24101217, 19.31197469 ], [ -99.240760490000014, 19.31238562 ], [ -99.24071634, 19.312457699999989 ], [ -99.24056412, 19.31265095 ], [ -99.240322870000014, 19.3128041 ], [ -99.24020225, 19.312880679999985 ], [ -99.24008163, 19.31295725 ], [ -99.23964136, 19.313166969999962 ], [ -99.23949755, 19.313253770000038 ], [ -99.23931893, 19.31341073 ], [ -99.23924696, 19.313612010000014 ], [ -99.23888408, 19.313899089999975 ], [ -99.23849056, 19.31416995 ], [ -99.23813619, 19.31441385 ], [ -99.23784068, 19.31469888 ], [ -99.23769253, 19.314841770000015 ], [ -99.23734089, 19.315040609999979 ], [ -99.2371652, 19.315228770000012 ], [ -99.23674904, 19.31530466 ], [ -99.23651669, 19.315361240000016 ], [ -99.236455820000018, 19.315449449999988 ], [ -99.23639494, 19.31553766 ], [ -99.23625721, 19.31566878 ], [ -99.23621081, 19.31568256000002 ], [ -99.23616442, 19.31569633 ], [ -99.23607164, 19.315723890000029 ], [ -99.2355078, 19.315891340000011 ], [ -99.23541762, 19.315894810000014 ], [ -99.23532745, 19.315898279999978 ], [ -99.23509977, 19.31594643 ], [ -99.23492443, 19.315992810000019 ], [ -99.23473273, 19.31622561 ], [ -99.23424616, 19.31623316 ], [ -99.23360096, 19.316243180000026 ], [ -99.23310178, 19.31632116 ], [ -99.232785680000021, 19.31644667 ], [ -99.23253126, 19.31657695 ], [ -99.23217334, 19.316760219999988 ], [ -99.23149314, 19.31721055000002 ], [ -99.23117932, 19.31741831 ], [ -99.23114642, 19.31745276 ], [ -99.23111352, 19.3174872 ] ] ] } },
{ "type": "Feature", "properties": { "COLONIA": "SAN JERONIMO ACULCO - LIDICE (PBLO)", "DEMARCACIO": "LA MAGDALENA CONTRERAS", "total_manzanas": 162, "manzanas_prioritarias": 48, "ln_total": 19754, "ln_prioritaria": 11893, "secciones": "2977, 2978, 2980, 2981, 2982, 2983, 2998, 2999, 3000, 3001, 3002, 3003, 3004, 3005, 3006, 3007, 3026, 3028, 3029, 3030, 3032", "pct_cobertura": 29.6 }, "geometry": { "type": "Polygon", "coordinates": [ [ [ -99.23114642, 19.31745276 ], [ -99.23117932, 19.31741831 ], [ -99.23149314, 19.31721055000002 ], [ -99.23217334, 19.316760219999988 ], [ -99.23253126, 19.31657695 ], [ -99.232785680000021, 19.31644667 ], [ -99.23310178, 19.31632116 ], [ -99.23360096, 19.316243180000026 ], [ -99.23424616, 19.31623316 ], [ -99.23473273, 19.31622561 ], [ -99.23479307, 19.31623906 ], [ -99.23488887, 19.31626469 ], [ -99.23504717, 19.316352790000014 ], [ -99.23540516, 19.31654227 ], [ -99.23546794, 19.316582600000014 ], [ -99.235914920000013, 19.3168697 ], [ -99.23598903, 19.31692358 ], [ -99.2362548, 19.31711677 ], [ -99.23670355, 19.317437720000012 ], [ -99.23677407000001, 19.31748816 ], [ -99.23676625, 19.317546320000019 ], [ -99.236824720000016, 19.317578019999981 ], [ -99.23767605, 19.318208610000028 ], [ -99.23789697, 19.318372240000027 ], [ -99.2381118, 19.318527759999981 ], [ -99.23820204, 19.318593090000014 ], [ -99.23888845, 19.31908573 ], [ -99.23928323, 19.319361770000011 ], [ -99.23937442, 19.31934956000002 ], [ -99.23872481, 19.32018103 ], [ -99.2386251, 19.32027154 ], [ -99.23880714, 19.320456810000042 ], [ -99.23887994, 19.320530890000011 ], [ -99.2389119, 19.32063352 ], [ -99.23878542, 19.320736080000014 ], [ -99.23874034, 19.32077264999997 ], [ -99.23858499, 19.32086157 ], [ -99.23849215, 19.32091472 ], [ -99.23830386, 19.321022500000026 ], [ -99.23757714, 19.32143849 ], [ -99.23756195, 19.32145024 ], [ -99.23740272, 19.321573400000037 ], [ -99.237243480000018, 19.32169656 ], [ -99.2372118, 19.32172455 ], [ -99.23712975, 19.321822769999986 ], [ -99.236922760000013, 19.32195221000001 ], [ -99.23718781, 19.322463159999987 ], [ -99.23730964, 19.32270964 ], [ -99.2374272, 19.32294746000002 ], [ -99.23769732, 19.323493930000019 ], [ -99.23767721, 19.32351284 ], [ -99.23776899, 19.323694819999989 ], [ -99.23788354, 19.32392196 ], [ -99.23790185, 19.32395827 ], [ -99.23810076, 19.32435055 ], [ -99.23812748, 19.32442647 ], [ -99.23817178, 19.3245493 ], [ -99.23751478, 19.32455746000003 ], [ -99.23715332, 19.324627850000034 ], [ -99.23633068, 19.3252709 ], [ -99.23639354, 19.32553052 ], [ -99.23322324, 19.327615780000031 ], [ -99.23297797, 19.32795188 ], [ -99.23263201, 19.32817501 ], [ -99.23194212, 19.32895593000001 ], [ -99.2315686, 19.329236760000018 ], [ -99.23121386, 19.329794639999974 ], [ -99.23045993, 19.33018681 ], [ -99.22934256, 19.330565680000014 ], [ -99.22841998, 19.33102747 ], [ -99.22750319, 19.331376770000013 ], [ -99.22717813, 19.331557480000019 ], [ -99.22631994, 19.331573800000044 ], [ -99.22596134, 19.331756739999989 ], [ -99.22535924, 19.331952149999982 ], [ -99.22518229, 19.33223114 ], [ -99.224990890000015, 19.33227739 ], [ -99.22481153, 19.332270710000014 ], [ -99.2243587, 19.33254965 ], [ -99.22419661, 19.33276381 ], [ -99.22376452, 19.33296807 ], [ -99.22327165, 19.33302534 ], [ -99.22319397, 19.333072850000018 ], [ -99.22315976, 19.33309378 ], [ -99.22200633, 19.333799290000016 ], [ -99.22171672, 19.33361405 ], [ -99.22116954, 19.333800310000029 ], [ -99.22034071, 19.33389782 ], [ -99.21957008, 19.33405665 ], [ -99.21910405, 19.3341527 ], [ -99.21872398, 19.33448215 ], [ -99.218128, 19.33465772000001 ], [ -99.21787109, 19.334651120000025 ], [ -99.21712775, 19.334829639999988 ], [ -99.21697725, 19.33501799 ], [ -99.21641674, 19.33532787 ], [ -99.21601009, 19.335335769999954 ], [ -99.21567416, 19.335603420000016 ], [ -99.21530641, 19.33613349 ], [ -99.21461519, 19.33636136 ], [ -99.21443978, 19.335717620000018 ], [ -99.21423054, 19.3350323 ], [ -99.21394357, 19.335084640000023 ], [ -99.21376865, 19.335136220000024 ], [ -99.21349452, 19.335195730000013 ], [ -99.21330898, 19.33523601 ], [ -99.21274814, 19.33533186 ], [ -99.21268152, 19.33534325 ], [ -99.21291392, 19.335197349999984 ], [ -99.21284291, 19.334962520000012 ], [ -99.21254537, 19.33451318 ], [ -99.21244421, 19.33436616 ], [ -99.21221774, 19.33403703 ], [ -99.21215596, 19.33404782 ], [ -99.21243059, 19.33389474 ], [ -99.21270522, 19.333741669999988 ], [ -99.21282317, 19.333675919999983 ], [ -99.21294112, 19.33361018 ], [ -99.21329017, 19.33341563 ], [ -99.21363921, 19.33322107 ], [ -99.21371974, 19.333176190000028 ], [ -99.21380026, 19.3331313 ], [ -99.21388432, 19.332993079999987 ], [ -99.21399492, 19.332612149999985 ], [ -99.21409017, 19.332284030000018 ], [ -99.21410905, 19.33207682 ], [ -99.21401698, 19.331946070000026 ], [ -99.2138292, 19.331826330000013 ], [ -99.21351507, 19.331717649999987 ], [ -99.21297373, 19.3315679 ], [ -99.21288, 19.3315311 ], [ -99.21278627, 19.331494289999981 ], [ -99.21259492, 19.33144865 ], [ -99.212564730000011, 19.331447329999985 ], [ -99.2125526, 19.331365720000015 ], [ -99.21256367, 19.33066507 ], [ -99.21235635, 19.330739450000038 ], [ -99.21220335, 19.330794820000012 ], [ -99.21210561, 19.33083016 ], [ -99.21188083, 19.33091329 ], [ -99.21153158, 19.33101753 ], [ -99.21133718, 19.33103511 ], [ -99.21032454, 19.33115501 ], [ -99.21265621, 19.326867039999975 ], [ -99.21420505, 19.325424739999988 ], [ -99.21418909, 19.32537671 ], [ -99.2202215, 19.32128837 ], [ -99.22053252, 19.321077569999975 ], [ -99.2208127, 19.32076514 ], [ -99.22108871, 19.32034697 ], [ -99.221412770000015, 19.31985601 ], [ -99.22145203, 19.319754100000022 ], [ -99.22151767, 19.319442509999984 ], [ -99.22156806, 19.31920173 ], [ -99.22153972, 19.31862617 ], [ -99.22140091, 19.317891880000026 ], [ -99.22125972, 19.31707842000004 ], [ -99.22104445, 19.315976 ], [ -99.22130354, 19.316002590000011 ], [ -99.22135598, 19.31600797 ], [ -99.22175295, 19.31595183000001 ], [ -99.22214991, 19.315895689999966 ], [ -99.22232042, 19.315875250000023 ], [ -99.22242701, 19.315875120000012 ], [ -99.2229405, 19.31579193 ], [ -99.22371489, 19.315666480000012 ], [ -99.223792160000016, 19.31565396 ], [ -99.22458601, 19.31552536 ], [ -99.22464002, 19.3155166 ], [ -99.22517545, 19.31542986 ], [ -99.22544808, 19.315385689999985 ], [ -99.22561992, 19.3153532 ], [ -99.22593292, 19.31529402 ], [ -99.22667463, 19.31517897 ], [ -99.22685794, 19.31515053 ], [ -99.22750385, 19.315050329999973 ], [ -99.22755482, 19.315042420000019 ], [ -99.22763114, 19.31503052 ], [ -99.22841436, 19.31490586 ], [ -99.22887876, 19.31481839 ], [ -99.22939195, 19.314721720000044 ], [ -99.22968392, 19.31535512 ], [ -99.22992299, 19.315873760000013 ], [ -99.23026129, 19.315757830000035 ], [ -99.23028687, 19.315749060000041 ], [ -99.231105930000012, 19.316949270000013 ], [ -99.23100046, 19.316966099999977 ], [ -99.230538880000012, 19.316958339999978 ], [ -99.23050585, 19.317012400000038 ], [ -99.23049521, 19.31702981 ], [ -99.23068044, 19.317104899999986 ], [ -99.23071478, 19.317135210000011 ], [ -99.23099062, 19.317378720000026 ], [ -99.23111352, 19.3174872 ], [ -99.23114642, 19.31745276 ] ] ] } },
{ "type": "Feature", "properties": { "COLONIA": "SAN NICOLAS TOTOLAPAN", "DEMARCACIO": "LA MAGDALENA CONTRERAS", "total_manzanas": 15, "manzanas_prioritarias": 3, "ln_total": 2770, "ln_prioritaria": 1200, "secciones": "3079, 3082, 3092, 3093", "pct_cobertura": 20.0 }, "geometry": { "type": "Polygon", "coordinates": [ [ [ -99.23744865, 19.30357364 ], [ -99.2373393, 19.303287340000026 ], [ -99.23731105, 19.303211780000012 ], [ -99.23720007, 19.302860349999985 ], [ -99.23716418, 19.302792429999979 ], [ -99.237086340000019, 19.302588650000011 ], [ -99.23707995, 19.30229981 ], [ -99.23705728, 19.30208352 ], [ -99.23703387, 19.301977180000012 ], [ -99.23700419, 19.301910989999989 ], [ -99.2369301, 19.30183683 ], [ -99.23654761, 19.30160113000003 ], [ -99.23654496, 19.30158149 ], [ -99.2364308, 19.301531690000051 ], [ -99.23560979, 19.301173559999988 ], [ -99.2352532, 19.30120224000003 ], [ -99.23487602, 19.301050079999978 ], [ -99.23438658, 19.30085265000001 ], [ -99.234213, 19.300855009999985 ], [ -99.23418031, 19.300855449999982 ], [ -99.2341382, 19.30051765000001 ], [ -99.23411223, 19.30030936 ], [ -99.23405088, 19.300214229999959 ], [ -99.23378157, 19.300121640000011 ], [ -99.23351226, 19.30002905 ], [ -99.23322921, 19.29993173 ], [ -99.23323223, 19.2999429 ], [ -99.23327803, 19.30011247 ], [ -99.23328364, 19.30013322 ], [ -99.23328701, 19.300145729999986 ], [ -99.23289206, 19.300041060000016 ], [ -99.23281694, 19.29995495 ], [ -99.23276937, 19.299816329999949 ], [ -99.23276883, 19.29974064 ], [ -99.23276847, 19.299689950000012 ], [ -99.23283061, 19.29959286 ], [ -99.23285164, 19.29937954 ], [ -99.23275308, 19.299239559999975 ], [ -99.23278925, 19.298731669999977 ], [ -99.2327952, 19.2985974 ], [ -99.23275628, 19.298468699999972 ], [ -99.23267795000001, 19.298288170000014 ], [ -99.23261631, 19.298171500000013 ], [ -99.23255463, 19.29803148 ], [ -99.23250517000001, 19.29783307 ], [ -99.23251112, 19.297692969999989 ], [ -99.23259696, 19.297529410000024 ], [ -99.23270122, 19.29734832 ], [ -99.232860830000021, 19.29717883 ], [ -99.233002, 19.29702105 ], [ -99.2330755, 19.296822480000014 ], [ -99.23351158, 19.296524220000041 ], [ -99.23369576, 19.29634302 ], [ -99.23380017, 19.29627284 ], [ -99.23396302, 19.29627564 ], [ -99.23415653, 19.29611478 ], [ -99.234254480000018, 19.29582278 ], [ -99.23438342, 19.29570587 ], [ -99.23448175, 19.295682390000021 ], [ -99.23458009, 19.29566475 ], [ -99.23485032, 19.295465939999964 ], [ -99.23493625, 19.295372430000011 ], [ -99.23513538, 19.295297429999984 ], [ -99.23533273, 19.29513552 ], [ -99.23546756, 19.295054420000017 ], [ -99.23554028, 19.29503698 ], [ -99.23571981, 19.295135020000014 ], [ -99.23585123, 19.29515171 ], [ -99.23602875, 19.295127870000044 ], [ -99.2361519, 19.294940290000028 ], [ -99.23593939, 19.294723370000021 ], [ -99.235882370000013, 19.29460204 ], [ -99.23587873000001, 19.29452114 ], [ -99.2359319, 19.29447047 ], [ -99.23604546, 19.294413 ], [ -99.23653201, 19.294425889999985 ], [ -99.23670597, 19.294395309999981 ], [ -99.236879790000017, 19.29426696 ], [ -99.23699338, 19.29422972 ], [ -99.23712835, 19.294249779999983 ], [ -99.23725266, 19.294283309999976 ], [ -99.23735909, 19.294192159999977 ], [ -99.237536820000017, 19.294309940000026 ], [ -99.23770652, 19.294260220000012 ], [ -99.23803241, 19.294450909999973 ], [ -99.23798234, 19.294508979999978 ], [ -99.23786108, 19.294676010000011 ], [ -99.23779553, 19.294759489999965 ], [ -99.23763363, 19.29492352 ], [ -99.23744723, 19.295059720000051 ], [ -99.23721742, 19.295179510000015 ], [ -99.23702876, 19.295251859999972 ], [ -99.23667091, 19.2953512 ], [ -99.23632387, 19.295423760000027 ], [ -99.23591618, 19.295566430000026 ], [ -99.23532755, 19.29582331000001 ], [ -99.23534613, 19.29593203 ], [ -99.23546362, 19.296234189999989 ], [ -99.23559056, 19.29656111 ], [ -99.23586432, 19.29655665 ], [ -99.2360065, 19.296574529999976 ], [ -99.23672572, 19.296664989999975 ], [ -99.23764349, 19.296519530000033 ], [ -99.237708790000013, 19.296509180000037 ], [ -99.23791217, 19.29646385 ], [ -99.23793323, 19.296449260000013 ], [ -99.23813573, 19.29630902 ], [ -99.23823726000002, 19.296180110000023 ], [ -99.23828818, 19.29621546 ], [ -99.23833909, 19.296250810000011 ], [ -99.2384278, 19.296637020000052 ], [ -99.23839429, 19.2969075 ], [ -99.23836773, 19.297300300000018 ], [ -99.23842255, 19.297693 ], [ -99.23849409, 19.29786392 ], [ -99.23855185, 19.298001890000016 ], [ -99.2386411, 19.29815249 ], [ -99.23873035, 19.29830309 ], [ -99.238668440000012, 19.29829873 ], [ -99.23860654, 19.29829436 ], [ -99.23790946, 19.29811412 ], [ -99.2375902, 19.298201170000013 ], [ -99.23726471, 19.29827642 ], [ -99.23698708000002, 19.29834060000001 ], [ -99.23693922, 19.29835167 ], [ -99.23689256, 19.29834976 ], [ -99.23684589, 19.29834785000002 ], [ -99.23675256, 19.298344040000021 ], [ -99.23593319, 19.298238329999986 ], [ -99.23590626, 19.29823486 ], [ -99.23587476, 19.29830603 ], [ -99.23579463, 19.29848705 ], [ -99.23579887, 19.29855006 ], [ -99.23589461, 19.298790160000017 ], [ -99.23574043, 19.299071969999979 ], [ -99.23555538, 19.29941019 ], [ -99.23573754, 19.29950704000003 ], [ -99.23602246, 19.299776829999985 ], [ -99.23640069, 19.30017421 ], [ -99.23643767, 19.30015998 ], [ -99.23669541, 19.30006085 ], [ -99.23700569, 19.299972030000013 ], [ -99.23742466, 19.29992237 ], [ -99.23791614000001, 19.299931549999972 ], [ -99.23846202, 19.29998979 ], [ -99.239646940000014, 19.30013559 ], [ -99.23974268, 19.30016003 ], [ -99.23978418, 19.300236110000021 ], [ -99.2397586, 19.300432620000027 ], [ -99.23967596, 19.300526059999989 ], [ -99.23929609, 19.30078443 ], [ -99.23870907, 19.30089817 ], [ -99.23820763, 19.301161620000016 ], [ -99.23821805, 19.301210729999973 ], [ -99.23823638, 19.30136297 ], [ -99.23821846, 19.30149071 ], [ -99.23816769, 19.30161529 ], [ -99.23821975, 19.30163243 ], [ -99.23868822, 19.301805689999981 ], [ -99.23874653, 19.30182726 ], [ -99.23879768, 19.301846179999988 ], [ -99.23887005, 19.3018744 ], [ -99.23905686, 19.30195629 ], [ -99.23920979, 19.30201728 ], [ -99.23934374, 19.302087560000011 ], [ -99.23941997, 19.30212755 ], [ -99.23954901, 19.302200790000022 ], [ -99.23957657, 19.30221643 ], [ -99.239989350000016, 19.302215189999984 ], [ -99.24008148, 19.30221492 ], [ -99.24011947, 19.302265539999979 ], [ -99.24021865, 19.30239768000002 ], [ -99.24028999, 19.30256039 ], [ -99.24037514, 19.30275457 ], [ -99.24040046, 19.30281196 ], [ -99.24056455, 19.30317874 ], [ -99.240504110000018, 19.303427550000013 ], [ -99.24046378, 19.30359129 ], [ -99.24025228, 19.30395571 ], [ -99.24011967, 19.30406354 ], [ -99.24005789, 19.304091520000014 ], [ -99.23964157, 19.304131120000012 ], [ -99.23916805, 19.30416921 ], [ -99.23917520000002, 19.30413622 ], [ -99.23949279, 19.303925930000016 ], [ -99.2396466, 19.303805470000015 ], [ -99.23973584, 19.30368981 ], [ -99.23979038, 19.303616640000019 ], [ -99.239839840000016, 19.30347745 ], [ -99.23992641, 19.30322974 ], [ -99.23993584, 19.30288546 ], [ -99.23972764, 19.30289673 ], [ -99.23973031, 19.30330074 ], [ -99.23963125, 19.30349423 ], [ -99.23947511, 19.303723170000019 ], [ -99.23939318, 19.303739780000033 ], [ -99.23900078, 19.303747370000018 ], [ -99.23888897, 19.30371214 ], [ -99.238774530000015, 19.3035826 ], [ -99.23865754, 19.303403540000012 ], [ -99.23865748, 19.303358740000018 ], [ -99.23856802, 19.303325840000017 ], [ -99.2384463, 19.30330949999998 ], [ -99.23837178, 19.30330016 ], [ -99.23811362, 19.30339246 ], [ -99.23806396, 19.30340196 ], [ -99.23790001, 19.30337859 ], [ -99.23773607, 19.30335994 ], [ -99.23765408, 19.303661379999987 ], [ -99.237635, 19.303694130000022 ], [ -99.23751431, 19.30360754 ], [ -99.23744865, 19.30357364 ] ] ] } },
{ "type": "Feature", "properties": { "COLONIA": "SAN NICOLAS TOTOLAPAN (PBLO)", "DEMARCACIO": "LA MAGDALENA CONTRERAS", "total_manzanas": 49, "manzanas_prioritarias": 12, "ln_total": 11504, "ln_prioritaria": 7423, "secciones": "3082, 3083, 3084, 3090, 3091, 3092, 3094, 3104, 3116", "pct_cobertura": 24.5 }, "geometry": { "type": "Polygon", "coordinates": [ [ [ -99.24212147, 19.302175429999959 ], [ -99.24202013, 19.30220474 ], [ -99.24125557, 19.302465340000012 ], [ -99.24037514, 19.30275457 ], [ -99.24028999, 19.30256039 ], [ -99.24021865, 19.30239768000002 ], [ -99.24011947, 19.302265539999979 ], [ -99.24008148, 19.30221492 ], [ -99.239989350000016, 19.302215189999984 ], [ -99.23957657, 19.30221643 ], [ -99.23954901, 19.302200790000022 ], [ -99.23941997, 19.30212755 ], [ -99.23934374, 19.302087560000011 ], [ -99.23920979, 19.30201728 ], [ -99.23905686, 19.30195629 ], [ -99.23887005, 19.3018744 ], [ -99.23879768, 19.301846179999988 ], [ -99.23874653, 19.30182726 ], [ -99.23868822, 19.301805689999981 ], [ -99.23821975, 19.30163243 ], [ -99.23816769, 19.30161529 ], [ -99.23821846, 19.30149071 ], [ -99.23823638, 19.30136297 ], [ -99.23821805, 19.301210729999973 ], [ -99.23820763, 19.301161620000016 ], [ -99.23870907, 19.30089817 ], [ -99.23929609, 19.30078443 ], [ -99.23967596, 19.300526059999989 ], [ -99.2397586, 19.300432620000027 ], [ -99.23978418, 19.300236110000021 ], [ -99.23974268, 19.30016003 ], [ -99.239646940000014, 19.30013559 ], [ -99.23846202, 19.29998979 ], [ -99.23791614000001, 19.299931549999972 ], [ -99.23742466, 19.29992237 ], [ -99.23700569, 19.299972030000013 ], [ -99.23669541, 19.30006085 ], [ -99.23643767, 19.30015998 ], [ -99.23640069, 19.30017421 ], [ -99.23602246, 19.299776829999985 ], [ -99.23573754, 19.29950704000003 ], [ -99.23555538, 19.29941019 ], [ -99.23574043, 19.299071969999979 ], [ -99.23589461, 19.298790160000017 ], [ -99.23579887, 19.29855006 ], [ -99.23579463, 19.29848705 ], [ -99.23587476, 19.29830603 ], [ -99.23590626, 19.29823486 ], [ -99.23593319, 19.298238329999986 ], [ -99.23675256, 19.298344040000021 ], [ -99.23684589, 19.29834785000002 ], [ -99.23689256, 19.29834976 ], [ -99.23693922, 19.29835167 ], [ -99.23698708000002, 19.29834060000001 ], [ -99.23726471, 19.29827642 ], [ -99.2375902, 19.298201170000013 ], [ -99.23790946, 19.29811412 ], [ -99.23860654, 19.29829436 ], [ -99.238668440000012, 19.29829873 ], [ -99.23873035, 19.29830309 ], [ -99.2386411, 19.29815249 ], [ -99.23855185, 19.298001890000016 ], [ -99.23849409, 19.29786392 ], [ -99.23842255, 19.297693 ], [ -99.23836773, 19.297300300000018 ], [ -99.23839429, 19.2969075 ], [ -99.2384278, 19.296637020000052 ], [ -99.23833909, 19.296250810000011 ], [ -99.23828315, 19.29614887 ], [ -99.23831749, 19.296015499999985 ], [ -99.23843748, 19.2955494 ], [ -99.238633480000018, 19.29514637 ], [ -99.23878848, 19.29500863 ], [ -99.23928994, 19.29477711 ], [ -99.23951222, 19.294658929999976 ], [ -99.23965413, 19.294600900000027 ], [ -99.23971846, 19.29460489 ], [ -99.24030657, 19.29437455999998 ], [ -99.24017583, 19.29419838 ], [ -99.2401727, 19.294082280000026 ], [ -99.24042152, 19.294053880000032 ], [ -99.24070431, 19.2942215 ], [ -99.24083211, 19.29419435 ], [ -99.24093855, 19.294126780000013 ], [ -99.24126513, 19.29403868 ], [ -99.24136443, 19.29395088 ], [ -99.24152037, 19.29374162 ], [ -99.24160538, 19.293593150000046 ], [ -99.24197408, 19.293167810000043 ], [ -99.241647, 19.292911989999961 ], [ -99.24171075, 19.292797260000018 ], [ -99.24195214, 19.292888600000012 ], [ -99.24293201, 19.29294932 ], [ -99.24466313, 19.29307105 ], [ -99.24570913, 19.293092600000023 ], [ -99.24554538, 19.29322183 ], [ -99.24706601, 19.292922690000015 ], [ -99.247496400000017, 19.292841 ], [ -99.24802626, 19.292765649999989 ], [ -99.24845975, 19.292458519999979 ], [ -99.249211500000015, 19.29192601 ], [ -99.24941113, 19.292069529999964 ], [ -99.25012282, 19.29301066 ], [ -99.25180961, 19.2933996 ], [ -99.25305709, 19.293691319999976 ], [ -99.2538172, 19.29436466 ], [ -99.25565917, 19.293414840000018 ], [ -99.255758540000016, 19.29349376 ], [ -99.25557997, 19.29367756 ], [ -99.255521450000018, 19.293737790000026 ], [ -99.25524834, 19.29401889 ], [ -99.25514989, 19.294120220000046 ], [ -99.25475241, 19.29452934 ], [ -99.25452517, 19.29477665 ], [ -99.25449779, 19.294806450000017 ], [ -99.25426123, 19.294979759999975 ], [ -99.25420573000001, 19.29499421 ], [ -99.2538606, 19.295084099999976 ], [ -99.25350988, 19.29525834 ], [ -99.25337384, 19.295325859999977 ], [ -99.2532961, 19.295364549999988 ], [ -99.25315065, 19.295436810000016 ], [ -99.25297054, 19.29554906 ], [ -99.25267717, 19.2957319 ], [ -99.25265924, 19.29574308 ], [ -99.25224804, 19.29608829 ], [ -99.25219832, 19.296130030000018 ], [ -99.25212449, 19.296166020000022 ], [ -99.251781390000019, 19.296333290000028 ], [ -99.25179674, 19.296361679999958 ], [ -99.25182578, 19.29640185 ], [ -99.25202855, 19.296361360000013 ], [ -99.25217107, 19.2962744 ], [ -99.25235609, 19.296280490000022 ], [ -99.252489850000018, 19.29629724 ], [ -99.25254562, 19.296324669999976 ], [ -99.25283011, 19.296157950000023 ], [ -99.25284148, 19.296171880000021 ], [ -99.25289994, 19.296243499999978 ], [ -99.25293311, 19.296480920000015 ], [ -99.25296915, 19.296802720000027 ], [ -99.25304572, 19.296945489999988 ], [ -99.25300772, 19.29698783 ], [ -99.252831830000019, 19.29718385 ], [ -99.25276698, 19.297198150000014 ], [ -99.25244207, 19.297269820000036 ], [ -99.25227512, 19.29735078 ], [ -99.25160293, 19.29767676 ], [ -99.25096637, 19.298175969999985 ], [ -99.25091312, 19.2982456 ], [ -99.25064869, 19.298591370000018 ], [ -99.24999006, 19.29858371 ], [ -99.24969858, 19.298781620000035 ], [ -99.24838105, 19.29967622 ], [ -99.24804323, 19.299905600000027 ], [ -99.24781954, 19.29970894 ], [ -99.2478049, 19.29969608 ], [ -99.24779027, 19.29968321 ], [ -99.24736412, 19.299788730000021 ], [ -99.24685242, 19.300001440000013 ], [ -99.24656719, 19.300056579999978 ], [ -99.24617208, 19.300180790000041 ], [ -99.245774, 19.300279749999987 ], [ -99.24553566, 19.30033731 ], [ -99.245143500000012, 19.300391529999967 ], [ -99.2450508, 19.30040435 ], [ -99.24490971, 19.30051792000004 ], [ -99.24480198, 19.300560580000013 ], [ -99.24476726, 19.30055803 ], [ -99.24470641, 19.30076366 ], [ -99.24466532, 19.30085505 ], [ -99.24405284, 19.30128414 ], [ -99.24408674, 19.301289180000012 ], [ -99.2442105, 19.30130756 ], [ -99.24429177, 19.30129544 ], [ -99.24432772, 19.301290089999988 ], [ -99.24458372, 19.301251920000023 ], [ -99.24496502, 19.30104663000002 ], [ -99.24506442, 19.300951980000043 ], [ -99.24516383, 19.300857329999989 ], [ -99.2453831, 19.30088576 ], [ -99.24561201, 19.3009985 ], [ -99.24560639, 19.301091449999973 ], [ -99.24559899, 19.301213740000016 ], [ -99.24559581, 19.301266319999979 ], [ -99.245554630000015, 19.30146328 ], [ -99.24330262, 19.302119199999986 ], [ -99.24212147, 19.302175429999959 ] ] ] } },
{ "type": "Feature", "properties": { "COLONIA": "SANTA TERESA", "DEMARCACIO": "LA MAGDALENA CONTRERAS", "total_manzanas": 23, "manzanas_prioritarias": 7, "ln_total": 2130, "ln_prioritaria": 1069, "secciones": "3052, 3053, 3054, 3055, 3056, 3057, 3058", "pct_cobertura": 30.4 }, "geometry": { "type": "Polygon", "coordinates": [ [ [ -99.22512605, 19.31224058 ], [ -99.22494468, 19.312169580000027 ], [ -99.22473557, 19.311649170000024 ], [ -99.22472952, 19.31123785 ], [ -99.2246798, 19.31096717 ], [ -99.2242466, 19.311004149999984 ], [ -99.2238135, 19.311114020000037 ], [ -99.22363805, 19.311145470000028 ], [ -99.22380932, 19.312072050000026 ], [ -99.22399099, 19.31258208 ], [ -99.22415812, 19.31282511 ], [ -99.22408864, 19.312846480000022 ], [ -99.22401915, 19.312867850000018 ], [ -99.22360657, 19.31288539 ], [ -99.22355679, 19.312902640000019 ], [ -99.22336002, 19.31297085 ], [ -99.22329281, 19.31302203 ], [ -99.22322561, 19.313073209999988 ], [ -99.22315848, 19.31317973 ], [ -99.22304648, 19.313265030000032 ], [ -99.22298539, 19.31330513 ], [ -99.2229404, 19.31325364 ], [ -99.22284532, 19.3130675 ], [ -99.22283322, 19.31297975 ], [ -99.22282112, 19.312892010000024 ], [ -99.22286885, 19.312742430000021 ], [ -99.22301582, 19.312563480000019 ], [ -99.22304973, 19.31232617000002 ], [ -99.22304189, 19.311588339999968 ], [ -99.222992460000015, 19.31099575 ], [ -99.22404132, 19.31091303 ], [ -99.22471586, 19.31073534 ], [ -99.22507901, 19.31063968 ], [ -99.22511009, 19.31040971999996 ], [ -99.22524178, 19.309872010000014 ], [ -99.22534224, 19.309780060000012 ], [ -99.22544271, 19.309688110000018 ], [ -99.22572866, 19.30943798 ], [ -99.22599346, 19.309301879999978 ], [ -99.22634784, 19.30906992 ], [ -99.22678014, 19.308812239999988 ], [ -99.22709488, 19.308528639999949 ], [ -99.22745715, 19.308202219999984 ], [ -99.22760108, 19.30843914 ], [ -99.22773684, 19.308679360000024 ], [ -99.22793173, 19.309092799999984 ], [ -99.22866532, 19.308720319999985 ], [ -99.2288822, 19.308592409999985 ], [ -99.22914686, 19.308436319999988 ], [ -99.22922746, 19.308388780000012 ], [ -99.22907854, 19.308090690000057 ], [ -99.22968561, 19.307753609999988 ], [ -99.22959332, 19.307601239999986 ], [ -99.22974093, 19.30749329 ], [ -99.23003549, 19.30788743999998 ], [ -99.23027706, 19.307761109999987 ], [ -99.2304064, 19.307693469999982 ], [ -99.23095411, 19.307370439999985 ], [ -99.23114642, 19.30758315000001 ], [ -99.23139978, 19.307856129999962 ], [ -99.23165315, 19.30812911 ], [ -99.23191352, 19.30839617 ], [ -99.231409740000018, 19.308927450000031 ], [ -99.23133299, 19.309008640000041 ], [ -99.231221660000017, 19.309126389999978 ], [ -99.23105433, 19.30930338 ], [ -99.2309335, 19.30943119 ], [ -99.23056962, 19.30981607999998 ], [ -99.23053231, 19.30985555 ], [ -99.23051889, 19.309869739999979 ], [ -99.23046403, 19.30994614 ], [ -99.23043661, 19.30998434 ], [ -99.23040918, 19.31002254000002 ], [ -99.23043817, 19.310045409999962 ], [ -99.23039895, 19.31043820999998 ], [ -99.23037946, 19.31063338 ], [ -99.23034298, 19.310998650000027 ], [ -99.22973528, 19.3111264 ], [ -99.22953153, 19.31121357000001 ], [ -99.22952555, 19.31117085 ], [ -99.22950809, 19.31104612 ], [ -99.22950185, 19.311001589999986 ], [ -99.22948509, 19.31096615 ], [ -99.229401650000014, 19.310789689999982 ], [ -99.22911354, 19.310684039999988 ], [ -99.22890864, 19.310712780000014 ], [ -99.22819544, 19.310726530000025 ], [ -99.22764788, 19.31071009 ], [ -99.22763378, 19.31130805 ], [ -99.22745926, 19.31146746 ], [ -99.22661949, 19.312234480000015 ], [ -99.22634621, 19.31198113 ], [ -99.22627021, 19.311911690000024 ], [ -99.22612553, 19.3117795 ], [ -99.22614354, 19.3118327 ], [ -99.22616156, 19.3118859 ], [ -99.22616164, 19.31194755 ], [ -99.22616167, 19.3119668 ], [ -99.22614409, 19.311984660000029 ], [ -99.22583025, 19.312303579999966 ], [ -99.22549432, 19.312619079999983 ], [ -99.22512605, 19.31224058 ] ] ] } },
{ "type": "Feature", "properties": { "COLONIA": "SUBESTACION", "DEMARCACIO": "LA MAGDALENA CONTRERAS", "total_manzanas": 11, "manzanas_prioritarias": 3, "ln_total": 1706, "ln_prioritaria": 841, "secciones": "3095, 3104", "pct_cobertura": 27.3 }, "geometry": { "type": "Polygon", "coordinates": [ [ [ -99.24181734, 19.287730619999969 ], [ -99.2421368, 19.28791703 ], [ -99.24250863, 19.288024489999984 ], [ -99.242784210000011, 19.28809886000003 ], [ -99.24447699, 19.28850764000002 ], [ -99.24490577, 19.288689739999985 ], [ -99.24517721, 19.288921890000022 ], [ -99.24562288, 19.28954852 ], [ -99.24605627, 19.290268389999984 ], [ -99.24629927, 19.290672009999977 ], [ -99.24634959, 19.290755590000021 ], [ -99.24635694, 19.290787300000012 ], [ -99.24638784, 19.29092052999998 ], [ -99.24640135, 19.290978779999971 ], [ -99.24651199, 19.291455750000022 ], [ -99.24658146, 19.292029480000014 ], [ -99.2465539, 19.29212838 ], [ -99.24648727, 19.29236699 ], [ -99.24633754, 19.292592269999979 ], [ -99.24628315, 19.29263747 ], [ -99.24622864, 19.29268261 ], [ -99.24609217, 19.29279031 ], [ -99.24585096, 19.292980669999984 ], [ -99.24570913, 19.293092600000023 ], [ -99.24466313, 19.29307105 ], [ -99.24293201, 19.29294932 ], [ -99.24195214, 19.292888600000012 ], [ -99.24171075, 19.292797260000018 ], [ -99.24190947, 19.29270258999998 ], [ -99.24207986, 19.29265516000001 ], [ -99.24216497, 19.29258086 ], [ -99.24229862, 19.29249516 ], [ -99.24232814, 19.292459259999987 ], [ -99.24232061, 19.292162550000011 ], [ -99.24237022, 19.29209505 ], [ -99.24236291, 19.29202687 ], [ -99.24239591, 19.291883 ], [ -99.24245182, 19.291755089999988 ], [ -99.24253305, 19.29167628 ], [ -99.24269625, 19.291636050000019 ], [ -99.24288102, 19.29170313 ], [ -99.24293742, 19.291433420000015 ], [ -99.24290877, 19.29127161000001 ], [ -99.24286129, 19.289292499999984 ], [ -99.24272121, 19.289295969999976 ], [ -99.24256495, 19.289289440000015 ], [ -99.24238024, 19.289249220000013 ], [ -99.24223095, 19.289148269999984 ], [ -99.24208165, 19.28904731 ], [ -99.24190394, 19.288939649999978 ], [ -99.24179723, 19.28881166 ], [ -99.24171174, 19.288636439999976 ], [ -99.24145201, 19.28828948 ], [ -99.24131325, 19.28810422 ], [ -99.2412491, 19.2879492 ], [ -99.24111385, 19.28773358 ], [ -99.2408008, 19.2873496 ], [ -99.24078816, 19.287116039999987 ], [ -99.24102736, 19.286870510000028 ], [ -99.24112545, 19.287029870000019 ], [ -99.24149337, 19.287461180000015 ], [ -99.24181734, 19.287730619999969 ] ] ] } },
{ "type": "Feature", "properties": { "COLONIA": "TIERRA COLORADA", "DEMARCACIO": "LA MAGDALENA CONTRERAS", "total_manzanas": 35, "manzanas_prioritarias": 10, "ln_total": 4912, "ln_prioritaria": 2781, "secciones": "5557, 5558, 5559", "pct_cobertura": 28.6 }, "geometry": { "type": "Polygon", "coordinates": [ [ [ -99.24963238, 19.264462510000023 ], [ -99.24997457, 19.264484559999989 ], [ -99.2518655, 19.26541507000001 ], [ -99.25221701, 19.266193250000025 ], [ -99.25269503, 19.2691328 ], [ -99.25386061, 19.2691626 ], [ -99.25447814, 19.26939923 ], [ -99.257536710000011, 19.267602699999983 ], [ -99.25914139, 19.269122060000011 ], [ -99.25940846, 19.27050649000002 ], [ -99.2570994, 19.272732789999985 ], [ -99.2555514, 19.27283278 ], [ -99.25377328, 19.272839009999981 ], [ -99.24979952, 19.272852880000023 ], [ -99.24897472, 19.27323249 ], [ -99.24810394, 19.27363194 ], [ -99.24808556, 19.27364037 ], [ -99.24802508, 19.273720940000036 ], [ -99.2475253, 19.27438667000003 ], [ -99.24683163, 19.274844489999971 ], [ -99.24665688, 19.274991439999969 ], [ -99.24655769, 19.275074850000031 ], [ -99.24651693, 19.275112590000035 ], [ -99.24647617, 19.27515032 ], [ -99.24620187, 19.2754043 ], [ -99.24617573, 19.275455949999987 ], [ -99.24597989, 19.275842899999969 ], [ -99.24560656, 19.275989729999985 ], [ -99.24499369, 19.27623077 ], [ -99.24493468, 19.27637764 ], [ -99.24473507, 19.276436260000015 ], [ -99.24441551, 19.276155469999978 ], [ -99.2442776, 19.276123240000029 ], [ -99.24416608, 19.27602128 ], [ -99.24408528, 19.27591927 ], [ -99.24400827, 19.275784439999974 ], [ -99.24386626, 19.27583934 ], [ -99.2435241, 19.27562461 ], [ -99.24344319, 19.275409570000022 ], [ -99.24360024, 19.2751395 ], [ -99.24366515, 19.27488231 ], [ -99.24381057, 19.27453749 ], [ -99.24396758, 19.27423459 ], [ -99.24413579, 19.27400619 ], [ -99.24430145, 19.27367380999998 ], [ -99.24436594, 19.27354116 ], [ -99.24445988, 19.273307860000028 ], [ -99.24463383, 19.2729352 ], [ -99.24455573, 19.27276788 ], [ -99.24449824, 19.2726617 ], [ -99.24439134, 19.27253824 ], [ -99.24413753, 19.27230154 ], [ -99.24404518, 19.272177669999969 ], [ -99.24391428, 19.27195903 ], [ -99.24380643, 19.27174037 ], [ -99.24373191, 19.271056390000037 ], [ -99.24377585, 19.270709200000024 ], [ -99.24376402, 19.270576309999985 ], [ -99.24381976, 19.27036184 ], [ -99.24379315, 19.27026873 ], [ -99.24368851, 19.269902510000016 ], [ -99.24371885, 19.269647189999958 ], [ -99.2439411, 19.26931868 ], [ -99.24424821, 19.26924534 ], [ -99.24447052, 19.26896058 ], [ -99.24495415, 19.26880677 ], [ -99.24533018, 19.26859475 ], [ -99.24556024, 19.268361039999981 ], [ -99.24588246, 19.268119919999972 ], [ -99.24601284, 19.26799575 ], [ -99.24618871, 19.267477659999987 ], [ -99.24620286, 19.26722609000004 ], [ -99.24614191, 19.26699634 ], [ -99.24614176, 19.266894339999979 ], [ -99.24609529, 19.26663172 ], [ -99.24609488, 19.26636185 ], [ -99.2458949, 19.26616519 ], [ -99.24602346, 19.265900060000014 ], [ -99.24645016, 19.26453570000001 ], [ -99.24705825, 19.264195640000011 ], [ -99.24775957, 19.264276359999986 ], [ -99.24963238, 19.264462510000023 ] ] ] } },
{ "type": "Feature", "properties": { "COLONIA": "TIERRA UNIDA", "DEMARCACIO": "LA MAGDALENA CONTRERAS", "total_manzanas": 26, "manzanas_prioritarias": 6, "ln_total": 3060, "ln_prioritaria": 1374, "secciones": "3118", "pct_cobertura": 23.1 }, "geometry": { "type": "Polygon", "coordinates": [ [ [ -99.2677979, 19.303601520000015 ], [ -99.26794004, 19.303410190000015 ], [ -99.26797847, 19.303358460000016 ], [ -99.26807573, 19.303237480000021 ], [ -99.26814631, 19.303135119999986 ], [ -99.26817309, 19.30309629 ], [ -99.26819102, 19.302794279999979 ], [ -99.26820608, 19.30270251 ], [ -99.2681842, 19.30249805 ], [ -99.26819207, 19.30203996 ], [ -99.2682519, 19.301745400000016 ], [ -99.26837235, 19.301202559999986 ], [ -99.26865139, 19.301202529999976 ], [ -99.26936349, 19.30120222 ], [ -99.26983059, 19.30120207000002 ], [ -99.27008274, 19.30138333999998 ], [ -99.27056413, 19.30172941 ], [ -99.27108391, 19.30207908 ], [ -99.271496010000021, 19.30235574 ], [ -99.27181693, 19.302578039999958 ], [ -99.27172943, 19.302694540000022 ], [ -99.271791330000013, 19.302701900000031 ], [ -99.271855230000014, 19.30270968 ], [ -99.2715694, 19.302940399999986 ], [ -99.27137309, 19.303098849999984 ], [ -99.27131082, 19.30314912 ], [ -99.27086029, 19.30369185 ], [ -99.27082692, 19.30373204 ], [ -99.27079355, 19.303772239999969 ], [ -99.27075359, 19.30381735 ], [ -99.27051967, 19.304081409999988 ], [ -99.27007801, 19.30433776 ], [ -99.2700065, 19.30437218 ], [ -99.269877310000012, 19.304434370000017 ], [ -99.26981023, 19.304466659999985 ], [ -99.26957535, 19.304579730000015 ], [ -99.26939757, 19.30461859 ], [ -99.26911321, 19.304744439999979 ], [ -99.2684528, 19.305132339999982 ], [ -99.26796095, 19.305387070000013 ], [ -99.26758381, 19.30558239 ], [ -99.26749393, 19.30562894 ], [ -99.26724033, 19.305767959999979 ], [ -99.26698673, 19.305906990000032 ], [ -99.26691182, 19.305953909999985 ], [ -99.26655181, 19.306179400000016 ], [ -99.266387, 19.30628262 ], [ -99.26633023, 19.306324980000014 ], [ -99.26615633, 19.30645472 ], [ -99.26578089, 19.30673483 ], [ -99.265611230000019, 19.30650723 ], [ -99.26528453, 19.306068939999978 ], [ -99.26522668, 19.30603766 ], [ -99.26553224, 19.305687130000017 ], [ -99.26578922, 19.305233639999987 ], [ -99.26597038, 19.305115570000012 ], [ -99.26647568, 19.304761400000018 ], [ -99.26680928, 19.304470919999982 ], [ -99.26742891, 19.303989720000011 ], [ -99.2677979, 19.303601520000015 ] ] ] } },
{ "type": "Feature", "properties": { "COLONIA": "VISTA HERMOSA", "DEMARCACIO": "LA MAGDALENA CONTRERAS", "total_manzanas": 15, "manzanas_prioritarias": 2, "ln_total": 1599, "ln_prioritaria": 522, "secciones": "3037, 3042, 3043", "pct_cobertura": 13.3 }, "geometry": { "type": "Polygon", "coordinates": [ [ [ -99.25256585, 19.31369184 ], [ -99.25227731, 19.313699950000029 ], [ -99.25246464, 19.31348067 ], [ -99.25283521, 19.31304688 ], [ -99.25283446, 19.31293428 ], [ -99.25279274, 19.312852740000018 ], [ -99.25269344, 19.31248153000001 ], [ -99.25265666, 19.31215167 ], [ -99.25267973, 19.311968740000015 ], [ -99.25280223, 19.31190206 ], [ -99.25285344, 19.31187845 ], [ -99.25300016, 19.31181083 ], [ -99.25369478, 19.31149068 ], [ -99.25395145, 19.31136839 ], [ -99.25418865, 19.31158434 ], [ -99.25432041, 19.31173401 ], [ -99.254526020000014, 19.31201744 ], [ -99.2543743, 19.312061990000025 ], [ -99.25410544, 19.31209718 ], [ -99.25398908, 19.31211240999998 ], [ -99.25400672, 19.31218997 ], [ -99.25413565, 19.312511250000025 ], [ -99.25420422, 19.31254803 ], [ -99.254059510000019, 19.313295609999983 ], [ -99.25399426, 19.313312419999985 ], [ -99.25369187, 19.313390340000044 ], [ -99.25367359, 19.31339615 ], [ -99.25352884, 19.31344218 ], [ -99.25353761, 19.313479380000022 ], [ -99.25354638, 19.31351657 ], [ -99.25356652, 19.31364593 ], [ -99.25361943, 19.313985699999989 ], [ -99.25365391, 19.314197380000017 ], [ -99.25335046, 19.31415202 ], [ -99.25299071, 19.314080040000015 ], [ -99.2527718, 19.314049699999984 ], [ -99.25246812, 19.31391899 ], [ -99.25255403, 19.31371905 ], [ -99.25256585, 19.31369184 ] ] ] } }
]
}
