ENTIDAD,NOM_ENT,MUN,NOM_MUN,LOC,NOM_LOC,AGEB,MZA,P_18YMAS,P_18YMAS_M,P_18YMAS_F
9,Ciudad de México,8,La Magdalena Contreras,0,Total del municipio,0000,0,189047,88692,100355
9,Ciudad de México,8,La Magdalena Contreras,1,Total de la localidad urbana,0000,0,188216,88264,99952
9,Ciudad de México,8,La Magdalena Contreras,1,Total AGEB urbana,0014,0,1468,650,818
9,Ciudad de México,8,La Magdalena Contreras,1,La Magdalena Contreras,0014,2,104,51,53
9,Ciudad de México,8,La Magdalena Contreras,1,La Magdalena Contreras,0014,3,277,122,155
9,Ciudad de México,8,La Magdalena Contreras,1,La Magdalena Contreras,0014,4,333,144,189
9,Ciudad de México,8,La Magdalena Contreras,1,La Magdalena Contreras,0014,5,72,32,40
9,Ciudad de México,8,La Magdalena Contreras,1,La Magdalena Contreras,0014,6,17,9,8
9,Ciudad de México,8,La Magdalena Contreras,1,La Magdalena Contreras,0014,7,35,17,18
9,Ciudad de México,8,La Magdalena Contreras,1,La Magdalena Contreras,0014,8,10,4,6
9,Ciudad de México,8,La Magdalena Contreras,1,La Magdalena Contreras,0014,9,11,5,6
9,Ciudad de México,8,La Magdalena Contreras,1,La Magdalena Contreras,0014,10,8,*,6
9,Ciudad de México,8,La Magdalena Contreras,1,La Magdalena Contreras,0014,11,85,36,49
9,Ciudad de México,8,La Magdalena Contreras,1,La Magdalena Contreras,0014,12,78,34,44
9,Ciudad de México,8,La Magdalena Contreras,1,La Magdalena Contreras,0014,13,94,46,48
9,Ciudad de México,8,La Magdalena Contreras,1,La Magdalena Contreras,0014,14,14,6,8
9,Ciudad de México,8,La Magdalena Contreras,1,La Magdalena Contreras,0014,15,7,3,4
9,Ciudad de México,8,La Magdalena Contreras,1,La Magdalena Contreras,0014,16,65,23,42
9,Ciudad de México,8,La Magdalena Contreras,1,La Magdalena Contreras,0014,17,9,5,4
9,Ciudad de México,8,La Magdalena Contreras,1,La Magdalena Contreras,0014,18,10,5,5
9,Ciudad de México,8,La Magdalena Contreras,1,La Magdalena Contreras,0014,19,92,34,58
9,Ciudad de México,8,La Magdalena Contreras,1,La Magdalena Contreras,0014,20,6,*,4
9,Ciudad de México,8,La Magdalena Contreras,1,La Magdalena Contreras,0014,21,68,29,39
9,Ciudad de México,8,La Magdalena Contreras,1,La Magdalena Contreras,0014,26,73,41,32
9,Ciudad de México,8,La Magdalena Contreras,1,Total AGEB urbana,0029,0,1120,488,632
9,Ciudad de México,8,La Magdalena Contreras,1,La Magdalena Contreras,0029,2,9,*,7
9,Ciudad de México,8,La Magdalena Contreras,1,La Magdalena Contreras,0029,3,12,7,5
9,Ciudad de México,8,La Magdalena Contreras,1,La Magdalena Contreras,0029,4,96,35,61
9,Ciudad de México,8,La Magdalena Contreras,1,La Magdalena Contreras,0029,5,98,51,47
9,Ciudad de México,8,La Magdalena Contreras,1,La Magdalena Contreras,0029,6,74,31,43
9,Ciudad de México,8,La Magdalena Contreras,1,La Magdalena Contreras,0029,7,88,36,52
9,Ciudad de México,8,La Magdalena Contreras,1,La Magdalena Contreras,0029,8,25,10,15
9,Ciudad de México,8,La Magdalena Contreras,1,La Magdalena Contreras,0029,9,65,27,38
9,Ciudad de México,8,La Magdalena Contreras,1,La Magdalena Contreras,0029,10,37,18,19
9,Ciudad de México,8,La Magdalena Contreras,1,La Magdalena Contreras,0029,11,16,6,10
9,Ciudad de México,8,La Magdalena Contreras,1,La Magdalena Contreras,0029,12,16,8,8
9,Ciudad de México,8,La Magdalena Contreras,1,La Magdalena Contreras,0029,13,38,20,18
9,Ciudad de México,8,La Magdalena Contreras,1,La Magdalena Contreras,0029,14,72,34,38
9,Ciudad de México,8,La Magdalena Contreras,1,La Magdalena Contreras,0029,15,31,19,12
9,Ciudad de México,8,La Magdalena Contreras,1,La Magdalena Contreras,0029,16,54,20,34
9,Ciudad de México,8,La Magdalena Contreras,1,La Magdalena Contreras,0029,17,23,10,13
9,Ciudad de México,8,La Magdalena Contreras,1,La Magdalena Contreras,0029,18,20,11,9
9,Ciudad de México,8,La Magdalena Contreras,1,La Magdalena Contreras,0029,19,6,0,6
9,Ciudad de México,8,La Magdalena Contreras,1,La Magdalena Contreras,0029,20,28,9,19
9,Ciudad de México,8,La Magdalena Contreras,1,La Magdalena Contreras,0029,21,8,3,5
9,Ciudad de México,8,La Magdalena Contreras,1,La Magdalena Contreras,0029,22,9,3,6
9,Ciudad de México,8,La Magdalena Contreras,1,La Magdalena Contreras,0029,23,9,3,6
9,Ciudad de México,8,La Magdalena Contreras,1,La Magdalena Contreras,0029,24,27,11,16
9,Ciudad de México,8,La Magdalena Contreras,1,La Magdalena Contreras,0029,25,95,40,55
9,Ciudad de México,8,La Magdalena Contreras,1,La Magdalena Contreras,0029,26,*,*,*
9,Ciudad de México,8,La Magdalena Contreras,1,La Magdalena Contreras,0029,27,77,35,42
9,Ciudad de México,8,La Magdalena Contreras,1,La Magdalena Contreras,0029,28,0,0,0
9,Ciudad de México,8,La Magdalena Contreras,1,La Magdalena Contreras,0029,29,*,*,*
9,Ciudad de México,8,La Magdalena Contreras,1,La Magdalena Contreras,0029,30,10,4,6
9,Ciudad de México,8,La Magdalena Contreras,1,La Magdalena Contreras,0029,31,9,3,6
9,Ciudad de México,8,La Magdalena Contreras,1,La Magdalena Contreras,0029,32,6,3,3
9,Ciudad de México,8,La Magdalena Contreras,1,La Magdalena Contreras,0029,33,20,8,12
9,Ciudad de México,8,La Magdalena Contreras,1,La Magdalena Contreras,0029,34,5,4,*
9,Ciudad de México,8,La Magdalena Contreras,1,La Magdalena Contreras,0029,35,21,11,10
9,Ciudad de México,8,La Magdalena Contreras,1,La Magdalena Contreras,0029,36,8,3,5
9,Ciudad de México,8,La Magdalena Contreras,1,Total AGEB urbana,0033,0,508,232,276
9,Ciudad de México,8,La Magdalena Contreras,1,La Magdalena Contreras,0033,1,105,48,57
9,Ciudad de México,8,La Magdalena Contreras,1,La Magdalena Contreras,0033,2,80,33,47
9,Ciudad de México,8,La Magdalena Contreras,1,La Magdalena Contreras,0033,3,93,42,51
9,Ciudad de México,8,La Magdalena Contreras,1,La Magdalena Contreras,0033,4,102,47,55
9,Ciudad de México,8,La Magdalena Contreras,1,La Magdalena Contreras,0033,5,14,4,10
9,Ciudad de México,8,La Magdalena Contreras,1,La Magdalena Contreras,0033,6,103,54,49
9,Ciudad de México,8,La Magdalena Contreras,1,La Magdalena Contreras,0033,7,0,0,0
9,Ciudad de México,8,La Magdalena Contreras,1,La Magdalena Contreras,0033,12,0,0,0
9,Ciudad de México,8,La Magdalena Contreras,1,La Magdalena Contreras,0033,13,0,0,0
9,Ciudad de México,8,La Magdalena Contreras,1,La Magdalena Contreras,0033,16,0,0,0
9,Ciudad de México,8,La Magdalena Contreras,1,La Magdalena Contreras,0033,17,8,3,5
9,Ciudad de México,8,La Magdalena Contreras,1,La Magdalena Contreras,0033,18,0,0,0
9,Ciudad de México,8,La Magdalena Contreras,1,La Magdalena Contreras,0033,19,*,*,*
9,Ciudad de México,8,La Magdalena Contreras,1,La Magdalena Contreras,0033,26,0,0,0
9,Ciudad de México,8,La Magdalena Contreras,1,Total AGEB urbana,0048,0,2215,970,1245
9,Ciudad de México,8,La Magdalena Contreras,1,La Magdalena Contreras,0048,1,41,17,24
9,Ciudad de México,8,La Magdalena Contreras,1,La Magdalena Contreras,0048,2,93,38,55
9,Ciudad de México,8,La Magdalena Contreras,1,La Magdalena Contreras,0048,3,77,36,41
9,Ciudad de México,8,La Magdalena Contreras,1,La Magdalena Contreras,0048,4,177,84,93
9,Ciudad de México,8,La Magdalena Contreras,1,La Magdalena Contreras,0048,5,345,158,187
9,Ciudad de México,8,La Magdalena Contreras,1,La Magdalena Contreras,0048,6,8,*,6
9,Ciudad de México,8,La Magdalena Contreras,1,La Magdalena Contreras,0048,7,15,6,9
9,Ciudad de México,8,La Magdalena Contreras,1,La Magdalena Contreras,0048,9,27,12,15
9,Ciudad de México,8,La Magdalena Contreras,1,La Magdalena Contreras,0048,10,123,48,75
9,Ciudad de México,8,La Magdalena Contreras,1,La Magdalena Contreras,0048,11,93,40,53
9,Ciudad de México,8,La Magdalena Contreras,1,La Magdalena Contreras,0048,12,11,4,7
9,Ciudad de México,8,La Magdalena Contreras,1,La Magdalena Contreras,0048,13,107,49,58
9,Ciudad de México,8,La Magdalena Contreras,1,La Magdalena Contreras,0048,14,87,33,54
9,Ciudad de México,8,La Magdalena Contreras,1,La Magdalena Contreras,0048,16,83,40,43
9,Ciudad de México,8,La Magdalena Contreras,1,La Magdalena Contreras,0048,18,65,25,40
9,Ciudad de México,8,La Magdalena Contreras,1,La Magdalena Contreras,0048,19,113,48,65
9,Ciudad de México,8,La Magdalena Contreras,1,La Magdalena Contreras,0048,20,118,47,71
9,Ciudad de México,8,La Magdalena Contreras,1,La Magdalena Contreras,0048,21,6,*,4
9,Ciudad de México,8,La Magdalena Contreras,1,La Magdalena Contreras,0048,22,7,*,5
9,Ciudad de México,8,La Magdalena Contreras,1,La Magdalena Contreras,0048,23,15,6,9
9,Ciudad de México,8,La Magdalena Contreras,1,La Magdalena Contreras,0048,24,0,0,0
9,Ciudad de México,8,La Magdalena Contreras,1,La Magdalena Contreras,0048,25,*,*,*
9,Ciudad de México,8,La Magdalena Contreras,1,La Magdalena Contreras,0048,29,601,272,329
9,Ciudad de México,8,La Magdalena Contreras,1,La Magdalena Contreras,0048,31,0,0,0
9,Ciudad de México,8,La Magdalena Contreras,1,Total AGEB urbana,0052,0,2008,879,1129
9,Ciudad de México,8,La Magdalena Contreras,1,La Magdalena Contreras,0052,1,481,215,266
9,Ciudad de México,8,La Magdalena Contreras,1,La Magdalena Contreras,0052,4,74,28,46
9,Ciudad de México,8,La Magdalena Contreras,1,La Magdalena Contreras,0052,5,237,102,135
9,Ciudad de México,8,La Magdalena Contreras,1,La Magdalena Contreras,0052,6,215,107,108
9,Ciudad de México,8,La Magdalena Contreras,1,La Magdalena Contreras,0052,8,317,129,188
9,Ciudad de México,8,La Magdalena Contreras,1,La Magdalena Contreras,0052,14,362,159,203
9,Ciudad de México,8,La Magdalena Contreras,1,La Magdalena Contreras,0052,16,146,73,73
9,Ciudad de México,8,La Magdalena Contreras,1,La Magdalena Contreras,0052,18,176,66,110
9,Ciudad de México,8,La Magdalena Contreras,1,Total AGEB urbana,0067,0,680,303,377
9,Ciudad de México,8,La Magdalena Contreras,1,La Magdalena Contreras,0067,1,127,64,63
9,Ciudad de México,8,La Magdalena Contreras,1,La Magdalena Contreras,0067,2,17,6,11
9,Ciudad de México,8,La Magdalena Contreras,1,La Magdalena Contreras,0067,3,37,17,20
9,Ciudad de México,8,La Magdalena Contreras,1,La Magdalena Contreras,0067,4,48,17,31
9,Ciudad de México,8,La Magdalena Contreras,1,La Magdalena Contreras,0067,5,11,5,6
9,Ciudad de México,8,La Magdalena Contreras,1,La Magdalena Contreras,0067,6,25,12,13
9,Ciudad de México,8,La Magdalena Contreras,1,La Magdalena Contreras,0067,7,17,6,11
9,Ciudad de México,8,La Magdalena Contreras,1,La Magdalena Contreras,0067,8,27,11,16
9,Ciudad de México,8,La Magdalena Contreras,1,La Magdalena Contreras,0067,9,72,31,41
9,Ciudad de México,8,La Magdalena Contreras,1,La Magdalena Contreras,0067,10,75,39,36
9,Ciudad de México,8,La Magdalena Contreras,1,La Magdalena Contreras,0067,11,81,36,45
9,Ciudad de México,8,La Magdalena Contreras,1,La Magdalena Contreras,0067,12,42,16,26
9,Ciudad de México,8,La Magdalena Contreras,1,La Magdalena Contreras,0067,13,17,7,10
9,Ciudad de México,8,La Magdalena Contreras,1,La Magdalena Contreras,0067,14,30,17,13
9,Ciudad de México,8,La Magdalena Contreras,1,La Magdalena Contreras,0067,15,29,9,20
9,Ciudad de México,8,La Magdalena Contreras,1,La Magdalena Contreras,0067,16,10,4,6
9,Ciudad de México,8,La Magdalena Contreras,1,La Magdalena Contreras,0067,17,15,6,9
9,Ciudad de México,8,La Magdalena Contreras,1,Total AGEB urbana,0071,0,935,392,543
9,Ciudad de México,8,La Magdalena Contreras,1,La Magdalena Contreras,0071,1,113,45,68
9,Ciudad de México,8,La Magdalena Contreras,1,La Magdalena Contreras,0071,2,116,45,71
9,Ciudad de México,8,La Magdalena Contreras,1,La Magdalena Contreras,0071,3,1,1,0
9,Ciudad de México,8,La Magdalena Contreras,1,La Magdalena Contreras,0071,4,*,*,*
9,Ciudad de México,8,La Magdalena Contreras,1,La Magdalena Contreras,0071,5,34,14,20
9,Ciudad de México,8,La Magdalena Contreras,1,La Magdalena Contreras,0071,6,18,8,10
9,Ciudad de México,8,La Magdalena Contreras,1,La Magdalena Contreras,0071,7,106,44,62
9,Ciudad de México,8,La Magdalena Contreras,1,La Magdalena Contreras,0071,8,13,5,8
9,Ciudad de México,8,La Magdalena Contreras,1,La Magdalena Contreras,0071,9,28,13,15
9,Ciudad de México,8,La Magdalena Contreras,1,La Magdalena Contreras,0071,10,32,14,18
9,Ciudad de México,8,La Magdalena Contreras,1,La Magdalena Contreras,0071,11,31,13,18
9,Ciudad de México,8,La Magdalena Contreras,1,La Magdalena Contreras,0071,12,119,56,63
9,Ciudad de México,8,La Magdalena Contreras,1,La Magdalena Contreras,0071,13,131,59,72
9,Ciudad de México,8,La Magdalena Contreras,1,La Magdalena Contreras,0071,14,31,11,20
9,Ciudad de México,8,La Magdalena Contreras,1,La Magdalena Contreras,0071,15,22,10,12
9,Ciudad de México,8,La Magdalena Contreras,1,La Magdalena Contreras,0071,16,7,4,3
9,Ciudad de México,8,La Magdalena Contreras,1,La Magdalena Contreras,0071,17,5,*,3
9,Ciudad de México,8,La Magdalena Contreras,1,La Magdalena Contreras,0071,18,11,5,6
9,Ciudad de México,8,La Magdalena Contreras,1,La Magdalena Contreras,0071,19,10,5,5
9,Ciudad de México,8,La Magdalena Contreras,1,La Magdalena Contreras,0071,20,6,3,3
9,Ciudad de México,8,La Magdalena Contreras,1,La Magdalena Contreras,0071,21,11,*,9
9,Ciudad de México,8,La Magdalena Contreras,1,La Magdalena Contreras,0071,22,10,4,6
9,Ciudad de México,8,La Magdalena Contreras,1,La Magdalena Contreras,0071,23,24,7,17
9,Ciudad de México,8,La Magdalena Contreras,1,La Magdalena Contreras,0071,24,38,15,23
9,Ciudad de México,8,La Magdalena Contreras,1,La Magdalena Contreras,0071,25,5,*,4
9,Ciudad de México,8,La Magdalena Contreras,1,La Magdalena Contreras,0071,26,8,4,4
9,Ciudad de México,8,La Magdalena Contreras,1,Total AGEB urbana,0086,0,2683,1181,1502
9,Ciudad de México,8,La Magdalena Contreras,1,La Magdalena Contreras,0086,1,650,272,378
9,Ciudad de México,8,La Magdalena Contreras,1,La Magdalena Contreras,0086,2,0,0,0
9,Ciudad de México,8,La Magdalena Contreras,1,La Magdalena Contreras,0086,6,54,22,32
9,Ciudad de México,8,La Magdalena Contreras,1,La Magdalena Contreras,0086,7,394,175,219
9,Ciudad de México,8,La Magdalena Contreras,1,La Magdalena Contreras,0086,8,93,46,47
9,Ciudad de México,8,La Magdalena Contreras,1,La Magdalena Contreras,0086,9,129,59,70
9,Ciudad de México,8,La Magdalena Contreras,1,La Magdalena Contreras,0086,10,849,363,486
9,Ciudad de México,8,La Magdalena Contreras,1,La Magdalena Contreras,0086,11,186,93,93
9,Ciudad de México,8,La Magdalena Contreras,1,La Magdalena Contreras,0086,13,0,0,0
9,Ciudad de México,8,La Magdalena Contreras,1,La Magdalena Contreras,0086,16,82,33,49
9,Ciudad de México,8,La Magdalena Contreras,1,La Magdalena Contreras,0086,17,22,9,13
9,Ciudad de México,8,La Magdalena Contreras,1,La Magdalena Contreras,0086,18,14,7,7
9,Ciudad de México,8,La Magdalena Contreras,1,La Magdalena Contreras,0086,19,51,22,29
9,Ciudad de México,8,La Magdalena Contreras,1,La Magdalena Contreras,0086,20,74,41,33
9,Ciudad de México,8,La Magdalena Contreras,1,La Magdalena Contreras,0086,21,85,39,46
9,Ciudad de México,8,La Magdalena Contreras,1,Total AGEB urbana,0090,0,4731,2241,2490
9,Ciudad de México,8,La Magdalena Contreras,1,La Magdalena Contreras,0090,1,225,97,128
9,Ciudad de México,8,La Magdalena Contreras,1,La Magdalena Contreras,0090,2,51,25,26
9,Ciudad de México,8,La Magdalena Contreras,1,La Magdalena Contreras,0090,3,127,66,61
9,Ciudad de México,8,La Magdalena Contreras,1,La Magdalena Contreras,0090,6,351,160,191
9,Ciudad de México,8,La Magdalena Contreras,1,La Magdalena Contreras,0090,7,270,125,145
9,Ciudad de México,8,La Magdalena Contreras,1,La Magdalena Contreras,0090,8,264,132,132
9,Ciudad de México,8,La Magdalena Contreras,1,La Magdalena Contreras,0090,9,345,162,183
9,Ciudad de México,8,La Magdalena Contreras,1,La Magdalena Contreras,0090,10,79,36,43
9,Ciudad de México,8,La Magdalena Contreras,1,La Magdalena Contreras,0090,11,187,97,90
9,Ciudad de México,8,La Magdalena Contreras,1,La Magdalena Contreras,0090,12,263,130,133
9,Ciudad de México,8,La Magdalena Contreras,1,La Magdalena Contreras,0090,15,106,47,59
9,Ciudad de México,8,La Magdalena Contreras,1,La Magdalena Contreras,0090,17,78,37,41
9,Ciudad de México,8,La Magdalena Contreras,1,La Magdalena Contreras,0090,18,32,15,17
9,Ciudad de México,8,La Magdalena Contreras,1,La Magdalena Contreras,0090,19,19,9,10
9,Ciudad de México,8,La Magdalena Contreras,1,La Magdalena Contreras,0090,20,41,18,23
9,Ciudad de México,8,La Magdalena Contreras,1,La Magdalena Contreras,0090,21,43,18,25
9,Ciudad de México,8,La Magdalena Contreras,1,La Magdalena Contreras,0090,22,106,46,60
9,Ciudad de México,8,La Magdalena Contreras,1,La Magdalena Contreras,0090,23,72,33,39
9,Ciudad de México,8,La Magdalena Contreras,1,La Magdalena Contreras,0090,24,56,27,29
9,Ciudad de México,8,La Magdalena Contreras,1,La Magdalena Contreras,0090,25,161,87,74
9,Ciudad de México,8,La Magdalena Contreras,1,La Magdalena Contreras,0090,51,173,75,98
9,Ciudad de México,8,La Magdalena Contreras,1,La Magdalena Contreras,0090,59,163,76,87
9,Ciudad de México,8,La Magdalena Contreras,1,La Magdalena Contreras,0090,63,238,104,134
9,Ciudad de México,8,La Magdalena Contreras,1,La Magdalena Contreras,0090,65,101,49,52
9,Ciudad de México,8,La Magdalena Contreras,1,La Magdalena Contreras,0090,69,72,41,31
9,Ciudad de México,8,La Magdalena Contreras,1,La Magdalena Contreras,0090,70,49,24,25
9,Ciudad de México,8,La Magdalena Contreras,1,La Magdalena Contreras,0090,71,91,42,49
9,Ciudad de México,8,La Magdalena Contreras,1,La Magdalena Contreras,0090,73,80,41,39
9,Ciudad de México,8,La Magdalena Contreras,1,La Magdalena Contreras,0090,77,58,28,30
9,Ciudad de México,8,La Magdalena Contreras,1,La Magdalena Contreras,0090,78,38,16,22
9,Ciudad de México,8,La Magdalena Contreras,1,La Magdalena Contreras,0090,79,72,38,34
9,Ciudad de México,8,La Magdalena Contreras,1,La Magdalena Contreras,0090,80,37,15,22
9,Ciudad de México,8,La Magdalena Contreras,1,La Magdalena Contreras,0090,84,27,13,14
9,Ciudad de México,8,La Magdalena Contreras,1,La Magdalena Contreras,0090,85,28,13,15
9,Ciudad de México,8,La Magdalena Contreras,1,La Magdalena Contreras,0090,86,87,40,47
9,Ciudad de México,8,La Magdalena Contreras,1,La Magdalena Contreras,0090,90,68,35,33
9,Ciudad de México,8,La Magdalena Contreras,1,La Magdalena Contreras,0090,91,187,92,95
9,Ciudad de México,8,La Magdalena Contreras,1,La Magdalena Contreras,0090,92,119,58,61
9,Ciudad de México,8,La Magdalena Contreras,1,La Magdalena Contreras,0090,94,60,27,33
9,Ciudad de México,8,La Magdalena Contreras,1,La Magdalena Contreras,0090,95,36,15,21
9,Ciudad de México,8,La Magdalena Contreras,1,La Magdalena Contreras,0090,96,55,25,30
9,Ciudad de México,8,La Magdalena Contreras,1,La Magdalena Contreras,0090,97,0,0,0
9,Ciudad de México,8,La Magdalena Contreras,1,La Magdalena Contreras,0090,98,0,0,0
9,Ciudad de México,8,La Magdalena Contreras,1,La Magdalena Contreras,0090,99,16,7,9
9,Ciudad de México,8,La Magdalena Contreras,1,La Magdalena Contreras,0090,100,0,0,0
9,Ciudad de México,8,La Magdalena Contreras,1,Total AGEB urbana,0103,0,4456,2101,2355
9,Ciudad de México,8,La Magdalena Contreras,1,La Magdalena Contreras,0103,1,325,153,172
9,Ciudad de México,8,La Magdalena Contreras,1,La Magdalena Contreras,0103,2,164,73,91
9,Ciudad de México,8,La Magdalena Contreras,1,La Magdalena Contreras,0103,3,107,51,56
9,Ciudad de México,8,La Magdalena Contreras,1,La Magdalena Contreras,0103,4,147,76,71
9,Ciudad de México,8,La Magdalena Contreras,1,La Magdalena Contreras,0103,5,154,74,80
9,Ciudad de México,8,La Magdalena Contreras,1,La Magdalena Contreras,0103,6,351,169,182
9,Ciudad de México,8,La Magdalena Contreras,1,La Magdalena Contreras,0103,7,179,78,101
9,Ciudad de México,8,La Magdalena Contreras,1,La Magdalena Contreras,0103,8,232,104,128
9,Ciudad de México,8,La Magdalena Contreras,1,La Magdalena Contreras,0103,9,199,94,105
9,Ciudad de México,8,La Magdalena Contreras,1,La Magdalena Contreras,0103,10,331,150,181
9,Ciudad de México,8,La Magdalena Contreras,1,La Magdalena Contreras,0103,11,240,114,126
9,Ciudad de México,8,La Magdalena Contreras,1,La Magdalena Contreras,0103,12,314,149,165
9,Ciudad de México,8,La Magdalena Contreras,1,La Magdalena Contreras,0103,13,66,28,38
9,Ciudad de México,8,La Magdalena Contreras,1,La Magdalena Contreras,0103,14,186,92,94
9,Ciudad de México,8,La Magdalena Contreras,1,La Magdalena Contreras,0103,15,65,29,36
9,Ciudad de México,8,La Magdalena Contreras,1,La Magdalena Contreras,0103,18,36,16,20
9,Ciudad de México,8,La Magdalena Contreras,1,La Magdalena Contreras,0103,19,177,82,95
9,Ciudad de México,8,La Magdalena Contreras,1,La Magdalena Contreras,0103,21,40,16,24
9,Ciudad de México,8,La Magdalena Contreras,1,La Magdalena Contreras,0103,22,167,82,85
9,Ciudad de México,8,La Magdalena Contreras,1,La Magdalena Contreras,0103,24,166,79,87
9,Ciudad de México,8,La Magdalena Contreras,1,La Magdalena Contreras,0103,26,150,78,72
9,Ciudad de México,8,La Magdalena Contreras,1,La Magdalena Contreras,0103,36,56,26,30
9,Ciudad de México,8,La Magdalena Contreras,1,La Magdalena Contreras,0103,41,95,46,49
9,Ciudad de México,8,La Magdalena Contreras,1,La Magdalena Contreras,0103,42,77,33,44
9,Ciudad de México,8,La Magdalena Contreras,1,La Magdalena Contreras,0103,43,64,32,32
9,Ciudad de México,8,La Magdalena Contreras,1,La Magdalena Contreras,0103,45,149,69,80
9,Ciudad de México,8,La Magdalena Contreras,1,La Magdalena Contreras,0103,48,134,64,70
9,Ciudad de México,8,La Magdalena Contreras,1,La Magdalena Contreras,0103,52,51,27,24
9,Ciudad de México,8,La Magdalena Contreras,1,La Magdalena Contreras,0103,53,34,17,17
9,Ciudad de México,8,La Magdalena Contreras,1,Total AGEB urbana,0118,0,4591,2090,2501
9,Ciudad de México,8,La Magdalena Contreras,1,La Magdalena Contreras,0118,1,270,117,153
9,Ciudad de México,8,La Magdalena Contreras,1,La Magdalena Contreras,0118,2,68,37,31
9,Ciudad de México,8,La Magdalena Contreras,1,La Magdalena Contreras,0118,3,263,107,156
9,Ciudad de México,8,La Magdalena Contreras,1,La Magdalena Contreras,0118,4,117,53,64
9,Ciudad de México,8,La Magdalena Contreras,1,La Magdalena Contreras,0118,5,248,116,132
9,Ciudad de México,8,La Magdalena Contreras,1,La Magdalena Contreras,0118,6,401,285,116
9,Ciudad de México,8,La Magdalena Contreras,1,La Magdalena Contreras,0118,7,268,109,159
9,Ciudad de México,8,La Magdalena Contreras,1,La Magdalena Contreras,0118,8,588,233,355
9,Ciudad de México,8,La Magdalena Contreras,1,La Magdalena Contreras,0118,9,889,388,501
9,Ciudad de México,8,La Magdalena Contreras,1,La Magdalena Contreras,0118,10,310,137,173
9,Ciudad de México,8,La Magdalena Contreras,1,La Magdalena Contreras,0118,11,88,36,52
9,Ciudad de México,8,La Magdalena Contreras,1,La Magdalena Contreras,0118,12,43,22,21
9,Ciudad de México,8,La Magdalena Contreras,1,La Magdalena Contreras,0118,15,64,26,38
9,Ciudad de México,8,La Magdalena Contreras,1,La Magdalena Contreras,0118,16,181,87,94
9,Ciudad de México,8,La Magdalena Contreras,1,La Magdalena Contreras,0118,18,425,182,243
9,Ciudad de México,8,La Magdalena Contreras,1,La Magdalena Contreras,0118,19,325,134,191
9,Ciudad de México,8,La Magdalena Contreras,1,La Magdalena Contreras,0118,21,*,*,*
9,Ciudad de México,8,La Magdalena Contreras,1,La Magdalena Contreras,0118,22,20,8,12
9,Ciudad de México,8,La Magdalena Contreras,1,La Magdalena Contreras,0118,23,19,11,8
9,Ciudad de México,8,La Magdalena Contreras,1,Total AGEB urbana,0122,0,1565,698,867
9,Ciudad de México,8,La Magdalena Contreras,1,La Magdalena Contreras,0122,1,113,54,59
9,Ciudad de México,8,La Magdalena Contreras,1,La Magdalena Contreras,0122,2,88,35,53
9,Ciudad de México,8,La Magdalena Contreras,1,La Magdalena Contreras,0122,3,198,86,112
9,Ciudad de México,8,La Magdalena Contreras,1,La Magdalena Contreras,0122,4,103,49,54
9,Ciudad de México,8,La Magdalena Contreras,1,La Magdalena Contreras,0122,7,95,44,51
9,Ciudad de México,8,La Magdalena Contreras,1,La Magdalena Contreras,0122,8,101,44,57
9,Ciudad de México,8,La Magdalena Contreras,1,La Magdalena Contreras,0122,9,138,62,76
9,Ciudad de México,8,La Magdalena Contreras,1,La Magdalena Contreras,0122,10,58,29,29
9,Ciudad de México,8,La Magdalena Contreras,1,La Magdalena Contreras,0122,11,95,45,50
9,Ciudad de México,8,La Magdalena Contreras,1,La Magdalena Contreras,0122,13,85,37,48
9,Ciudad de México,8,La Magdalena Contreras,1,La Magdalena Contreras,0122,14,11,3,8
9,Ciudad de México,8,La Magdalena Contreras,1,La Magdalena Contreras,0122,15,99,42,57
9,Ciudad de México,8,La Magdalena Contreras,1,La Magdalena Contreras,0122,17,36,17,19
9,Ciudad de México,8,La Magdalena Contreras,1,La Magdalena Contreras,0122,18,186,84,102
9,Ciudad de México,8,La Magdalena Contreras,1,La Magdalena Contreras,0122,19,35,15,20
9,Ciudad de México,8,La Magdalena Contreras,1,La Magdalena Contreras,0122,20,72,33,39
9,Ciudad de México,8,La Magdalena Contreras,1,La Magdalena Contreras,0122,21,32,13,19
9,Ciudad de México,8,La Magdalena Contreras,1,La Magdalena Contreras,0122,22,20,6,14
9,Ciudad de México,8,La Magdalena Contreras,1,Total AGEB urbana,0137,0,5799,2702,3097
9,Ciudad de México,8,La Magdalena Contreras,1,La Magdalena Contreras,0137,1,85,46,39
9,Ciudad de México,8,La Magdalena Contreras,1,La Magdalena Contreras,0137,3,94,45,49
9,Ciudad de México,8,La Magdalena Contreras,1,La Magdalena Contreras,0137,4,52,22,30
9,Ciudad de México,8,La Magdalena Contreras,1,La Magdalena Contreras,0137,5,64,30,34
9,Ciudad de México,8,La Magdalena Contreras,1,La Magdalena Contreras,0137,6,202,89,113
9,Ciudad de México,8,La Magdalena Contreras,1,La Magdalena Contreras,0137,7,119,61,58
9,Ciudad de México,8,La Magdalena Contreras,1,La Magdalena Contreras,0137,8,234,114,120
9,Ciudad de México,8,La Magdalena Contreras,1,La Magdalena Contreras,0137,9,321,142,179
9,Ciudad de México,8,La Magdalena Contreras,1,La Magdalena Contreras,0137,11,144,63,81
9,Ciudad de México,8,La Magdalena Contreras,1,La Magdalena Contreras,0137,13,181,79,102
9,Ciudad de México,8,La Magdalena Contreras,1,La Magdalena Contreras,0137,16,66,27,39
9,Ciudad de México,8,La Magdalena Contreras,1,La Magdalena Contreras,0137,25,74,28,46
9,Ciudad de México,8,La Magdalena Contreras,1,La Magdalena Contreras,0137,27,47,22,25
9,Ciudad de México,8,La Magdalena Contreras,1,La Magdalena Contreras,0137,28,81,41,40
9,Ciudad de México,8,La Magdalena Contreras,1,La Magdalena Contreras,0137,32,104,48,56
9,Ciudad de México,8,La Magdalena Contreras,1,La Magdalena Contreras,0137,39,217,107,110
9,Ciudad de México,8,La Magdalena Contreras,1,La Magdalena Contreras,0137,42,148,70,78
9,Ciudad de México,8,La Magdalena Contreras,1,La Magdalena Contreras,0137,43,94,41,53
9,Ciudad de México,8,La Magdalena Contreras,1,La Magdalena Contreras,0137,45,114,54,60
9,Ciudad de México,8,La Magdalena Contreras,1,La Magdalena Contreras,0137,46,56,23,33
9,Ciudad de México,8,La Magdalena Contreras,1,La Magdalena Contreras,0137,50,133,61,72
9,Ciudad de México,8,La Magdalena Contreras,1,La Magdalena Contreras,0137,51,70,30,40
9,Ciudad de México,8,La Magdalena Contreras,1,La Magdalena Contreras,0137,52,361,163,198
9,Ciudad de México,8,La Magdalena Contreras,1,La Magdalena Contreras,0137,54,146,67,79
9,Ciudad de México,8,La Magdalena Contreras,1,La Magdalena Contreras,0137,55,14,6,8
9,Ciudad de México,8,La Magdalena Contreras,1,La Magdalena Contreras,0137,57,89,44,45
9,Ciudad de México,8,La Magdalena Contreras,1,La Magdalena Contreras,0137,58,135,66,69
9,Ciudad de México,8,La Magdalena Contreras,1,La Magdalena Contreras,0137,60,187,87,100
9,Ciudad de México,8,La Magdalena Contreras,1,La Magdalena Contreras,0137,62,24,11,13
9,Ciudad de México,8,La Magdalena Contreras,1,La Magdalena Contreras,0137,63,91,43,48
9,Ciudad de México,8,La Magdalena Contreras,1,La Magdalena Contreras,0137,64,91,45,46
9,Ciudad de México,8,La Magdalena Contreras,1,La Magdalena Contreras,0137,65,155,70,85
9,Ciudad de México,8,La Magdalena Contreras,1,La Magdalena Contreras,0137,66,122,52,70
9,Ciudad de México,8,La Magdalena Contreras,1,La Magdalena Contreras,0137,68,241,119,122
9,Ciudad de México,8,La Magdalena Contreras,1,La Magdalena Contreras,0137,69,67,36,31
9,Ciudad de México,8,La Magdalena Contreras,1,La Magdalena Contreras,0137,70,64,29,35
9,Ciudad de México,8,La Magdalena Contreras,1,La Magdalena Contreras,0137,71,258,128,130
9,Ciudad de México,8,La Magdalena Contreras,1,La Magdalena Contreras,0137,72,75,32,43
9,Ciudad de México,8,La Magdalena Contreras,1,La Magdalena Contreras,0137,73,211,100,111
9,Ciudad de México,8,La Magdalena Contreras,1,La Magdalena Contreras,0137,74,101,52,49
9,Ciudad de México,8,La Magdalena Contreras,1,La Magdalena Contreras,0137,75,40,18,22
9,Ciudad de México,8,La Magdalena Contreras,1,La Magdalena Contreras,0137,76,67,33,34
9,Ciudad de México,8,La Magdalena Contreras,1,La Magdalena Contreras,0137,77,23,9,14
9,Ciudad de México,8,La Magdalena Contreras,1,La Magdalena Contreras,0137,80,247,120,127
9,Ciudad de México,8,La Magdalena Contreras,1,La Magdalena Contreras,0137,81,185,84,101
9,Ciudad de México,8,La Magdalena Contreras,1,La Magdalena Contreras,0137,82,9,3,6
9,Ciudad de México,8,La Magdalena Contreras,1,La Magdalena Contreras,0137,83,42,17,25
9,Ciudad de México,8,La Magdalena Contreras,1,La Magdalena Contreras,0137,84,54,25,29
9,Ciudad de México,8,La Magdalena Contreras,1,Total AGEB urbana,0141,0,3696,1760,1936
9,Ciudad de México,8,La Magdalena Contreras,1,La Magdalena Contreras,0141,1,42,18,24
9,Ciudad de México,8,La Magdalena Contreras,1,La Magdalena Contreras,0141,2,151,74,77
9,Ciudad de México,8,La Magdalena Contreras,1,La Magdalena Contreras,0141,3,54,24,30
9,Ciudad de México,8,La Magdalena Contreras,1,La Magdalena Contreras,0141,4,237,109,128
9,Ciudad de México,8,La Magdalena Contreras,1,La Magdalena Contreras,0141,5,170,83,87
9,Ciudad de México,8,La Magdalena Contreras,1,La Magdalena Contreras,0141,6,150,73,77
9,Ciudad de México,8,La Magdalena Contreras,1,La Magdalena Contreras,0141,7,140,71,69
9,Ciudad de México,8,La Magdalena Contreras,1,La Magdalena Contreras,0141,8,437,219,218
9,Ciudad de México,8,La Magdalena Contreras,1,La Magdalena Contreras,0141,9,147,71,76
9,Ciudad de México,8,La Magdalena Contreras,1,La Magdalena Contreras,0141,10,117,49,68
9,Ciudad de México,8,La Magdalena Contreras,1,La Magdalena Contreras,0141,11,119,57,62
9,Ciudad de México,8,La Magdalena Contreras,1,La Magdalena Contreras,0141,12,99,49,50
9,Ciudad de México,8,La Magdalena Contreras,1,La Magdalena Contreras,0141,13,0,0,0
9,Ciudad de México,8,La Magdalena Contreras,1,La Magdalena Contreras,0141,14,297,139,158
9,Ciudad de México,8,La Magdalena Contreras,1,La Magdalena Contreras,0141,15,138,60,78
9,Ciudad de México,8,La Magdalena Contreras,1,La Magdalena Contreras,0141,16,106,45,61
9,Ciudad de México,8,La Magdalena Contreras,1,La Magdalena Contreras,0141,17,64,27,37
9,Ciudad de México,8,La Magdalena Contreras,1,La Magdalena Contreras,0141,18,55,28,27
9,Ciudad de México,8,La Magdalena Contreras,1,La Magdalena Contreras,0141,19,20,10,10
9,Ciudad de México,8,La Magdalena Contreras,1,La Magdalena Contreras,0141,22,175,85,90
9,Ciudad de México,8,La Magdalena Contreras,1,La Magdalena Contreras,0141,25,138,60,78
9,Ciudad de México,8,La Magdalena Contreras,1,La Magdalena Contreras,0141,27,358,182,176
9,Ciudad de México,8,La Magdalena Contreras,1,La Magdalena Contreras,0141,32,45,22,23
9,Ciudad de México,8,La Magdalena Contreras,1,La Magdalena Contreras,0141,33,217,101,116
9,Ciudad de México,8,La Magdalena Contreras,1,La Magdalena Contreras,0141,34,115,56,59
9,Ciudad de México,8,La Magdalena Contreras,1,La Magdalena Contreras,0141,35,*,*,*
9,Ciudad de México,8,La Magdalena Contreras,1,La Magdalena Contreras,0141,36,104,47,57
9,Ciudad de México,8,La Magdalena Contreras,1,Total AGEB urbana,0156,0,2931,1386,1545
9,Ciudad de México,8,La Magdalena Contreras,1,La Magdalena Contreras,0156,1,83,38,45
9,Ciudad de México,8,La Magdalena Contreras,1,La Magdalena Contreras,0156,3,174,88,86
9,Ciudad de México,8,La Magdalena Contreras,1,La Magdalena Contreras,0156,4,106,43,63
9,Ciudad de México,8,La Magdalena Contreras,1,La Magdalena Contreras,0156,5,109,51,58
9,Ciudad de México,8,La Magdalena Contreras,1,La Magdalena Contreras,0156,6,132,57,75
9,Ciudad de México,8,La Magdalena Contreras,1,La Magdalena Contreras,0156,7,88,38,50
9,Ciudad de México,8,La Magdalena Contreras,1,La Magdalena Contreras,0156,8,526,254,272
9,Ciudad de México,8,La Magdalena Contreras,1,La Magdalena Contreras,0156,9,209,102,107
9,Ciudad de México,8,La Magdalena Contreras,1,La Magdalena Contreras,0156,11,156,81,75
9,Ciudad de México,8,La Magdalena Contreras,1,La Magdalena Contreras,0156,12,85,37,48
9,Ciudad de México,8,La Magdalena Contreras,1,La Magdalena Contreras,0156,13,104,53,51
9,Ciudad de México,8,La Magdalena Contreras,1,La Magdalena Contreras,0156,14,371,171,200
9,Ciudad de México,8,La Magdalena Contreras,1,La Magdalena Contreras,0156,15,46,23,23
9,Ciudad de México,8,La Magdalena Contreras,1,La Magdalena Contreras,0156,16,34,16,18
9,Ciudad de México,8,La Magdalena Contreras,1,La Magdalena Contreras,0156,17,72,29,43
9,Ciudad de México,8,La Magdalena Contreras,1,La Magdalena Contreras,0156,18,70,31,39
9,Ciudad de México,8,La Magdalena Contreras,1,La Magdalena Contreras,0156,19,126,61,65
9,Ciudad de México,8,La Magdalena Contreras,1,La Magdalena Contreras,0156,20,51,27,24
9,Ciudad de México,8,La Magdalena Contreras,1,La Magdalena Contreras,0156,23,0,0,0
9,Ciudad de México,8,La Magdalena Contreras,1,La Magdalena Contreras,0156,24,128,63,65
9,Ciudad de México,8,La Magdalena Contreras,1,La Magdalena Contreras,0156,25,68,38,30
9,Ciudad de México,8,La Magdalena Contreras,1,La Magdalena Contreras,0156,26,106,44,62
9,Ciudad de México,8,La Magdalena Contreras,1,La Magdalena Contreras,0156,28,79,38,41
9,Ciudad de México,8,La Magdalena Contreras,1,La Magdalena Contreras,0156,29,8,3,5
9,Ciudad de México,8,La Magdalena Contreras,1,Total AGEB urbana,0160,0,3196,1600,1596
9,Ciudad de México,8,La Magdalena Contreras,1,La Magdalena Contreras,0160,1,92,49,43
9,Ciudad de México,8,La Magdalena Contreras,1,La Magdalena Contreras,0160,2,102,44,58
9,Ciudad de México,8,La Magdalena Contreras,1,La Magdalena Contreras,0160,4,251,118,133
9,Ciudad de México,8,La Magdalena Contreras,1,La Magdalena Contreras,0160,5,98,42,56
9,Ciudad de México,8,La Magdalena Contreras,1,La Magdalena Contreras,0160,6,156,70,86
9,Ciudad de México,8,La Magdalena Contreras,1,La Magdalena Contreras,0160,11,166,84,82
9,Ciudad de México,8,La Magdalena Contreras,1,La Magdalena Contreras,0160,13,261,107,154
9,Ciudad de México,8,La Magdalena Contreras,1,La Magdalena Contreras,0160,14,*,*,*
9,Ciudad de México,8,La Magdalena Contreras,1,La Magdalena Contreras,0160,17,401,189,212
9,Ciudad de México,8,La Magdalena Contreras,1,La Magdalena Contreras,0160,18,514,251,263
9,Ciudad de México,8,La Magdalena Contreras,1,La Magdalena Contreras,0160,19,196,102,94
9,Ciudad de México,8,La Magdalena Contreras,1,La Magdalena Contreras,0160,20,*,*,*
9,Ciudad de México,8,La Magdalena Contreras,1,La Magdalena Contreras,0160,22,354,163,191
9,Ciudad de México,8,La Magdalena Contreras,1,La Magdalena Contreras,0160,33,252,112,140
9,Ciudad de México,8,La Magdalena Contreras,1,La Magdalena Contreras,0160,34,89,44,45
9,Ciudad de México,8,La Magdalena Contreras,1,La Magdalena Contreras,0160,35,62,29,33
9,Ciudad de México,8,La Magdalena Contreras,1,Total AGEB urbana,0175,0,1182,535,647
9,Ciudad de México,8,La Magdalena Contreras,1,La Magdalena Contreras,0175,1,36,14,22
9,Ciudad de México,8,La Magdalena Contreras,1,La Magdalena Contreras,0175,2,37,15,22
9,Ciudad de México,8,La Magdalena Contreras,1,La Magdalena Contreras,0175,3,340,153,187
9,Ciudad de México,8,La Magdalena Contreras,1,La Magdalena Contreras,0175,4,*,*,*
9,Ciudad de México,8,La Magdalena Contreras,1,La Magdalena Contreras,0175,5,26,10,16
9,Ciudad de México,8,La Magdalena Contreras,1,La Magdalena Contreras,0175,6,73,28,45
9,Ciudad de México,8,La Magdalena Contreras,1,La Magdalena Contreras,0175,7,88,42,46
9,Ciudad de México,8,La Magdalena Contreras,1,La Magdalena Contreras,0175,8,74,36,38
9,Ciudad de México,8,La Magdalena Contreras,1,La Magdalena Contreras,0175,9,229,107,122
9,Ciudad de México,8,La Magdalena Contreras,1,La Magdalena Contreras,0175,13,49,22,27
9,Ciudad de México,8,La Magdalena Contreras,1,La Magdalena Contreras,0175,15,0,0,0
9,Ciudad de México,8,La Magdalena Contreras,1,La Magdalena Contreras,0175,16,36,17,19
9,Ciudad de México,8,La Magdalena Contreras,1,La Magdalena Contreras,0175,18,85,42,43
9,Ciudad de México,8,La Magdalena Contreras,1,La Magdalena Contreras,0175,19,78,35,43
9,Ciudad de México,8,La Magdalena Contreras,1,La Magdalena Contreras,0175,21,26,12,14
9,Ciudad de México,8,La Magdalena Contreras,1,Total AGEB urbana,018A,0,1860,844,1016
9,Ciudad de México,8,La Magdalena Contreras,1,La Magdalena Contreras,018A,1,42,20,22
9,Ciudad de México,8,La Magdalena Contreras,1,La Magdalena Contreras,018A,2,147,65,82
9,Ciudad de México,8,La Magdalena Contreras,1,La Magdalena Contreras,018A,3,155,69,86
9,Ciudad de México,8,La Magdalena Contreras,1,La Magdalena Contreras,018A,4,68,35,33
9,Ciudad de México,8,La Magdalena Contreras,1,La Magdalena Contreras,018A,5,157,74,83
9,Ciudad de México,8,La Magdalena Contreras,1,La Magdalena Contreras,018A,6,58,32,26
9,Ciudad de México,8,La Magdalena Contreras,1,La Magdalena Contreras,018A,7,93,48,45
9,Ciudad de México,8,La Magdalena Contreras,1,La Magdalena Contreras,018A,8,36,13,23
9,Ciudad de México,8,La Magdalena Contreras,1,La Magdalena Contreras,018A,9,59,31,28
9,Ciudad de México,8,La Magdalena Contreras,1,La Magdalena Contreras,018A,10,35,14,21
9,Ciudad de México,8,La Magdalena Contreras,1,La Magdalena Contreras,018A,11,134,67,67
9,Ciudad de México,8,La Magdalena Contreras,1,La Magdalena Contreras,018A,12,36,16,20
9,Ciudad de México,8,La Magdalena Contreras,1,La Magdalena Contreras,018A,13,32,12,20
9,Ciudad de México,8,La Magdalena Contreras,1,La Magdalena Contreras,018A,14,75,30,45
9,Ciudad de México,8,La Magdalena Contreras,1,La Magdalena Contreras,018A,15,79,30,49
9,Ciudad de México,8,La Magdalena Contreras,1,La Magdalena Contreras,018A,16,41,16,25
9,Ciudad de México,8,La Magdalena Contreras,1,La Magdalena Contreras,018A,17,16,9,7
9,Ciudad de México,8,La Magdalena Contreras,1,La Magdalena Contreras,018A,18,33,17,16
9,Ciudad de México,8,La Magdalena Contreras,1,La Magdalena Contreras,018A,19,22,11,11
9,Ciudad de México,8,La Magdalena Contreras,1,La Magdalena Contreras,018A,20,14,5,9
9,Ciudad de México,8,La Magdalena Contreras,1,La Magdalena Contreras,018A,21,178,77,101
9,Ciudad de México,8,La Magdalena Contreras,1,La Magdalena Contreras,018A,22,132,59,73
9,Ciudad de México,8,La Magdalena Contreras,1,La Magdalena Contreras,018A,23,127,55,72
9,Ciudad de México,8,La Magdalena Contreras,1,La Magdalena Contreras,018A,25,63,24,39
9,Ciudad de México,8,La Magdalena Contreras,1,La Magdalena Contreras,018A,26,12,6,6
9,Ciudad de México,8,La Magdalena Contreras,1,La Magdalena Contreras,018A,28,16,9,7
9,Ciudad de México,8,La Magdalena Contreras,1,Total AGEB urbana,0194,0,2694,1247,1447
9,Ciudad de México,8,La Magdalena Contreras,1,La Magdalena Contreras,0194,1,84,38,46
9,Ciudad de México,8,La Magdalena Contreras,1,La Magdalena Contreras,0194,2,93,44,49
9,Ciudad de México,8,La Magdalena Contreras,1,La Magdalena Contreras,0194,3,45,22,23
9,Ciudad de México,8,La Magdalena Contreras,1,La Magdalena Contreras,0194,4,34,16,18
9,Ciudad de México,8,La Magdalena Contreras,1,La Magdalena Contreras,0194,5,62,28,34
9,Ciudad de México,8,La Magdalena Contreras,1,La Magdalena Contreras,0194,6,*,*,*
9,Ciudad de México,8,La Magdalena Contreras,1,La Magdalena Contreras,0194,7,61,31,30
9,Ciudad de México,8,La Magdalena Contreras,1,La Magdalena Contreras,0194,8,39,20,19
9,Ciudad de México,8,La Magdalena Contreras,1,La Magdalena Contreras,0194,9,77,38,39
9,Ciudad de México,8,La Magdalena Contreras,1,La Magdalena Contreras,0194,10,90,37,53
9,Ciudad de México,8,La Magdalena Contreras,1,La Magdalena Contreras,0194,12,89,36,53
9,Ciudad de México,8,La Magdalena Contreras,1,La Magdalena Contreras,0194,14,169,73,96
9,Ciudad de México,8,La Magdalena Contreras,1,La Magdalena Contreras,0194,15,97,43,54
9,Ciudad de México,8,La Magdalena Contreras,1,La Magdalena Contreras,0194,16,167,81,86
9,Ciudad de México,8,La Magdalena Contreras,1,La Magdalena Contreras,0194,17,188,81,107
9,Ciudad de México,8,La Magdalena Contreras,1,La Magdalena Contreras,0194,18,105,41,64
9,Ciudad de México,8,La Magdalena Contreras,1,La Magdalena Contreras,0194,19,49,20,29
9,Ciudad de México,8,La Magdalena Contreras,1,La Magdalena Contreras,0194,20,81,37,44
9,Ciudad de México,8,La Magdalena Contreras,1,La Magdalena Contreras,0194,21,116,58,58
9,Ciudad de México,8,La Magdalena Contreras,1,La Magdalena Contreras,0194,22,57,30,27
9,Ciudad de México,8,La Magdalena Contreras,1,La Magdalena Contreras,0194,23,*,*,*
9,Ciudad de México,8,La Magdalena Contreras,1,La Magdalena Contreras,0194,24,69,36,33
9,Ciudad de México,8,La Magdalena Contreras,1,La Magdalena Contreras,0194,25,158,68,90
9,Ciudad de México,8,La Magdalena Contreras,1,La Magdalena Contreras,0194,26,230,106,124
9,Ciudad de México,8,La Magdalena Contreras,1,La Magdalena Contreras,0194,27,127,66,61
9,Ciudad de México,8,La Magdalena Contreras,1,La Magdalena Contreras,0194,28,123,59,64
9,Ciudad de México,8,La Magdalena Contreras,1,La Magdalena Contreras,0194,29,42,19,23
9,Ciudad de México,8,La Magdalena Contreras,1,La Magdalena Contreras,0194,30,54,23,31
9,Ciudad de México,8,La Magdalena Contreras,1,La Magdalena Contreras,0194,31,33,16,17
9,Ciudad de México,8,La Magdalena Contreras,1,La Magdalena Contreras,0194,32,63,30,33
9,Ciudad de México,8,La Magdalena Contreras,1,La Magdalena Contreras,0194,33,38,22,16
9,Ciudad de México,8,La Magdalena Contreras,1,La Magdalena Contreras,0194,34,*,*,*
9,Ciudad de México,8,La Magdalena Contreras,1,La Magdalena Contreras,0194,35,*,*,*
9,Ciudad de México,8,La Magdalena Contreras,1,La Magdalena Contreras,0194,36,36,17,19
9,Ciudad de México,8,La Magdalena Contreras,1,La Magdalena Contreras,0194,37,0,0,0
9,Ciudad de México,8,La Magdalena Contreras,1,Total AGEB urbana,0207,0,4152,1921,2231
9,Ciudad de México,8,La Magdalena Contreras,1,La Magdalena Contreras,0207,1,275,129,146
9,Ciudad de México,8,La Magdalena Contreras,1,La Magdalena Contreras,0207,2,221,107,114
9,Ciudad de México,8,La Magdalena Contreras,1,La Magdalena Contreras,0207,3,230,106,124
9,Ciudad de México,8,La Magdalena Contreras,1,La Magdalena Contreras,0207,4,228,105,123
9,Ciudad de México,8,La Magdalena Contreras,1,La Magdalena Contreras,0207,5,166,80,86
9,Ciudad de México,8,La Magdalena Contreras,1,La Magdalena Contreras,0207,6,187,76,111
9,Ciudad de México,8,La Magdalena Contreras,1,La Magdalena Contreras,0207,7,184,84,100
9,Ciudad de México,8,La Magdalena Contreras,1,La Magdalena Contreras,0207,8,256,118,138
9,Ciudad de México,8,La Magdalena Contreras,1,La Magdalena Contreras,0207,9,186,87,99
9,Ciudad de México,8,La Magdalena Contreras,1,La Magdalena Contreras,0207,10,93,38,55
9,Ciudad de México,8,La Magdalena Contreras,1,La Magdalena Contreras,0207,11,86,35,51
9,Ciudad de México,8,La Magdalena Contreras,1,La Magdalena Contreras,0207,12,128,63,65
9,Ciudad de México,8,La Magdalena Contreras,1,La Magdalena Contreras,0207,13,200,94,106
9,Ciudad de México,8,La Magdalena Contreras,1,La Magdalena Contreras,0207,14,128,55,73
9,Ciudad de México,8,La Magdalena Contreras,1,La Magdalena Contreras,0207,15,323,155,168
9,Ciudad de México,8,La Magdalena Contreras,1,La Magdalena Contreras,0207,17,261,109,152
9,Ciudad de México,8,La Magdalena Contreras,1,La Magdalena Contreras,0207,18,175,77,98
9,Ciudad de México,8,La Magdalena Contreras,1,La Magdalena Contreras,0207,19,118,55,63
9,Ciudad de México,8,La Magdalena Contreras,1,La Magdalena Contreras,0207,20,31,14,17
9,Ciudad de México,8,La Magdalena Contreras,1,La Magdalena Contreras,0207,21,40,21,19
9,Ciudad de México,8,La Magdalena Contreras,1,La Magdalena Contreras,0207,23,305,157,148
9,Ciudad de México,8,La Magdalena Contreras,1,La Magdalena Contreras,0207,24,200,91,109
9,Ciudad de México,8,La Magdalena Contreras,1,La Magdalena Contreras,0207,25,22,9,13
9,Ciudad de México,8,La Magdalena Contreras,1,La Magdalena Contreras,0207,27,29,15,14
9,Ciudad de México,8,La Magdalena Contreras,1,La Magdalena Contreras,0207,28,0,0,0
9,Ciudad de México,8,La Magdalena Contreras,1,La Magdalena Contreras,0207,29,80,41,39
9,Ciudad de México,8,La Magdalena Contreras,1,Total AGEB urbana,0211,0,4350,2003,2347
9,Ciudad de México,8,La Magdalena Contreras,1,La Magdalena Contreras,0211,1,379,180,199
9,Ciudad de México,8,La Magdalena Contreras,1,La Magdalena Contreras,0211,2,99,45,54
9,Ciudad de México,8,La Magdalena Contreras,1,La Magdalena Contreras,0211,3,188,92,96
9,Ciudad de México,8,La Magdalena Contreras,1,La Magdalena Contreras,0211,5,325,143,182
9,Ciudad de México,8,La Magdalena Contreras,1,La Magdalena Contreras,0211,6,250,115,135
9,Ciudad de México,8,La Magdalena Contreras,1,La Magdalena Contreras,0211,7,136,69,67
9,Ciudad de México,8,La Magdalena Contreras,1,La Magdalena Contreras,0211,8,501,225,276
9,Ciudad de México,8,La Magdalena Contreras,1,La Magdalena Contreras,0211,9,129,57,72
9,Ciudad de México,8,La Magdalena Contreras,1,La Magdalena Contreras,0211,10,48,20,28
9,Ciudad de México,8,La Magdalena Contreras,1,La Magdalena Contreras,0211,11,44,19,25
9,Ciudad de México,8,La Magdalena Contreras,1,La Magdalena Contreras,0211,12,167,68,99
9,Ciudad de México,8,La Magdalena Contreras,1,La Magdalena Contreras,0211,13,114,55,59
9,Ciudad de México,8,La Magdalena Contreras,1,La Magdalena Contreras,0211,14,107,46,61
9,Ciudad de México,8,La Magdalena Contreras,1,La Magdalena Contreras,0211,15,293,135,158
9,Ciudad de México,8,La Magdalena Contreras,1,La Magdalena Contreras,0211,16,81,35,46
9,Ciudad de México,8,La Magdalena Contreras,1,La Magdalena Contreras,0211,19,126,60,66
9,Ciudad de México,8,La Magdalena Contreras,1,La Magdalena Contreras,0211,20,279,129,150
9,Ciudad de México,8,La Magdalena Contreras,1,La Magdalena Contreras,0211,21,452,218,234
9,Ciudad de México,8,La Magdalena Contreras,1,La Magdalena Contreras,0211,22,84,40,44
9,Ciudad de México,8,La Magdalena Contreras,1,La Magdalena Contreras,0211,23,26,9,17
9,Ciudad de México,8,La Magdalena Contreras,1,La Magdalena Contreras,0211,24,88,41,47
9,Ciudad de México,8,La Magdalena Contreras,1,La Magdalena Contreras,0211,25,97,49,48
9,Ciudad de México,8,La Magdalena Contreras,1,La Magdalena Contreras,0211,29,59,25,34
9,Ciudad de México,8,La Magdalena Contreras,1,La Magdalena Contreras,0211,31,89,43,46
9,Ciudad de México,8,La Magdalena Contreras,1,La Magdalena Contreras,0211,32,131,60,71
9,Ciudad de México,8,La Magdalena Contreras,1,La Magdalena Contreras,0211,34,0,0,0
9,Ciudad de México,8,La Magdalena Contreras,1,La Magdalena Contreras,0211,35,21,8,13
9,Ciudad de México,8,La Magdalena Contreras,1,La Magdalena Contreras,0211,36,37,17,20
9,Ciudad de México,8,La Magdalena Contreras,1,Total AGEB urbana,0226,0,3051,1393,1658
9,Ciudad de México,8,La Magdalena Contreras,1,La Magdalena Contreras,0226,1,94,45,49
9,Ciudad de México,8,La Magdalena Contreras,1,La Magdalena Contreras,0226,2,132,65,67
9,Ciudad de México,8,La Magdalena Contreras,1,La Magdalena Contreras,0226,3,96,46,50
9,Ciudad de México,8,La Magdalena Contreras,1,La Magdalena Contreras,0226,4,121,60,61
9,Ciudad de México,8,La Magdalena Contreras,1,La Magdalena Contreras,0226,5,101,46,55
9,Ciudad de México,8,La Magdalena Contreras,1,La Magdalena Contreras,0226,6,87,40,47
9,Ciudad de México,8,La Magdalena Contreras,1,La Magdalena Contreras,0226,7,85,35,50
9,Ciudad de México,8,La Magdalena Contreras,1,La Magdalena Contreras,0226,8,97,41,56
9,Ciudad de México,8,La Magdalena Contreras,1,La Magdalena Contreras,0226,9,272,123,149
9,Ciudad de México,8,La Magdalena Contreras,1,La Magdalena Contreras,0226,10,140,62,78
9,Ciudad de México,8,La Magdalena Contreras,1,La Magdalena Contreras,0226,11,139,60,79
9,Ciudad de México,8,La Magdalena Contreras,1,La Magdalena Contreras,0226,12,106,49,57
9,Ciudad de México,8,La Magdalena Contreras,1,La Magdalena Contreras,0226,13,121,57,64
9,Ciudad de México,8,La Magdalena Contreras,1,La Magdalena Contreras,0226,14,145,67,78
9,Ciudad de México,8,La Magdalena Contreras,1,La Magdalena Contreras,0226,15,184,83,101
9,Ciudad de México,8,La Magdalena Contreras,1,La Magdalena Contreras,0226,16,129,55,74
9,Ciudad de México,8,La Magdalena Contreras,1,La Magdalena Contreras,0226,17,281,136,145
9,Ciudad de México,8,La Magdalena Contreras,1,La Magdalena Contreras,0226,18,137,64,73
9,Ciudad de México,8,La Magdalena Contreras,1,La Magdalena Contreras,0226,19,78,35,43
9,Ciudad de México,8,La Magdalena Contreras,1,La Magdalena Contreras,0226,20,80,33,47
9,Ciudad de México,8,La Magdalena Contreras,1,La Magdalena Contreras,0226,21,69,30,39
9,Ciudad de México,8,La Magdalena Contreras,1,La Magdalena Contreras,0226,22,26,11,15
9,Ciudad de México,8,La Magdalena Contreras,1,La Magdalena Contreras,0226,23,128,53,75
9,Ciudad de México,8,La Magdalena Contreras,1,La Magdalena Contreras,0226,24,50,22,28
9,Ciudad de México,8,La Magdalena Contreras,1,La Magdalena Contreras,0226,26,56,28,28
9,Ciudad de México,8,La Magdalena Contreras,1,La Magdalena Contreras,0226,27,73,35,38
9,Ciudad de México,8,La Magdalena Contreras,1,La Magdalena Contreras,0226,29,24,12,12
9,Ciudad de México,8,La Magdalena Contreras,1,Total AGEB urbana,0230,0,3410,1613,1797
9,Ciudad de México,8,La Magdalena Contreras,1,La Magdalena Contreras,0230,1,240,110,130
9,Ciudad de México,8,La Magdalena Contreras,1,La Magdalena Contreras,0230,2,358,174,184
9,Ciudad de México,8,La Magdalena Contreras,1,La Magdalena Contreras,0230,3,221,101,120
9,Ciudad de México,8,La Magdalena Contreras,1,La Magdalena Contreras,0230,4,94,44,50
9,Ciudad de México,8,La Magdalena Contreras,1,La Magdalena Contreras,0230,5,187,92,95
9,Ciudad de México,8,La Magdalena Contreras,1,La Magdalena Contreras,0230,6,310,153,157
9,Ciudad de México,8,La Magdalena Contreras,1,La Magdalena Contreras,0230,7,281,136,145
9,Ciudad de México,8,La Magdalena Contreras,1,La Magdalena Contreras,0230,8,184,87,97
9,Ciudad de México,8,La Magdalena Contreras,1,La Magdalena Contreras,0230,9,223,109,114
9,Ciudad de México,8,La Magdalena Contreras,1,La Magdalena Contreras,0230,10,189,94,95
9,Ciudad de México,8,La Magdalena Contreras,1,La Magdalena Contreras,0230,13,124,57,67
9,Ciudad de México,8,La Magdalena Contreras,1,La Magdalena Contreras,0230,14,148,68,80
9,Ciudad de México,8,La Magdalena Contreras,1,La Magdalena Contreras,0230,15,92,46,46
9,Ciudad de México,8,La Magdalena Contreras,1,La Magdalena Contreras,0230,16,339,151,188
9,Ciudad de México,8,La Magdalena Contreras,1,La Magdalena Contreras,0230,27,27,13,14
9,Ciudad de México,8,La Magdalena Contreras,1,La Magdalena Contreras,0230,31,147,65,82
9,Ciudad de México,8,La Magdalena Contreras,1,La Magdalena Contreras,0230,32,90,45,45
9,Ciudad de México,8,La Magdalena Contreras,1,La Magdalena Contreras,0230,33,59,24,35
9,Ciudad de México,8,La Magdalena Contreras,1,La Magdalena Contreras,0230,34,97,44,53
9,Ciudad de México,8,La Magdalena Contreras,1,Total AGEB urbana,0245,0,2213,1015,1198
9,Ciudad de México,8,La Magdalena Contreras,1,La Magdalena Contreras,0245,2,124,59,65
9,Ciudad de México,8,La Magdalena Contreras,1,La Magdalena Contreras,0245,3,126,55,71
9,Ciudad de México,8,La Magdalena Contreras,1,La Magdalena Contreras,0245,4,125,57,68
9,Ciudad de México,8,La Magdalena Contreras,1,La Magdalena Contreras,0245,5,79,32,47
9,Ciudad de México,8,La Magdalena Contreras,1,La Magdalena Contreras,0245,6,66,32,34
9,Ciudad de México,8,La Magdalena Contreras,1,La Magdalena Contreras,0245,7,81,38,43
9,Ciudad de México,8,La Magdalena Contreras,1,La Magdalena Contreras,0245,8,188,91,97
9,Ciudad de México,8,La Magdalena Contreras,1,La Magdalena Contreras,0245,9,257,120,137
9,Ciudad de México,8,La Magdalena Contreras,1,La Magdalena Contreras,0245,11,221,102,119
9,Ciudad de México,8,La Magdalena Contreras,1,La Magdalena Contreras,0245,12,38,19,19
9,Ciudad de México,8,La Magdalena Contreras,1,La Magdalena Contreras,0245,13,119,58,61
9,Ciudad de México,8,La Magdalena Contreras,1,La Magdalena Contreras,0245,16,188,86,102
9,Ciudad de México,8,La Magdalena Contreras,1,La Magdalena Contreras,0245,18,90,36,54
9,Ciudad de México,8,La Magdalena Contreras,1,La Magdalena Contreras,0245,20,105,44,61
9,Ciudad de México,8,La Magdalena Contreras,1,La Magdalena Contreras,0245,21,353,160,193
9,Ciudad de México,8,La Magdalena Contreras,1,La Magdalena Contreras,0245,22,53,26,27
9,Ciudad de México,8,La Magdalena Contreras,1,Total AGEB urbana,025A,0,2946,1281,1665
9,Ciudad de México,8,La Magdalena Contreras,1,La Magdalena Contreras,025A,2,222,96,126
9,Ciudad de México,8,La Magdalena Contreras,1,La Magdalena Contreras,025A,3,237,105,132
9,Ciudad de México,8,La Magdalena Contreras,1,La Magdalena Contreras,025A,5,61,22,39
9,Ciudad de México,8,La Magdalena Contreras,1,La Magdalena Contreras,025A,7,409,192,217
9,Ciudad de México,8,La Magdalena Contreras,1,La Magdalena Contreras,025A,8,1036,436,600
9,Ciudad de México,8,La Magdalena Contreras,1,La Magdalena Contreras,025A,12,22,11,11
9,Ciudad de México,8,La Magdalena Contreras,1,La Magdalena Contreras,025A,14,239,107,132
9,Ciudad de México,8,La Magdalena Contreras,1,La Magdalena Contreras,025A,15,399,170,229
9,Ciudad de México,8,La Magdalena Contreras,1,La Magdalena Contreras,025A,18,84,36,48
9,Ciudad de México,8,La Magdalena Contreras,1,La Magdalena Contreras,025A,20,161,68,93
9,Ciudad de México,8,La Magdalena Contreras,1,La Magdalena Contreras,025A,24,76,38,38
9,Ciudad de México,8,La Magdalena Contreras,1,Total AGEB urbana,0264,0,4036,1917,2119
9,Ciudad de México,8,La Magdalena Contreras,1,La Magdalena Contreras,0264,1,1150,538,612
9,Ciudad de México,8,La Magdalena Contreras,1,La Magdalena Contreras,0264,3,346,168,178
9,Ciudad de México,8,La Magdalena Contreras,1,La Magdalena Contreras,0264,4,392,184,208
9,Ciudad de México,8,La Magdalena Contreras,1,La Magdalena Contreras,0264,5,286,131,155
9,Ciudad de México,8,La Magdalena Contreras,1,La Magdalena Contreras,0264,7,33,14,19
9,Ciudad de México,8,La Magdalena Contreras,1,La Magdalena Contreras,0264,8,63,36,27
9,Ciudad de México,8,La Magdalena Contreras,1,La Magdalena Contreras,0264,9,136,66,70
9,Ciudad de México,8,La Magdalena Contreras,1,La Magdalena Contreras,0264,10,61,33,28
9,Ciudad de México,8,La Magdalena Contreras,1,La Magdalena Contreras,0264,11,81,35,46
9,Ciudad de México,8,La Magdalena Contreras,1,La Magdalena Contreras,0264,12,203,99,104
9,Ciudad de México,8,La Magdalena Contreras,1,La Magdalena Contreras,0264,13,101,46,55
9,Ciudad de México,8,La Magdalena Contreras,1,La Magdalena Contreras,0264,14,223,109,114
9,Ciudad de México,8,La Magdalena Contreras,1,La Magdalena Contreras,0264,16,67,29,38
9,Ciudad de México,8,La Magdalena Contreras,1,La Magdalena Contreras,0264,17,70,36,34
9,Ciudad de México,8,La Magdalena Contreras,1,La Magdalena Contreras,0264,18,43,24,19
9,Ciudad de México,8,La Magdalena Contreras,1,La Magdalena Contreras,0264,19,88,44,44
9,Ciudad de México,8,La Magdalena Contreras,1,La Magdalena Contreras,0264,21,284,136,148
9,Ciudad de México,8,La Magdalena Contreras,1,La Magdalena Contreras,0264,22,97,47,50
9,Ciudad de México,8,La Magdalena Contreras,1,La Magdalena Contreras,0264,26,211,96,115
9,Ciudad de México,8,La Magdalena Contreras,1,La Magdalena Contreras,0264,27,17,8,9
9,Ciudad de México,8,La Magdalena Contreras,1,La Magdalena Contreras,0264,28,84,38,46
9,Ciudad de México,8,La Magdalena Contreras,1,Total AGEB urbana,0283,0,3809,1724,2085
9,Ciudad de México,8,La Magdalena Contreras,1,La Magdalena Contreras,0283,1,102,44,58
9,Ciudad de México,8,La Magdalena Contreras,1,La Magdalena Contreras,0283,2,96,51,45
9,Ciudad de México,8,La Magdalena Contreras,1,La Magdalena Contreras,0283,3,60,31,29
9,Ciudad de México,8,La Magdalena Contreras,1,La Magdalena Contreras,0283,4,122,57,65
9,Ciudad de México,8,La Magdalena Contreras,1,La Magdalena Contreras,0283,6,91,36,55
9,Ciudad de México,8,La Magdalena Contreras,1,La Magdalena Contreras,0283,7,162,84,78
9,Ciudad de México,8,La Magdalena Contreras,1,La Magdalena Contreras,0283,8,136,59,77
9,Ciudad de México,8,La Magdalena Contreras,1,La Magdalena Contreras,0283,9,88,33,55
9,Ciudad de México,8,La Magdalena Contreras,1,La Magdalena Contreras,0283,10,64,32,32
9,Ciudad de México,8,La Magdalena Contreras,1,La Magdalena Contreras,0283,11,37,17,20
9,Ciudad de México,8,La Magdalena Contreras,1,La Magdalena Contreras,0283,12,26,10,16
9,Ciudad de México,8,La Magdalena Contreras,1,La Magdalena Contreras,0283,13,58,27,31
9,Ciudad de México,8,La Magdalena Contreras,1,La Magdalena Contreras,0283,14,32,16,16
9,Ciudad de México,8,La Magdalena Contreras,1,La Magdalena Contreras,0283,15,*,*,*
9,Ciudad de México,8,La Magdalena Contreras,1,La Magdalena Contreras,0283,16,218,106,112
9,Ciudad de México,8,La Magdalena Contreras,1,La Magdalena Contreras,0283,17,127,55,72
9,Ciudad de México,8,La Magdalena Contreras,1,La Magdalena Contreras,0283,18,187,97,90
9,Ciudad de México,8,La Magdalena Contreras,1,La Magdalena Contreras,0283,19,524,256,268
9,Ciudad de México,8,La Magdalena Contreras,1,La Magdalena Contreras,0283,20,0,0,0
9,Ciudad de México,8,La Magdalena Contreras,1,La Magdalena Contreras,0283,21,149,75,74
9,Ciudad de México,8,La Magdalena Contreras,1,La Magdalena Contreras,0283,22,49,22,27
9,Ciudad de México,8,La Magdalena Contreras,1,La Magdalena Contreras,0283,23,57,32,25
9,Ciudad de México,8,La Magdalena Contreras,1,La Magdalena Contreras,0283,24,58,26,32
9,Ciudad de México,8,La Magdalena Contreras,1,La Magdalena Contreras,0283,25,61,27,34
9,Ciudad de México,8,La Magdalena Contreras,1,La Magdalena Contreras,0283,26,64,27,37
9,Ciudad de México,8,La Magdalena Contreras,1,La Magdalena Contreras,0283,27,33,16,17
9,Ciudad de México,8,La Magdalena Contreras,1,La Magdalena Contreras,0283,28,23,13,10
9,Ciudad de México,8,La Magdalena Contreras,1,La Magdalena Contreras,0283,29,106,49,57
9,Ciudad de México,8,La Magdalena Contreras,1,La Magdalena Contreras,0283,31,0,0,0
9,Ciudad de México,8,La Magdalena Contreras,1,La Magdalena Contreras,0283,32,163,84,79
9,Ciudad de México,8,La Magdalena Contreras,1,La Magdalena Contreras,0283,35,157,71,86
9,Ciudad de México,8,La Magdalena Contreras,1,La Magdalena Contreras,0283,37,213,98,115
9,Ciudad de México,8,La Magdalena Contreras,1,La Magdalena Contreras,0283,40,147,69,78
9,Ciudad de México,8,La Magdalena Contreras,1,La Magdalena Contreras,0283,43,46,19,27
9,Ciudad de México,8,La Magdalena Contreras,1,La Magdalena Contreras,0283,47,118,55,63
9,Ciudad de México,8,La Magdalena Contreras,1,La Magdalena Contreras,0283,48,62,27,35
9,Ciudad de México,8,La Magdalena Contreras,1,La Magdalena Contreras,0283,50,0,0,0
9,Ciudad de México,8,La Magdalena Contreras,1,Total AGEB urbana,0298,0,1709,831,878
9,Ciudad de México,8,La Magdalena Contreras,1,La Magdalena Contreras,0298,1,161,79,82
9,Ciudad de México,8,La Magdalena Contreras,1,La Magdalena Contreras,0298,3,45,23,22
9,Ciudad de México,8,La Magdalena Contreras,1,La Magdalena Contreras,0298,4,59,30,29
9,Ciudad de México,8,La Magdalena Contreras,1,La Magdalena Contreras,0298,5,318,154,164
9,Ciudad de México,8,La Magdalena Contreras,1,La Magdalena Contreras,0298,6,90,41,49
9,Ciudad de México,8,La Magdalena Contreras,1,La Magdalena Contreras,0298,7,195,99,96
9,Ciudad de México,8,La Magdalena Contreras,1,La Magdalena Contreras,0298,10,176,84,92
9,Ciudad de México,8,La Magdalena Contreras,1,La Magdalena Contreras,0298,12,66,36,30
9,Ciudad de México,8,La Magdalena Contreras,1,La Magdalena Contreras,0298,13,7,4,3
9,Ciudad de México,8,La Magdalena Contreras,1,La Magdalena Contreras,0298,14,70,34,36
9,Ciudad de México,8,La Magdalena Contreras,1,La Magdalena Contreras,0298,15,40,21,19
9,Ciudad de México,8,La Magdalena Contreras,1,La Magdalena Contreras,0298,17,36,19,17
9,Ciudad de México,8,La Magdalena Contreras,1,La Magdalena Contreras,0298,18,148,69,79
9,Ciudad de México,8,La Magdalena Contreras,1,La Magdalena Contreras,0298,22,71,29,42
9,Ciudad de México,8,La Magdalena Contreras,1,La Magdalena Contreras,0298,25,14,8,6
9,Ciudad de México,8,La Magdalena Contreras,1,La Magdalena Contreras,0298,26,121,60,61
9,Ciudad de México,8,La Magdalena Contreras,1,La Magdalena Contreras,0298,27,18,7,11
9,Ciudad de México,8,La Magdalena Contreras,1,La Magdalena Contreras,0298,28,48,20,28
9,Ciudad de México,8,La Magdalena Contreras,1,La Magdalena Contreras,0298,29,26,14,12
9,Ciudad de México,8,La Magdalena Contreras,1,Total AGEB urbana,0300,0,4969,2255,2714
9,Ciudad de México,8,La Magdalena Contreras,1,La Magdalena Contreras,0300,3,1415,624,791
9,Ciudad de México,8,La Magdalena Contreras,1,La Magdalena Contreras,0300,11,196,95,101
9,Ciudad de México,8,La Magdalena Contreras,1,La Magdalena Contreras,0300,12,381,180,201
9,Ciudad de México,8,La Magdalena Contreras,1,La Magdalena Contreras,0300,18,251,106,145
9,Ciudad de México,8,La Magdalena Contreras,1,La Magdalena Contreras,0300,19,299,124,175
9,Ciudad de México,8,La Magdalena Contreras,1,La Magdalena Contreras,0300,20,30,14,16
9,Ciudad de México,8,La Magdalena Contreras,1,La Magdalena Contreras,0300,21,416,191,225
9,Ciudad de México,8,La Magdalena Contreras,1,La Magdalena Contreras,0300,22,303,147,156
9,Ciudad de México,8,La Magdalena Contreras,1,La Magdalena Contreras,0300,23,82,33,49
9,Ciudad de México,8,La Magdalena Contreras,1,La Magdalena Contreras,0300,24,235,111,124
9,Ciudad de México,8,La Magdalena Contreras,1,La Magdalena Contreras,0300,25,181,81,100
9,Ciudad de México,8,La Magdalena Contreras,1,La Magdalena Contreras,0300,26,146,67,79
9,Ciudad de México,8,La Magdalena Contreras,1,La Magdalena Contreras,0300,27,158,74,84
9,Ciudad de México,8,La Magdalena Contreras,1,La Magdalena Contreras,0300,28,77,40,37
9,Ciudad de México,8,La Magdalena Contreras,1,La Magdalena Contreras,0300,29,205,86,119
9,Ciudad de México,8,La Magdalena Contreras,1,La Magdalena Contreras,0300,30,106,51,55
9,Ciudad de México,8,La Magdalena Contreras,1,La Magdalena Contreras,0300,31,142,68,74
9,Ciudad de México,8,La Magdalena Contreras,1,La Magdalena Contreras,0300,32,82,35,47
9,Ciudad de México,8,La Magdalena Contreras,1,La Magdalena Contreras,0300,35,45,22,23
9,Ciudad de México,8,La Magdalena Contreras,1,La Magdalena Contreras,0300,36,26,14,12
9,Ciudad de México,8,La Magdalena Contreras,1,La Magdalena Contreras,0300,37,175,84,91
9,Ciudad de México,8,La Magdalena Contreras,1,La Magdalena Contreras,0300,38,18,8,10
9,Ciudad de México,8,La Magdalena Contreras,1,Total AGEB urbana,0315,0,3179,1476,1703
9,Ciudad de México,8,La Magdalena Contreras,1,La Magdalena Contreras,0315,1,30,15,15
9,Ciudad de México,8,La Magdalena Contreras,1,La Magdalena Contreras,0315,2,95,39,56
9,Ciudad de México,8,La Magdalena Contreras,1,La Magdalena Contreras,0315,4,256,124,132
9,Ciudad de México,8,La Magdalena Contreras,1,La Magdalena Contreras,0315,5,71,29,42
9,Ciudad de México,8,La Magdalena Contreras,1,La Magdalena Contreras,0315,6,67,30,37
9,Ciudad de México,8,La Magdalena Contreras,1,La Magdalena Contreras,0315,7,163,76,87
9,Ciudad de México,8,La Magdalena Contreras,1,La Magdalena Contreras,0315,8,137,63,74
9,Ciudad de México,8,La Magdalena Contreras,1,La Magdalena Contreras,0315,9,148,71,77
9,Ciudad de México,8,La Magdalena Contreras,1,La Magdalena Contreras,0315,12,318,146,172
9,Ciudad de México,8,La Magdalena Contreras,1,La Magdalena Contreras,0315,13,148,65,83
9,Ciudad de México,8,La Magdalena Contreras,1,La Magdalena Contreras,0315,14,*,*,*
9,Ciudad de México,8,La Magdalena Contreras,1,La Magdalena Contreras,0315,15,32,14,18
9,Ciudad de México,8,La Magdalena Contreras,1,La Magdalena Contreras,0315,16,13,8,5
9,Ciudad de México,8,La Magdalena Contreras,1,La Magdalena Contreras,0315,17,58,25,33
9,Ciudad de México,8,La Magdalena Contreras,1,La Magdalena Contreras,0315,18,37,17,20
9,Ciudad de México,8,La Magdalena Contreras,1,La Magdalena Contreras,0315,19,151,79,72
9,Ciudad de México,8,La Magdalena Contreras,1,La Magdalena Contreras,0315,21,656,309,347
9,Ciudad de México,8,La Magdalena Contreras,1,La Magdalena Contreras,0315,22,39,19,20
9,Ciudad de México,8,La Magdalena Contreras,1,La Magdalena Contreras,0315,25,73,34,39
9,Ciudad de México,8,La Magdalena Contreras,1,La Magdalena Contreras,0315,26,123,55,68
9,Ciudad de México,8,La Magdalena Contreras,1,La Magdalena Contreras,0315,29,258,118,140
9,Ciudad de México,8,La Magdalena Contreras,1,La Magdalena Contreras,0315,30,11,7,4
9,Ciudad de México,8,La Magdalena Contreras,1,La Magdalena Contreras,0315,32,44,24,20
9,Ciudad de México,8,La Magdalena Contreras,1,La Magdalena Contreras,0315,33,30,14,16
9,Ciudad de México,8,La Magdalena Contreras,1,La Magdalena Contreras,0315,34,30,12,18
9,Ciudad de México,8,La Magdalena Contreras,1,La Magdalena Contreras,0315,35,22,10,12
9,Ciudad de México,8,La Magdalena Contreras,1,La Magdalena Contreras,0315,36,21,6,15
9,Ciudad de México,8,La Magdalena Contreras,1,La Magdalena Contreras,0315,43,62,27,35
9,Ciudad de México,8,La Magdalena Contreras,1,La Magdalena Contreras,0315,45,85,40,45
9,Ciudad de México,8,La Magdalena Contreras,1,Total AGEB urbana,032A,0,4237,1928,2309
9,Ciudad de México,8,La Magdalena Contreras,1,La Magdalena Contreras,032A,1,764,323,441
9,Ciudad de México,8,La Magdalena Contreras,1,La Magdalena Contreras,032A,2,196,97,99
9,Ciudad de México,8,La Magdalena Contreras,1,La Magdalena Contreras,032A,3,126,54,72
9,Ciudad de México,8,La Magdalena Contreras,1,La Magdalena Contreras,032A,4,38,12,26
9,Ciudad de México,8,La Magdalena Contreras,1,La Magdalena Contreras,032A,5,268,121,147
9,Ciudad de México,8,La Magdalena Contreras,1,La Magdalena Contreras,032A,6,1008,459,549
9,Ciudad de México,8,La Magdalena Contreras,1,La Magdalena Contreras,032A,7,212,102,110
9,Ciudad de México,8,La Magdalena Contreras,1,La Magdalena Contreras,032A,8,88,44,44
9,Ciudad de México,8,La Magdalena Contreras,1,La Magdalena Contreras,032A,9,36,13,23
9,Ciudad de México,8,La Magdalena Contreras,1,La Magdalena Contreras,032A,10,62,31,31
9,Ciudad de México,8,La Magdalena Contreras,1,La Magdalena Contreras,032A,11,*,*,*
9,Ciudad de México,8,La Magdalena Contreras,1,La Magdalena Contreras,032A,12,*,*,*
9,Ciudad de México,8,La Magdalena Contreras,1,La Magdalena Contreras,032A,13,144,68,76
9,Ciudad de México,8,La Magdalena Contreras,1,La Magdalena Contreras,032A,14,41,18,23
9,Ciudad de México,8,La Magdalena Contreras,1,La Magdalena Contreras,032A,15,47,22,25
9,Ciudad de México,8,La Magdalena Contreras,1,La Magdalena Contreras,032A,16,274,123,151
9,Ciudad de México,8,La Magdalena Contreras,1,La Magdalena Contreras,032A,17,309,153,156
9,Ciudad de México,8,La Magdalena Contreras,1,La Magdalena Contreras,032A,18,81,40,41
9,Ciudad de México,8,La Magdalena Contreras,1,La Magdalena Contreras,032A,19,21,11,10
9,Ciudad de México,8,La Magdalena Contreras,1,La Magdalena Contreras,032A,20,9,*,7
9,Ciudad de México,8,La Magdalena Contreras,1,La Magdalena Contreras,032A,21,0,0,0
9,Ciudad de México,8,La Magdalena Contreras,1,La Magdalena Contreras,032A,22,40,18,22
9,Ciudad de México,8,La Magdalena Contreras,1,La Magdalena Contreras,032A,23,41,21,20
9,Ciudad de México,8,La Magdalena Contreras,1,La Magdalena Contreras,032A,24,45,20,25
9,Ciudad de México,8,La Magdalena Contreras,1,La Magdalena Contreras,032A,27,*,*,*
9,Ciudad de México,8,La Magdalena Contreras,1,La Magdalena Contreras,032A,28,45,20,25
9,Ciudad de México,8,La Magdalena Contreras,1,La Magdalena Contreras,032A,29,228,108,120
9,Ciudad de México,8,La Magdalena Contreras,1,La Magdalena Contreras,032A,30,103,43,60
9,Ciudad de México,8,La Magdalena Contreras,1,Total AGEB urbana,0334,0,2317,1100,1217
9,Ciudad de México,8,La Magdalena Contreras,1,La Magdalena Contreras,0334,1,70,30,40
9,Ciudad de México,8,La Magdalena Contreras,1,La Magdalena Contreras,0334,2,49,21,28
9,Ciudad de México,8,La Magdalena Contreras,1,La Magdalena Contreras,0334,3,103,47,56
9,Ciudad de México,8,La Magdalena Contreras,1,La Magdalena Contreras,0334,4,146,65,81
9,Ciudad de México,8,La Magdalena Contreras,1,La Magdalena Contreras,0334,5,297,139,158
9,Ciudad de México,8,La Magdalena Contreras,1,La Magdalena Contreras,0334,6,92,46,46
9,Ciudad de México,8,La Magdalena Contreras,1,La Magdalena Contreras,0334,7,85,39,46
9,Ciudad de México,8,La Magdalena Contreras,1,La Magdalena Contreras,0334,8,*,*,*
9,Ciudad de México,8,La Magdalena Contreras,1,La Magdalena Contreras,0334,9,430,200,230
9,Ciudad de México,8,La Magdalena Contreras,1,La Magdalena Contreras,0334,10,97,41,56
9,Ciudad de México,8,La Magdalena Contreras,1,La Magdalena Contreras,0334,11,71,37,34
9,Ciudad de México,8,La Magdalena Contreras,1,La Magdalena Contreras,0334,12,0,0,0
9,Ciudad de México,8,La Magdalena Contreras,1,La Magdalena Contreras,0334,13,9,5,4
9,Ciudad de México,8,La Magdalena Contreras,1,La Magdalena Contreras,0334,14,21,12,9
9,Ciudad de México,8,La Magdalena Contreras,1,La Magdalena Contreras,0334,15,127,65,62
9,Ciudad de México,8,La Magdalena Contreras,1,La Magdalena Contreras,0334,16,93,45,48
9,Ciudad de México,8,La Magdalena Contreras,1,La Magdalena Contreras,0334,17,79,43,36
9,Ciudad de México,8,La Magdalena Contreras,1,La Magdalena Contreras,0334,18,45,25,20
9,Ciudad de México,8,La Magdalena Contreras,1,La Magdalena Contreras,0334,19,38,18,20
9,Ciudad de México,8,La Magdalena Contreras,1,La Magdalena Contreras,0334,20,*,*,*
9,Ciudad de México,8,La Magdalena Contreras,1,La Magdalena Contreras,0334,21,83,35,48
9,Ciudad de México,8,La Magdalena Contreras,1,La Magdalena Contreras,0334,22,109,47,62
9,Ciudad de México,8,La Magdalena Contreras,1,La Magdalena Contreras,0334,23,76,41,35
9,Ciudad de México,8,La Magdalena Contreras,1,La Magdalena Contreras,0334,24,109,56,53
9,Ciudad de México,8,La Magdalena Contreras,1,La Magdalena Contreras,0334,25,82,39,43
9,Ciudad de México,8,La Magdalena Contreras,1,Total AGEB urbana,0349,0,7334,3443,3891
9,Ciudad de México,8,La Magdalena Contreras,1,La Magdalena Contreras,0349,1,489,234,255
9,Ciudad de México,8,La Magdalena Contreras,1,La Magdalena Contreras,0349,2,416,208,208
9,Ciudad de México,8,La Magdalena Contreras,1,La Magdalena Contreras,0349,5,434,197,237
9,Ciudad de México,8,La Magdalena Contreras,1,La Magdalena Contreras,0349,6,378,176,202
9,Ciudad de México,8,La Magdalena Contreras,1,La Magdalena Contreras,0349,7,603,289,314
9,Ciudad de México,8,La Magdalena Contreras,1,La Magdalena Contreras,0349,8,226,108,118
9,Ciudad de México,8,La Magdalena Contreras,1,La Magdalena Contreras,0349,9,329,151,178
9,Ciudad de México,8,La Magdalena Contreras,1,La Magdalena Contreras,0349,10,703,317,386
9,Ciudad de México,8,La Magdalena Contreras,1,La Magdalena Contreras,0349,15,109,57,52
9,Ciudad de México,8,La Magdalena Contreras,1,La Magdalena Contreras,0349,16,59,25,34
9,Ciudad de México,8,La Magdalena Contreras,1,La Magdalena Contreras,0349,17,499,227,272
9,Ciudad de México,8,La Magdalena Contreras,1,La Magdalena Contreras,0349,18,256,128,128
9,Ciudad de México,8,La Magdalena Contreras,1,La Magdalena Contreras,0349,19,14,3,11
9,Ciudad de México,8,La Magdalena Contreras,1,La Magdalena Contreras,0349,21,*,*,*
9,Ciudad de México,8,La Magdalena Contreras,1,La Magdalena Contreras,0349,23,85,35,50
9,Ciudad de México,8,La Magdalena Contreras,1,La Magdalena Contreras,0349,24,162,77,85
9,Ciudad de México,8,La Magdalena Contreras,1,La Magdalena Contreras,0349,25,99,39,60
9,Ciudad de México,8,La Magdalena Contreras,1,La Magdalena Contreras,0349,27,10,4,6
9,Ciudad de México,8,La Magdalena Contreras,1,La Magdalena Contreras,0349,30,107,51,56
9,Ciudad de México,8,La Magdalena Contreras,1,La Magdalena Contreras,0349,31,75,34,41
9,Ciudad de México,8,La Magdalena Contreras,1,La Magdalena Contreras,0349,32,0,0,0
9,Ciudad de México,8,La Magdalena Contreras,1,La Magdalena Contreras,0349,33,260,121,139
9,Ciudad de México,8,La Magdalena Contreras,1,La Magdalena Contreras,0349,39,37,20,17
9,Ciudad de México,8,La Magdalena Contreras,1,La Magdalena Contreras,0349,43,162,70,92
9,Ciudad de México,8,La Magdalena Contreras,1,La Magdalena Contreras,0349,46,155,77,78
9,Ciudad de México,8,La Magdalena Contreras,1,La Magdalena Contreras,0349,48,282,138,144
9,Ciudad de México,8,La Magdalena Contreras,1,La Magdalena Contreras,0349,51,88,44,44
9,Ciudad de México,8,La Magdalena Contreras,1,La Magdalena Contreras,0349,53,157,81,76
9,Ciudad de México,8,La Magdalena Contreras,1,La Magdalena Contreras,0349,58,81,37,44
9,Ciudad de México,8,La Magdalena Contreras,1,La Magdalena Contreras,0349,59,346,159,187
9,Ciudad de México,8,La Magdalena Contreras,1,La Magdalena Contreras,0349,62,95,44,51
9,Ciudad de México,8,La Magdalena Contreras,1,La Magdalena Contreras,0349,63,139,65,74
9,Ciudad de México,8,La Magdalena Contreras,1,La Magdalena Contreras,0349,64,*,*,*
9,Ciudad de México,8,La Magdalena Contreras,1,La Magdalena Contreras,0349,65,6,3,3
9,Ciudad de México,8,La Magdalena Contreras,1,La Magdalena Contreras,0349,66,23,11,12
9,Ciudad de México,8,La Magdalena Contreras,1,La Magdalena Contreras,0349,67,258,115,143
9,Ciudad de México,8,La Magdalena Contreras,1,La Magdalena Contreras,0349,68,76,36,40
9,Ciudad de México,8,La Magdalena Contreras,1,La Magdalena Contreras,0349,69,111,58,53
9,Ciudad de México,8,La Magdalena Contreras,1,Total AGEB urbana,0353,0,3468,1640,1828
9,Ciudad de México,8,La Magdalena Contreras,1,La Magdalena Contreras,0353,1,93,51,42
9,Ciudad de México,8,La Magdalena Contreras,1,La Magdalena Contreras,0353,2,453,219,234
9,Ciudad de México,8,La Magdalena Contreras,1,La Magdalena Contreras,0353,4,150,70,80
9,Ciudad de México,8,La Magdalena Contreras,1,La Magdalena Contreras,0353,6,49,18,31
9,Ciudad de México,8,La Magdalena Contreras,1,La Magdalena Contreras,0353,7,51,25,26
9,Ciudad de México,8,La Magdalena Contreras,1,La Magdalena Contreras,0353,10,47,21,26
9,Ciudad de México,8,La Magdalena Contreras,1,La Magdalena Contreras,0353,11,223,108,115
9,Ciudad de México,8,La Magdalena Contreras,1,La Magdalena Contreras,0353,12,53,24,29
9,Ciudad de México,8,La Magdalena Contreras,1,La Magdalena Contreras,0353,14,309,140,169
9,Ciudad de México,8,La Magdalena Contreras,1,La Magdalena Contreras,0353,16,19,8,11
9,Ciudad de México,8,La Magdalena Contreras,1,La Magdalena Contreras,0353,19,97,46,51
9,Ciudad de México,8,La Magdalena Contreras,1,La Magdalena Contreras,0353,27,29,14,15
9,Ciudad de México,8,La Magdalena Contreras,1,La Magdalena Contreras,0353,28,12,4,8
9,Ciudad de México,8,La Magdalena Contreras,1,La Magdalena Contreras,0353,29,131,70,61
9,Ciudad de México,8,La Magdalena Contreras,1,La Magdalena Contreras,0353,30,77,33,44
9,Ciudad de México,8,La Magdalena Contreras,1,La Magdalena Contreras,0353,31,146,65,81
9,Ciudad de México,8,La Magdalena Contreras,1,La Magdalena Contreras,0353,32,204,91,113
9,Ciudad de México,8,La Magdalena Contreras,1,La Magdalena Contreras,0353,34,238,109,129
9,Ciudad de México,8,La Magdalena Contreras,1,La Magdalena Contreras,0353,37,104,51,53
9,Ciudad de México,8,La Magdalena Contreras,1,La Magdalena Contreras,0353,38,*,*,*
9,Ciudad de México,8,La Magdalena Contreras,1,La Magdalena Contreras,0353,40,53,24,29
9,Ciudad de México,8,La Magdalena Contreras,1,La Magdalena Contreras,0353,41,68,35,33
9,Ciudad de México,8,La Magdalena Contreras,1,La Magdalena Contreras,0353,42,65,32,33
9,Ciudad de México,8,La Magdalena Contreras,1,La Magdalena Contreras,0353,43,284,137,147
9,Ciudad de México,8,La Magdalena Contreras,1,La Magdalena Contreras,0353,44,164,79,85
9,Ciudad de México,8,La Magdalena Contreras,1,La Magdalena Contreras,0353,45,154,76,78
9,Ciudad de México,8,La Magdalena Contreras,1,La Magdalena Contreras,0353,48,192,88,104
9,Ciudad de México,8,La Magdalena Contreras,1,Total AGEB urbana,0387,0,7331,3482,3849
9,Ciudad de México,8,La Magdalena Contreras,1,La Magdalena Contreras,0387,1,328,161,167
9,Ciudad de México,8,La Magdalena Contreras,1,La Magdalena Contreras,0387,2,257,123,134
9,Ciudad de México,8,La Magdalena Contreras,1,La Magdalena Contreras,0387,3,401,197,204
9,Ciudad de México,8,La Magdalena Contreras,1,La Magdalena Contreras,0387,5,590,273,317
9,Ciudad de México,8,La Magdalena Contreras,1,La Magdalena Contreras,0387,6,568,266,302
9,Ciudad de México,8,La Magdalena Contreras,1,La Magdalena Contreras,0387,7,70,37,33
9,Ciudad de México,8,La Magdalena Contreras,1,La Magdalena Contreras,0387,8,200,104,96
9,Ciudad de México,8,La Magdalena Contreras,1,La Magdalena Contreras,0387,9,102,52,50
9,Ciudad de México,8,La Magdalena Contreras,1,La Magdalena Contreras,0387,10,211,96,115
9,Ciudad de México,8,La Magdalena Contreras,1,La Magdalena Contreras,0387,11,583,273,310
9,Ciudad de México,8,La Magdalena Contreras,1,La Magdalena Contreras,0387,12,121,59,62
9,Ciudad de México,8,La Magdalena Contreras,1,La Magdalena Contreras,0387,14,47,22,25
9,Ciudad de México,8,La Magdalena Contreras,1,La Magdalena Contreras,0387,16,42,18,24
9,Ciudad de México,8,La Magdalena Contreras,1,La Magdalena Contreras,0387,17,773,367,406
9,Ciudad de México,8,La Magdalena Contreras,1,La Magdalena Contreras,0387,21,65,28,37
9,Ciudad de México,8,La Magdalena Contreras,1,La Magdalena Contreras,0387,22,252,108,144
9,Ciudad de México,8,La Magdalena Contreras,1,La Magdalena Contreras,0387,24,257,120,137
9,Ciudad de México,8,La Magdalena Contreras,1,La Magdalena Contreras,0387,26,190,86,104
9,Ciudad de México,8,La Magdalena Contreras,1,La Magdalena Contreras,0387,27,173,79,94
9,Ciudad de México,8,La Magdalena Contreras,1,La Magdalena Contreras,0387,29,173,82,91
9,Ciudad de México,8,La Magdalena Contreras,1,La Magdalena Contreras,0387,30,824,400,424
9,Ciudad de México,8,La Magdalena Contreras,1,La Magdalena Contreras,0387,32,56,22,34
9,Ciudad de México,8,La Magdalena Contreras,1,La Magdalena Contreras,0387,33,13,5,8
9,Ciudad de México,8,La Magdalena Contreras,1,La Magdalena Contreras,0387,34,53,26,27
9,Ciudad de México,8,La Magdalena Contreras,1,La Magdalena Contreras,0387,35,85,37,48
9,Ciudad de México,8,La Magdalena Contreras,1,La Magdalena Contreras,0387,36,108,51,57
9,Ciudad de México,8,La Magdalena Contreras,1,La Magdalena Contreras,0387,38,147,77,70
9,Ciudad de México,8,La Magdalena Contreras,1,La Magdalena Contreras,0387,39,54,26,28
9,Ciudad de México,8,La Magdalena Contreras,1,La Magdalena Contreras,0387,40,57,30,27
9,Ciudad de México,8,La Magdalena Contreras,1,La Magdalena Contreras,0387,41,24,10,14
9,Ciudad de México,8,La Magdalena Contreras,1,La Magdalena Contreras,0387,42,0,0,0
9,Ciudad de México,8,La Magdalena Contreras,1,La Magdalena Contreras,0387,43,204,98,106
9,Ciudad de México,8,La Magdalena Contreras,1,La Magdalena Contreras,0387,44,115,51,64
9,Ciudad de México,8,La Magdalena Contreras,1,La Magdalena Contreras,0387,45,15,7,8
9,Ciudad de México,8,La Magdalena Contreras,1,La Magdalena Contreras,0387,46,89,43,46
9,Ciudad de México,8,La Magdalena Contreras,1,La Magdalena Contreras,0387,47,36,21,15
9,Ciudad de México,8,La Magdalena Contreras,1,La Magdalena Contreras,0387,48,48,27,21
9,Ciudad de México,8,La Magdalena Contreras,1,Total AGEB urbana,0404,0,6514,3083,3431
9,Ciudad de México,8,La Magdalena Contreras,1,La Magdalena Contreras,0404,1,1801,826,975
9,Ciudad de México,8,La Magdalena Contreras,1,La Magdalena Contreras,0404,2,410,197,213
9,Ciudad de México,8,La Magdalena Contreras,1,La Magdalena Contreras,0404,3,7,3,4
9,Ciudad de México,8,La Magdalena Contreras,1,La Magdalena Contreras,0404,4,164,79,85
9,Ciudad de México,8,La Magdalena Contreras,1,La Magdalena Contreras,0404,9,557,263,294
9,Ciudad de México,8,La Magdalena Contreras,1,La Magdalena Contreras,0404,10,259,127,132
9,Ciudad de México,8,La Magdalena Contreras,1,La Magdalena Contreras,0404,14,241,124,117
9,Ciudad de México,8,La Magdalena Contreras,1,La Magdalena Contreras,0404,15,292,149,143
9,Ciudad de México,8,La Magdalena Contreras,1,La Magdalena Contreras,0404,17,312,144,168
9,Ciudad de México,8,La Magdalena Contreras,1,La Magdalena Contreras,0404,22,393,189,204
9,Ciudad de México,8,La Magdalena Contreras,1,La Magdalena Contreras,0404,23,215,96,119
9,Ciudad de México,8,La Magdalena Contreras,1,La Magdalena Contreras,0404,24,256,116,140
9,Ciudad de México,8,La Magdalena Contreras,1,La Magdalena Contreras,0404,33,115,61,54
9,Ciudad de México,8,La Magdalena Contreras,1,La Magdalena Contreras,0404,34,460,223,237
9,Ciudad de México,8,La Magdalena Contreras,1,La Magdalena Contreras,0404,35,138,70,68
9,Ciudad de México,8,La Magdalena Contreras,1,La Magdalena Contreras,0404,36,50,22,28
9,Ciudad de México,8,La Magdalena Contreras,1,La Magdalena Contreras,0404,38,194,89,105
9,Ciudad de México,8,La Magdalena Contreras,1,La Magdalena Contreras,0404,39,26,12,14
9,Ciudad de México,8,La Magdalena Contreras,1,La Magdalena Contreras,0404,40,109,53,56
9,Ciudad de México,8,La Magdalena Contreras,1,La Magdalena Contreras,0404,41,159,81,78
9,Ciudad de México,8,La Magdalena Contreras,1,La Magdalena Contreras,0404,42,41,21,20
9,Ciudad de México,8,La Magdalena Contreras,1,La Magdalena Contreras,0404,45,190,84,106
9,Ciudad de México,8,La Magdalena Contreras,1,La Magdalena Contreras,0404,46,85,38,47
9,Ciudad de México,8,La Magdalena Contreras,1,La Magdalena Contreras,0404,47,40,16,24
9,Ciudad de México,8,La Magdalena Contreras,1,Total AGEB urbana,0423,0,6429,3040,3389
9,Ciudad de México,8,La Magdalena Contreras,1,La Magdalena Contreras,0423,1,302,139,163
9,Ciudad de México,8,La Magdalena Contreras,1,La Magdalena Contreras,0423,2,108,46,62
9,Ciudad de México,8,La Magdalena Contreras,1,La Magdalena Contreras,0423,3,130,65,65
9,Ciudad de México,8,La Magdalena Contreras,1,La Magdalena Contreras,0423,4,142,69,73
9,Ciudad de México,8,La Magdalena Contreras,1,La Magdalena Contreras,0423,5,166,80,86
9,Ciudad de México,8,La Magdalena Contreras,1,La Magdalena Contreras,0423,7,169,83,86
9,Ciudad de México,8,La Magdalena Contreras,1,La Magdalena Contreras,0423,8,35,16,19
9,Ciudad de México,8,La Magdalena Contreras,1,La Magdalena Contreras,0423,11,126,61,65
9,Ciudad de México,8,La Magdalena Contreras,1,La Magdalena Contreras,0423,12,268,128,140
9,Ciudad de México,8,La Magdalena Contreras,1,La Magdalena Contreras,0423,13,349,171,178
9,Ciudad de México,8,La Magdalena Contreras,1,La Magdalena Contreras,0423,15,109,53,56
9,Ciudad de México,8,La Magdalena Contreras,1,La Magdalena Contreras,0423,17,47,17,30
9,Ciudad de México,8,La Magdalena Contreras,1,La Magdalena Contreras,0423,25,116,56,60
9,Ciudad de México,8,La Magdalena Contreras,1,La Magdalena Contreras,0423,26,151,80,71
9,Ciudad de México,8,La Magdalena Contreras,1,La Magdalena Contreras,0423,28,221,104,117
9,Ciudad de México,8,La Magdalena Contreras,1,La Magdalena Contreras,0423,30,103,49,54
9,Ciudad de México,8,La Magdalena Contreras,1,La Magdalena Contreras,0423,31,152,69,83
9,Ciudad de México,8,La Magdalena Contreras,1,La Magdalena Contreras,0423,32,146,67,79
9,Ciudad de México,8,La Magdalena Contreras,1,La Magdalena Contreras,0423,33,149,67,82
9,Ciudad de México,8,La Magdalena Contreras,1,La Magdalena Contreras,0423,34,301,141,160
9,Ciudad de México,8,La Magdalena Contreras,1,La Magdalena Contreras,0423,35,151,69,82
9,Ciudad de México,8,La Magdalena Contreras,1,La Magdalena Contreras,0423,36,105,44,61
9,Ciudad de México,8,La Magdalena Contreras,1,La Magdalena Contreras,0423,37,80,38,42
9,Ciudad de México,8,La Magdalena Contreras,1,La Magdalena Contreras,0423,39,59,25,34
9,Ciudad de México,8,La Magdalena Contreras,1,La Magdalena Contreras,0423,40,182,90,92
9,Ciudad de México,8,La Magdalena Contreras,1,La Magdalena Contreras,0423,41,81,42,39
9,Ciudad de México,8,La Magdalena Contreras,1,La Magdalena Contreras,0423,42,91,41,50
9,Ciudad de México,8,La Magdalena Contreras,1,La Magdalena Contreras,0423,43,261,112,149
9,Ciudad de México,8,La Magdalena Contreras,1,La Magdalena Contreras,0423,45,148,66,82
9,Ciudad de México,8,La Magdalena Contreras,1,La Magdalena Contreras,0423,46,53,23,30
9,Ciudad de México,8,La Magdalena Contreras,1,La Magdalena Contreras,0423,47,69,28,41
9,Ciudad de México,8,La Magdalena Contreras,1,La Magdalena Contreras,0423,48,117,56,61
9,Ciudad de México,8,La Magdalena Contreras,1,La Magdalena Contreras,0423,50,*,*,*
9,Ciudad de México,8,La Magdalena Contreras,1,La Magdalena Contreras,0423,51,60,29,31
9,Ciudad de México,8,La Magdalena Contreras,1,La Magdalena Contreras,0423,52,41,22,19
9,Ciudad de México,8,La Magdalena Contreras,1,La Magdalena Contreras,0423,53,128,60,68
9,Ciudad de México,8,La Magdalena Contreras,1,La Magdalena Contreras,0423,54,111,56,55
9,Ciudad de México,8,La Magdalena Contreras,1,La Magdalena Contreras,0423,55,183,92,91
9,Ciudad de México,8,La Magdalena Contreras,1,La Magdalena Contreras,0423,56,229,109,120
9,Ciudad de México,8,La Magdalena Contreras,1,La Magdalena Contreras,0423,57,102,51,51
9,Ciudad de México,8,La Magdalena Contreras,1,La Magdalena Contreras,0423,58,53,25,28
9,Ciudad de México,8,La Magdalena Contreras,1,La Magdalena Contreras,0423,59,35,19,16
9,Ciudad de México,8,La Magdalena Contreras,1,La Magdalena Contreras,0423,60,96,47,49
9,Ciudad de México,8,La Magdalena Contreras,1,La Magdalena Contreras,0423,61,221,103,118
9,Ciudad de México,8,La Magdalena Contreras,1,La Magdalena Contreras,0423,62,72,33,39
9,Ciudad de México,8,La Magdalena Contreras,1,La Magdalena Contreras,0423,63,31,14,17
9,Ciudad de México,8,La Magdalena Contreras,1,La Magdalena Contreras,0423,64,198,95,103
9,Ciudad de México,8,La Magdalena Contreras,1,La Magdalena Contreras,0423,65,73,37,36
9,Ciudad de México,8,La Magdalena Contreras,1,La Magdalena Contreras,0423,66,84,39,45
9,Ciudad de México,8,La Magdalena Contreras,1,La Magdalena Contreras,0423,67,21,12,9
9,Ciudad de México,8,La Magdalena Contreras,1,Total AGEB urbana,0438,0,4470,2161,2309
9,Ciudad de México,8,La Magdalena Contreras,1,La Magdalena Contreras,0438,2,198,98,100
9,Ciudad de México,8,La Magdalena Contreras,1,La Magdalena Contreras,0438,3,815,395,420
9,Ciudad de México,8,La Magdalena Contreras,1,La Magdalena Contreras,0438,4,163,72,91
9,Ciudad de México,8,La Magdalena Contreras,1,La Magdalena Contreras,0438,5,504,241,263
9,Ciudad de México,8,La Magdalena Contreras,1,La Magdalena Contreras,0438,6,130,60,70
9,Ciudad de México,8,La Magdalena Contreras,1,La Magdalena Contreras,0438,7,56,24,32
9,Ciudad de México,8,La Magdalena Contreras,1,La Magdalena Contreras,0438,8,541,250,291
9,Ciudad de México,8,La Magdalena Contreras,1,La Magdalena Contreras,0438,9,244,115,129
9,Ciudad de México,8,La Magdalena Contreras,1,La Magdalena Contreras,0438,11,106,55,51
9,Ciudad de México,8,La Magdalena Contreras,1,La Magdalena Contreras,0438,12,41,19,22
9,Ciudad de México,8,La Magdalena Contreras,1,La Magdalena Contreras,0438,14,74,37,37
9,Ciudad de México,8,La Magdalena Contreras,1,La Magdalena Contreras,0438,16,154,73,81
9,Ciudad de México,8,La Magdalena Contreras,1,La Magdalena Contreras,0438,17,198,105,93
9,Ciudad de México,8,La Magdalena Contreras,1,La Magdalena Contreras,0438,18,92,41,51
9,Ciudad de México,8,La Magdalena Contreras,1,La Magdalena Contreras,0438,19,55,30,25
9,Ciudad de México,8,La Magdalena Contreras,1,La Magdalena Contreras,0438,23,144,77,67
9,Ciudad de México,8,La Magdalena Contreras,1,La Magdalena Contreras,0438,25,68,35,33
9,Ciudad de México,8,La Magdalena Contreras,1,La Magdalena Contreras,0438,29,*,*,*
9,Ciudad de México,8,La Magdalena Contreras,1,La Magdalena Contreras,0438,30,369,180,189
9,Ciudad de México,8,La Magdalena Contreras,1,La Magdalena Contreras,0438,31,48,25,23
9,Ciudad de México,8,La Magdalena Contreras,1,La Magdalena Contreras,0438,34,55,21,34
9,Ciudad de México,8,La Magdalena Contreras,1,La Magdalena Contreras,0438,35,179,92,87
9,Ciudad de México,8,La Magdalena Contreras,1,La Magdalena Contreras,0438,38,16,9,7
9,Ciudad de México,8,La Magdalena Contreras,1,La Magdalena Contreras,0438,39,86,42,44
9,Ciudad de México,8,La Magdalena Contreras,1,La Magdalena Contreras,0438,40,73,34,39
9,Ciudad de México,8,La Magdalena Contreras,1,La Magdalena Contreras,0438,41,55,29,26
9,Ciudad de México,8,La Magdalena Contreras,1,Total AGEB urbana,0457,0,5461,2647,2814
9,Ciudad de México,8,La Magdalena Contreras,1,La Magdalena Contreras,0457,1,40,16,24
9,Ciudad de México,8,La Magdalena Contreras,1,La Magdalena Contreras,0457,2,1030,511,519
9,Ciudad de México,8,La Magdalena Contreras,1,La Magdalena Contreras,0457,4,113,52,61
9,Ciudad de México,8,La Magdalena Contreras,1,La Magdalena Contreras,0457,5,260,124,136
9,Ciudad de México,8,La Magdalena Contreras,1,La Magdalena Contreras,0457,6,43,17,26
9,Ciudad de México,8,La Magdalena Contreras,1,La Magdalena Contreras,0457,7,52,23,29
9,Ciudad de México,8,La Magdalena Contreras,1,La Magdalena Contreras,0457,8,106,51,55
9,Ciudad de México,8,La Magdalena Contreras,1,La Magdalena Contreras,0457,9,213,105,108
9,Ciudad de México,8,La Magdalena Contreras,1,La Magdalena Contreras,0457,12,183,90,93
9,Ciudad de México,8,La Magdalena Contreras,1,La Magdalena Contreras,0457,13,114,57,57
9,Ciudad de México,8,La Magdalena Contreras,1,La Magdalena Contreras,0457,16,70,38,32
9,Ciudad de México,8,La Magdalena Contreras,1,La Magdalena Contreras,0457,17,248,117,131
9,Ciudad de México,8,La Magdalena Contreras,1,La Magdalena Contreras,0457,18,249,123,126
9,Ciudad de México,8,La Magdalena Contreras,1,La Magdalena Contreras,0457,20,517,249,268
9,Ciudad de México,8,La Magdalena Contreras,1,La Magdalena Contreras,0457,21,71,37,34
9,Ciudad de México,8,La Magdalena Contreras,1,La Magdalena Contreras,0457,22,150,77,73
9,Ciudad de México,8,La Magdalena Contreras,1,La Magdalena Contreras,0457,23,14,6,8
9,Ciudad de México,8,La Magdalena Contreras,1,La Magdalena Contreras,0457,24,59,25,34
9,Ciudad de México,8,La Magdalena Contreras,1,La Magdalena Contreras,0457,25,84,42,42
9,Ciudad de México,8,La Magdalena Contreras,1,La Magdalena Contreras,0457,26,109,54,55
9,Ciudad de México,8,La Magdalena Contreras,1,La Magdalena Contreras,0457,27,39,21,18
9,Ciudad de México,8,La Magdalena Contreras,1,La Magdalena Contreras,0457,28,81,37,44
9,Ciudad de México,8,La Magdalena Contreras,1,La Magdalena Contreras,0457,29,135,68,67
9,Ciudad de México,8,La Magdalena Contreras,1,La Magdalena Contreras,0457,30,49,25,24
9,Ciudad de México,8,La Magdalena Contreras,1,La Magdalena Contreras,0457,31,183,86,97
9,Ciudad de México,8,La Magdalena Contreras,1,La Magdalena Contreras,0457,33,752,349,403
9,Ciudad de México,8,La Magdalena Contreras,1,La Magdalena Contreras,0457,34,60,31,29
9,Ciudad de México,8,La Magdalena Contreras,1,La Magdalena Contreras,0457,35,115,56,59
9,Ciudad de México,8,La Magdalena Contreras,1,La Magdalena Contreras,0457,36,63,30,33
9,Ciudad de México,8,La Magdalena Contreras,1,La Magdalena Contreras,0457,37,29,13,16
9,Ciudad de México,8,La Magdalena Contreras,1,La Magdalena Contreras,0457,38,0,0,0
9,Ciudad de México,8,La Magdalena Contreras,1,La Magdalena Contreras,0457,39,*,*,*
9,Ciudad de México,8,La Magdalena Contreras,1,La Magdalena Contreras,0457,40,93,41,52
9,Ciudad de México,8,La Magdalena Contreras,1,La Magdalena Contreras,0457,41,20,11,9
9,Ciudad de México,8,La Magdalena Contreras,1,La Magdalena Contreras,0457,42,16,10,6
9,Ciudad de México,8,La Magdalena Contreras,1,La Magdalena Contreras,0457,43,27,14,13
9,Ciudad de México,8,La Magdalena Contreras,1,La Magdalena Contreras,0457,44,57,31,26
9,Ciudad de México,8,La Magdalena Contreras,1,La Magdalena Contreras,0457,45,7,3,4
9,Ciudad de México,8,La Magdalena Contreras,1,Total AGEB urbana,0461,0,6806,3246,3560
9,Ciudad de México,8,La Magdalena Contreras,1,La Magdalena Contreras,0461,1,945,442,503
9,Ciudad de México,8,La Magdalena Contreras,1,La Magdalena Contreras,0461,2,867,416,451
9,Ciudad de México,8,La Magdalena Contreras,1,La Magdalena Contreras,0461,3,107,49,58
9,Ciudad de México,8,La Magdalena Contreras,1,La Magdalena Contreras,0461,4,0,0,0
9,Ciudad de México,8,La Magdalena Contreras,1,La Magdalena Contreras,0461,7,172,82,90
9,Ciudad de México,8,La Magdalena Contreras,1,La Magdalena Contreras,0461,9,128,57,71
9,Ciudad de México,8,La Magdalena Contreras,1,La Magdalena Contreras,0461,15,517,252,265
9,Ciudad de México,8,La Magdalena Contreras,1,La Magdalena Contreras,0461,16,126,63,63
9,Ciudad de México,8,La Magdalena Contreras,1,La Magdalena Contreras,0461,18,349,169,180
9,Ciudad de México,8,La Magdalena Contreras,1,La Magdalena Contreras,0461,19,151,78,73
9,Ciudad de México,8,La Magdalena Contreras,1,La Magdalena Contreras,0461,20,73,34,39
9,Ciudad de México,8,La Magdalena Contreras,1,La Magdalena Contreras,0461,21,235,106,129
9,Ciudad de México,8,La Magdalena Contreras,1,La Magdalena Contreras,0461,22,449,212,237
9,Ciudad de México,8,La Magdalena Contreras,1,La Magdalena Contreras,0461,23,117,59,58
9,Ciudad de México,8,La Magdalena Contreras,1,La Magdalena Contreras,0461,24,159,79,80
9,Ciudad de México,8,La Magdalena Contreras,1,La Magdalena Contreras,0461,25,157,79,78
9,Ciudad de México,8,La Magdalena Contreras,1,La Magdalena Contreras,0461,26,67,40,27
9,Ciudad de México,8,La Magdalena Contreras,1,La Magdalena Contreras,0461,27,85,43,42
9,Ciudad de México,8,La Magdalena Contreras,1,La Magdalena Contreras,0461,28,253,120,133
9,Ciudad de México,8,La Magdalena Contreras,1,La Magdalena Contreras,0461,29,232,116,116
9,Ciudad de México,8,La Magdalena Contreras,1,La Magdalena Contreras,0461,30,0,0,0
9,Ciudad de México,8,La Magdalena Contreras,1,La Magdalena Contreras,0461,31,314,149,165
9,Ciudad de México,8,La Magdalena Contreras,1,La Magdalena Contreras,0461,32,36,17,19
9,Ciudad de México,8,La Magdalena Contreras,1,La Magdalena Contreras,0461,33,89,42,47
9,Ciudad de México,8,La Magdalena Contreras,1,La Magdalena Contreras,0461,34,92,42,50
9,Ciudad de México,8,La Magdalena Contreras,1,La Magdalena Contreras,0461,35,57,26,31
9,Ciudad de México,8,La Magdalena Contreras,1,La Magdalena Contreras,0461,36,14,6,8
9,Ciudad de México,8,La Magdalena Contreras,1,La Magdalena Contreras,0461,37,84,34,50
9,Ciudad de México,8,La Magdalena Contreras,1,La Magdalena Contreras,0461,39,0,0,0
9,Ciudad de México,8,La Magdalena Contreras,1,La Magdalena Contreras,0461,40,175,79,96
9,Ciudad de México,8,La Magdalena Contreras,1,La Magdalena Contreras,0461,41,49,24,25
9,Ciudad de México,8,La Magdalena Contreras,1,La Magdalena Contreras,0461,42,153,75,78
9,Ciudad de México,8,La Magdalena Contreras,1,La Magdalena Contreras,0461,43,102,42,60
9,Ciudad de México,8,La Magdalena Contreras,1,La Magdalena Contreras,0461,44,62,29,33
9,Ciudad de México,8,La Magdalena Contreras,1,La Magdalena Contreras,0461,45,82,39,43
9,Ciudad de México,8,La Magdalena Contreras,1,La Magdalena Contreras,0461,46,58,25,33
9,Ciudad de México,8,La Magdalena Contreras,1,La Magdalena Contreras,0461,47,*,*,*
9,Ciudad de México,8,La Magdalena Contreras,1,La Magdalena Contreras,0461,48,24,12,12
9,Ciudad de México,8,La Magdalena Contreras,1,La Magdalena Contreras,0461,49,43,22,21
9,Ciudad de México,8,La Magdalena Contreras,1,La Magdalena Contreras,0461,50,24,11,13
9,Ciudad de México,8,La Magdalena Contreras,1,La Magdalena Contreras,0461,51,34,11,23
9,Ciudad de México,8,La Magdalena Contreras,1,La Magdalena Contreras,0461,52,39,19,20
9,Ciudad de México,8,La Magdalena Contreras,1,La Magdalena Contreras,0461,53,29,16,13
9,Ciudad de México,8,La Magdalena Contreras,1,La Magdalena Contreras,0461,54,53,28,25
9,Ciudad de México,8,La Magdalena Contreras,1,Total AGEB urbana,0476,0,4254,2111,2143
9,Ciudad de México,8,La Magdalena Contreras,1,La Magdalena Contreras,0476,9,101,51,50
9,Ciudad de México,8,La Magdalena Contreras,1,La Magdalena Contreras,0476,10,143,70,73
9,Ciudad de México,8,La Magdalena Contreras,1,La Magdalena Contreras,0476,11,108,50,58
9,Ciudad de México,8,La Magdalena Contreras,1,La Magdalena Contreras,0476,12,68,34,34
9,Ciudad de México,8,La Magdalena Contreras,1,La Magdalena Contreras,0476,13,92,46,46
9,Ciudad de México,8,La Magdalena Contreras,1,La Magdalena Contreras,0476,14,118,55,63
9,Ciudad de México,8,La Magdalena Contreras,1,La Magdalena Contreras,0476,15,225,113,112
9,Ciudad de México,8,La Magdalena Contreras,1,La Magdalena Contreras,0476,16,277,136,141
9,Ciudad de México,8,La Magdalena Contreras,1,La Magdalena Contreras,0476,17,199,100,99
9,Ciudad de México,8,La Magdalena Contreras,1,La Magdalena Contreras,0476,19,53,25,28
9,Ciudad de México,8,La Magdalena Contreras,1,La Magdalena Contreras,0476,20,82,39,43
9,Ciudad de México,8,La Magdalena Contreras,1,La Magdalena Contreras,0476,21,95,50,45
9,Ciudad de México,8,La Magdalena Contreras,1,La Magdalena Contreras,0476,22,193,97,96
9,Ciudad de México,8,La Magdalena Contreras,1,La Magdalena Contreras,0476,24,140,67,73
9,Ciudad de México,8,La Magdalena Contreras,1,La Magdalena Contreras,0476,25,461,221,240
9,Ciudad de México,8,La Magdalena Contreras,1,La Magdalena Contreras,0476,29,180,100,80
9,Ciudad de México,8,La Magdalena Contreras,1,La Magdalena Contreras,0476,30,99,51,48
9,Ciudad de México,8,La Magdalena Contreras,1,La Magdalena Contreras,0476,31,456,213,243
9,Ciudad de México,8,La Magdalena Contreras,1,La Magdalena Contreras,0476,33,83,43,40
9,Ciudad de México,8,La Magdalena Contreras,1,La Magdalena Contreras,0476,34,*,*,*
9,Ciudad de México,8,La Magdalena Contreras,1,La Magdalena Contreras,0476,35,57,23,34
9,Ciudad de México,8,La Magdalena Contreras,1,La Magdalena Contreras,0476,36,151,71,80
9,Ciudad de México,8,La Magdalena Contreras,1,La Magdalena Contreras,0476,37,*,*,*
9,Ciudad de México,8,La Magdalena Contreras,1,La Magdalena Contreras,0476,38,172,99,73
9,Ciudad de México,8,La Magdalena Contreras,1,La Magdalena Contreras,0476,39,11,4,7
9,Ciudad de México,8,La Magdalena Contreras,1,La Magdalena Contreras,0476,40,84,44,40
9,Ciudad de México,8,La Magdalena Contreras,1,La Magdalena Contreras,0476,41,75,36,39
9,Ciudad de México,8,La Magdalena Contreras,1,La Magdalena Contreras,0476,42,109,55,54
9,Ciudad de México,8,La Magdalena Contreras,1,La Magdalena Contreras,0476,43,66,38,28
9,Ciudad de México,8,La Magdalena Contreras,1,La Magdalena Contreras,0476,44,71,37,34
9,Ciudad de México,8,La Magdalena Contreras,1,La Magdalena Contreras,0476,45,14,6,8
9,Ciudad de México,8,La Magdalena Contreras,1,La Magdalena Contreras,0476,46,99,49,50
9,Ciudad de México,8,La Magdalena Contreras,1,La Magdalena Contreras,0476,47,63,33,30
9,Ciudad de México,8,La Magdalena Contreras,1,La Magdalena Contreras,0476,48,77,37,40
9,Ciudad de México,8,La Magdalena Contreras,1,La Magdalena Contreras,0476,49,19,11,8
9,Ciudad de México,8,La Magdalena Contreras,1,Total AGEB urbana,0495,0,3404,1576,1828
9,Ciudad de México,8,La Magdalena Contreras,1,La Magdalena Contreras,0495,1,84,41,43
9,Ciudad de México,8,La Magdalena Contreras,1,La Magdalena Contreras,0495,2,214,96,118
9,Ciudad de México,8,La Magdalena Contreras,1,La Magdalena Contreras,0495,3,166,76,90
9,Ciudad de México,8,La Magdalena Contreras,1,La Magdalena Contreras,0495,4,103,47,56
9,Ciudad de México,8,La Magdalena Contreras,1,La Magdalena Contreras,0495,5,103,45,58
9,Ciudad de México,8,La Magdalena Contreras,1,La Magdalena Contreras,0495,6,172,84,88
9,Ciudad de México,8,La Magdalena Contreras,1,La Magdalena Contreras,0495,7,142,70,72
9,Ciudad de México,8,La Magdalena Contreras,1,La Magdalena Contreras,0495,8,184,83,101
9,Ciudad de México,8,La Magdalena Contreras,1,La Magdalena Contreras,0495,9,114,50,64
9,Ciudad de México,8,La Magdalena Contreras,1,La Magdalena Contreras,0495,10,199,87,112
9,Ciudad de México,8,La Magdalena Contreras,1,La Magdalena Contreras,0495,11,269,138,131
9,Ciudad de México,8,La Magdalena Contreras,1,La Magdalena Contreras,0495,12,87,43,44
9,Ciudad de México,8,La Magdalena Contreras,1,La Magdalena Contreras,0495,13,216,97,119
9,Ciudad de México,8,La Magdalena Contreras,1,La Magdalena Contreras,0495,14,124,56,68
9,Ciudad de México,8,La Magdalena Contreras,1,La Magdalena Contreras,0495,15,98,47,51
9,Ciudad de México,8,La Magdalena Contreras,1,La Magdalena Contreras,0495,17,68,25,43
9,Ciudad de México,8,La Magdalena Contreras,1,La Magdalena Contreras,0495,18,174,79,95
9,Ciudad de México,8,La Magdalena Contreras,1,La Magdalena Contreras,0495,19,79,32,47
9,Ciudad de México,8,La Magdalena Contreras,1,La Magdalena Contreras,0495,20,39,21,18
9,Ciudad de México,8,La Magdalena Contreras,1,La Magdalena Contreras,0495,21,75,34,41
9,Ciudad de México,8,La Magdalena Contreras,1,La Magdalena Contreras,0495,22,36,19,17
9,Ciudad de México,8,La Magdalena Contreras,1,La Magdalena Contreras,0495,23,43,17,26
9,Ciudad de México,8,La Magdalena Contreras,1,La Magdalena Contreras,0495,24,32,17,15
9,Ciudad de México,8,La Magdalena Contreras,1,La Magdalena Contreras,0495,25,213,108,105
9,Ciudad de México,8,La Magdalena Contreras,1,La Magdalena Contreras,0495,26,63,29,34
9,Ciudad de México,8,La Magdalena Contreras,1,La Magdalena Contreras,0495,27,46,18,28
9,Ciudad de México,8,La Magdalena Contreras,1,La Magdalena Contreras,0495,28,207,89,118
9,Ciudad de México,8,La Magdalena Contreras,1,La Magdalena Contreras,0495,29,54,28,26
9,Ciudad de México,8,La Magdalena Contreras,1,Total AGEB urbana,0508,0,1004,389,615
9,Ciudad de México,8,La Magdalena Contreras,1,La Magdalena Contreras,0508,1,111,50,61
9,Ciudad de México,8,La Magdalena Contreras,1,La Magdalena Contreras,0508,2,20,8,12
9,Ciudad de México,8,La Magdalena Contreras,1,La Magdalena Contreras,0508,3,18,8,10
9,Ciudad de México,8,La Magdalena Contreras,1,La Magdalena Contreras,0508,4,15,7,8
9,Ciudad de México,8,La Magdalena Contreras,1,La Magdalena Contreras,0508,5,36,11,25
9,Ciudad de México,8,La Magdalena Contreras,1,La Magdalena Contreras,0508,6,36,12,24
9,Ciudad de México,8,La Magdalena Contreras,1,La Magdalena Contreras,0508,7,40,14,26
9,Ciudad de México,8,La Magdalena Contreras,1,La Magdalena Contreras,0508,8,47,15,32
9,Ciudad de México,8,La Magdalena Contreras,1,La Magdalena Contreras,0508,9,38,12,26
9,Ciudad de México,8,La Magdalena Contreras,1,La Magdalena Contreras,0508,10,43,15,28
9,Ciudad de México,8,La Magdalena Contreras,1,La Magdalena Contreras,0508,11,19,7,12
9,Ciudad de México,8,La Magdalena Contreras,1,La Magdalena Contreras,0508,12,10,3,7
9,Ciudad de México,8,La Magdalena Contreras,1,La Magdalena Contreras,0508,13,20,6,14
9,Ciudad de México,8,La Magdalena Contreras,1,La Magdalena Contreras,0508,14,40,9,31
9,Ciudad de México,8,La Magdalena Contreras,1,La Magdalena Contreras,0508,15,39,18,21
9,Ciudad de México,8,La Magdalena Contreras,1,La Magdalena Contreras,0508,16,10,5,5
9,Ciudad de México,8,La Magdalena Contreras,1,La Magdalena Contreras,0508,17,21,10,11
9,Ciudad de México,8,La Magdalena Contreras,1,La Magdalena Contreras,0508,18,22,9,13
9,Ciudad de México,8,La Magdalena Contreras,1,La Magdalena Contreras,0508,19,23,10,13
9,Ciudad de México,8,La Magdalena Contreras,1,La Magdalena Contreras,0508,20,22,7,15
9,Ciudad de México,8,La Magdalena Contreras,1,La Magdalena Contreras,0508,21,74,37,37
9,Ciudad de México,8,La Magdalena Contreras,1,La Magdalena Contreras,0508,22,15,3,12
9,Ciudad de México,8,La Magdalena Contreras,1,La Magdalena Contreras,0508,23,38,17,21
9,Ciudad de México,8,La Magdalena Contreras,1,La Magdalena Contreras,0508,24,33,11,22
9,Ciudad de México,8,La Magdalena Contreras,1,La Magdalena Contreras,0508,25,31,9,22
9,Ciudad de México,8,La Magdalena Contreras,1,La Magdalena Contreras,0508,26,16,8,8
9,Ciudad de México,8,La Magdalena Contreras,1,La Magdalena Contreras,0508,27,57,19,38
9,Ciudad de México,8,La Magdalena Contreras,1,La Magdalena Contreras,0508,28,14,5,9
9,Ciudad de México,8,La Magdalena Contreras,1,La Magdalena Contreras,0508,29,46,21,25
9,Ciudad de México,8,La Magdalena Contreras,1,La Magdalena Contreras,0508,30,50,23,27
9,Ciudad de México,8,La Magdalena Contreras,1,La Magdalena Contreras,0508,31,0,0,0
9,Ciudad de México,8,La Magdalena Contreras,1,La Magdalena Contreras,0508,32,0,0,0
9,Ciudad de México,8,La Magdalena Contreras,1,Total AGEB urbana,0512,0,5899,2806,3093
9,Ciudad de México,8,La Magdalena Contreras,1,La Magdalena Contreras,0512,1,65,31,34
9,Ciudad de México,8,La Magdalena Contreras,1,La Magdalena Contreras,0512,2,80,39,41
9,Ciudad de México,8,La Magdalena Contreras,1,La Magdalena Contreras,0512,3,185,77,108
9,Ciudad de México,8,La Magdalena Contreras,1,La Magdalena Contreras,0512,4,239,116,123
9,Ciudad de México,8,La Magdalena Contreras,1,La Magdalena Contreras,0512,5,66,29,37
9,Ciudad de México,8,La Magdalena Contreras,1,La Magdalena Contreras,0512,6,395,185,210
9,Ciudad de México,8,La Magdalena Contreras,1,La Magdalena Contreras,0512,7,266,123,143
9,Ciudad de México,8,La Magdalena Contreras,1,La Magdalena Contreras,0512,8,378,181,197
9,Ciudad de México,8,La Magdalena Contreras,1,La Magdalena Contreras,0512,9,190,84,106
9,Ciudad de México,8,La Magdalena Contreras,1,La Magdalena Contreras,0512,10,81,37,44
9,Ciudad de México,8,La Magdalena Contreras,1,La Magdalena Contreras,0512,11,57,29,28
9,Ciudad de México,8,La Magdalena Contreras,1,La Magdalena Contreras,0512,12,111,57,54
9,Ciudad de México,8,La Magdalena Contreras,1,La Magdalena Contreras,0512,13,29,15,14
9,Ciudad de México,8,La Magdalena Contreras,1,La Magdalena Contreras,0512,15,323,142,181
9,Ciudad de México,8,La Magdalena Contreras,1,La Magdalena Contreras,0512,16,151,85,66
9,Ciudad de México,8,La Magdalena Contreras,1,La Magdalena Contreras,0512,17,578,295,283
9,Ciudad de México,8,La Magdalena Contreras,1,La Magdalena Contreras,0512,18,381,182,199
9,Ciudad de México,8,La Magdalena Contreras,1,La Magdalena Contreras,0512,19,90,43,47
9,Ciudad de México,8,La Magdalena Contreras,1,La Magdalena Contreras,0512,20,502,229,273
9,Ciudad de México,8,La Magdalena Contreras,1,La Magdalena Contreras,0512,21,99,41,58
9,Ciudad de México,8,La Magdalena Contreras,1,La Magdalena Contreras,0512,22,155,76,79
9,Ciudad de México,8,La Magdalena Contreras,1,La Magdalena Contreras,0512,23,69,32,37
9,Ciudad de México,8,La Magdalena Contreras,1,La Magdalena Contreras,0512,24,71,35,36
9,Ciudad de México,8,La Magdalena Contreras,1,La Magdalena Contreras,0512,26,98,50,48
9,Ciudad de México,8,La Magdalena Contreras,1,La Magdalena Contreras,0512,27,45,19,26
9,Ciudad de México,8,La Magdalena Contreras,1,La Magdalena Contreras,0512,28,156,75,81
9,Ciudad de México,8,La Magdalena Contreras,1,La Magdalena Contreras,0512,29,65,31,34
9,Ciudad de México,8,La Magdalena Contreras,1,La Magdalena Contreras,0512,30,106,54,52
9,Ciudad de México,8,La Magdalena Contreras,1,La Magdalena Contreras,0512,32,72,32,40
9,Ciudad de México,8,La Magdalena Contreras,1,La Magdalena Contreras,0512,33,119,55,64
9,Ciudad de México,8,La Magdalena Contreras,1,La Magdalena Contreras,0512,34,94,46,48
9,Ciudad de México,8,La Magdalena Contreras,1,La Magdalena Contreras,0512,35,168,80,88
9,Ciudad de México,8,La Magdalena Contreras,1,La Magdalena Contreras,0512,36,178,84,94
9,Ciudad de México,8,La Magdalena Contreras,1,La Magdalena Contreras,0512,37,237,117,120
9,Ciudad de México,8,La Magdalena Contreras,1,Total AGEB urbana,0527,0,6105,2949,3156
9,Ciudad de México,8,La Magdalena Contreras,1,La Magdalena Contreras,0527,1,0,0,0
9,Ciudad de México,8,La Magdalena Contreras,1,La Magdalena Contreras,0527,2,51,24,27
9,Ciudad de México,8,La Magdalena Contreras,1,La Magdalena Contreras,0527,3,67,33,34
9,Ciudad de México,8,La Magdalena Contreras,1,La Magdalena Contreras,0527,4,219,102,117
9,Ciudad de México,8,La Magdalena Contreras,1,La Magdalena Contreras,0527,5,104,56,48
9,Ciudad de México,8,La Magdalena Contreras,1,La Magdalena Contreras,0527,6,301,143,158
9,Ciudad de México,8,La Magdalena Contreras,1,La Magdalena Contreras,0527,7,448,206,242
9,Ciudad de México,8,La Magdalena Contreras,1,La Magdalena Contreras,0527,8,23,13,10
9,Ciudad de México,8,La Magdalena Contreras,1,La Magdalena Contreras,0527,10,80,39,41
9,Ciudad de México,8,La Magdalena Contreras,1,La Magdalena Contreras,0527,11,13,6,7
9,Ciudad de México,8,La Magdalena Contreras,1,La Magdalena Contreras,0527,12,58,29,29
9,Ciudad de México,8,La Magdalena Contreras,1,La Magdalena Contreras,0527,13,84,33,51
9,Ciudad de México,8,La Magdalena Contreras,1,La Magdalena Contreras,0527,14,49,24,25
9,Ciudad de México,8,La Magdalena Contreras,1,La Magdalena Contreras,0527,15,50,21,29
9,Ciudad de México,8,La Magdalena Contreras,1,La Magdalena Contreras,0527,16,226,106,120
9,Ciudad de México,8,La Magdalena Contreras,1,La Magdalena Contreras,0527,17,239,107,132
9,Ciudad de México,8,La Magdalena Contreras,1,La Magdalena Contreras,0527,18,84,37,47
9,Ciudad de México,8,La Magdalena Contreras,1,La Magdalena Contreras,0527,20,26,15,11
9,Ciudad de México,8,La Magdalena Contreras,1,La Magdalena Contreras,0527,21,162,79,83
9,Ciudad de México,8,La Magdalena Contreras,1,La Magdalena Contreras,0527,22,93,45,48
9,Ciudad de México,8,La Magdalena Contreras,1,La Magdalena Contreras,0527,23,270,129,141
9,Ciudad de México,8,La Magdalena Contreras,1,La Magdalena Contreras,0527,24,149,75,74
9,Ciudad de México,8,La Magdalena Contreras,1,La Magdalena Contreras,0527,25,268,134,134
9,Ciudad de México,8,La Magdalena Contreras,1,La Magdalena Contreras,0527,26,694,331,363
9,Ciudad de México,8,La Magdalena Contreras,1,La Magdalena Contreras,0527,27,100,53,47
9,Ciudad de México,8,La Magdalena Contreras,1,La Magdalena Contreras,0527,28,188,98,90
9,Ciudad de México,8,La Magdalena Contreras,1,La Magdalena Contreras,0527,29,74,33,41
9,Ciudad de México,8,La Magdalena Contreras,1,La Magdalena Contreras,0527,30,374,183,191
9,Ciudad de México,8,La Magdalena Contreras,1,La Magdalena Contreras,0527,31,152,72,80
9,Ciudad de México,8,La Magdalena Contreras,1,La Magdalena Contreras,0527,32,523,260,263
9,Ciudad de México,8,La Magdalena Contreras,1,La Magdalena Contreras,0527,33,67,35,32
9,Ciudad de México,8,La Magdalena Contreras,1,La Magdalena Contreras,0527,34,137,65,72
9,Ciudad de México,8,La Magdalena Contreras,1,La Magdalena Contreras,0527,35,81,44,37
9,Ciudad de México,8,La Magdalena Contreras,1,La Magdalena Contreras,0527,36,48,22,26
9,Ciudad de México,8,La Magdalena Contreras,1,La Magdalena Contreras,0527,37,206,109,97
9,Ciudad de México,8,La Magdalena Contreras,1,La Magdalena Contreras,0527,38,137,69,68
9,Ciudad de México,8,La Magdalena Contreras,1,La Magdalena Contreras,0527,39,9,5,4
9,Ciudad de México,8,La Magdalena Contreras,1,La Magdalena Contreras,0527,40,*,*,*
9,Ciudad de México,8,La Magdalena Contreras,1,La Magdalena Contreras,0527,41,57,23,34
9,Ciudad de México,8,La Magdalena Contreras,1,La Magdalena Contreras,0527,42,117,55,62
9,Ciudad de México,8,La Magdalena Contreras,1,La Magdalena Contreras,0527,43,70,32,38
9,Ciudad de México,8,La Magdalena Contreras,1,Total AGEB urbana,0531,0,3139,1493,1646
9,Ciudad de México,8,La Magdalena Contreras,1,La Magdalena Contreras,0531,1,86,43,43
9,Ciudad de México,8,La Magdalena Contreras,1,La Magdalena Contreras,0531,2,169,81,88
9,Ciudad de México,8,La Magdalena Contreras,1,La Magdalena Contreras,0531,3,72,38,34
9,Ciudad de México,8,La Magdalena Contreras,1,La Magdalena Contreras,0531,4,361,162,199
9,Ciudad de México,8,La Magdalena Contreras,1,La Magdalena Contreras,0531,5,59,31,28
9,Ciudad de México,8,La Magdalena Contreras,1,La Magdalena Contreras,0531,6,144,67,77
9,Ciudad de México,8,La Magdalena Contreras,1,La Magdalena Contreras,0531,7,98,53,45
9,Ciudad de México,8,La Magdalena Contreras,1,La Magdalena Contreras,0531,8,67,34,33
9,Ciudad de México,8,La Magdalena Contreras,1,La Magdalena Contreras,0531,9,429,197,232
9,Ciudad de México,8,La Magdalena Contreras,1,La Magdalena Contreras,0531,11,48,22,26
9,Ciudad de México,8,La Magdalena Contreras,1,La Magdalena Contreras,0531,12,127,58,69
9,Ciudad de México,8,La Magdalena Contreras,1,La Magdalena Contreras,0531,13,67,32,35
9,Ciudad de México,8,La Magdalena Contreras,1,La Magdalena Contreras,0531,14,84,40,44
9,Ciudad de México,8,La Magdalena Contreras,1,La Magdalena Contreras,0531,15,142,73,69
9,Ciudad de México,8,La Magdalena Contreras,1,La Magdalena Contreras,0531,16,114,51,63
9,Ciudad de México,8,La Magdalena Contreras,1,La Magdalena Contreras,0531,17,189,92,97
9,Ciudad de México,8,La Magdalena Contreras,1,La Magdalena Contreras,0531,18,242,124,118
9,Ciudad de México,8,La Magdalena Contreras,1,La Magdalena Contreras,0531,19,235,105,130
9,Ciudad de México,8,La Magdalena Contreras,1,La Magdalena Contreras,0531,20,82,34,48
9,Ciudad de México,8,La Magdalena Contreras,1,La Magdalena Contreras,0531,21,64,31,33
9,Ciudad de México,8,La Magdalena Contreras,1,La Magdalena Contreras,0531,22,71,35,36
9,Ciudad de México,8,La Magdalena Contreras,1,La Magdalena Contreras,0531,23,94,39,55
9,Ciudad de México,8,La Magdalena Contreras,1,La Magdalena Contreras,0531,24,95,51,44
9,Ciudad de México,8,La Magdalena Contreras,1,La Magdalena Contreras,0531,25,0,0,0
9,Ciudad de México,8,La Magdalena Contreras,1,Total AGEB urbana,0546,0,4368,2101,2267
9,Ciudad de México,8,La Magdalena Contreras,1,La Magdalena Contreras,0546,1,39,20,19
9,Ciudad de México,8,La Magdalena Contreras,1,La Magdalena Contreras,0546,2,24,8,16
9,Ciudad de México,8,La Magdalena Contreras,1,La Magdalena Contreras,0546,3,16,10,6
9,Ciudad de México,8,La Magdalena Contreras,1,La Magdalena Contreras,0546,4,225,106,119
9,Ciudad de México,8,La Magdalena Contreras,1,La Magdalena Contreras,0546,7,155,80,75
9,Ciudad de México,8,La Magdalena Contreras,1,La Magdalena Contreras,0546,8,55,27,28
9,Ciudad de México,8,La Magdalena Contreras,1,La Magdalena Contreras,0546,9,68,34,34
9,Ciudad de México,8,La Magdalena Contreras,1,La Magdalena Contreras,0546,10,79,41,38
9,Ciudad de México,8,La Magdalena Contreras,1,La Magdalena Contreras,0546,11,151,69,82
9,Ciudad de México,8,La Magdalena Contreras,1,La Magdalena Contreras,0546,12,84,43,41
9,Ciudad de México,8,La Magdalena Contreras,1,La Magdalena Contreras,0546,13,88,44,44
9,Ciudad de México,8,La Magdalena Contreras,1,La Magdalena Contreras,0546,14,109,56,53
9,Ciudad de México,8,La Magdalena Contreras,1,La Magdalena Contreras,0546,15,10,4,6
9,Ciudad de México,8,La Magdalena Contreras,1,La Magdalena Contreras,0546,16,38,17,21
9,Ciudad de México,8,La Magdalena Contreras,1,La Magdalena Contreras,0546,17,104,46,58
9,Ciudad de México,8,La Magdalena Contreras,1,La Magdalena Contreras,0546,18,133,63,70
9,Ciudad de México,8,La Magdalena Contreras,1,La Magdalena Contreras,0546,19,640,307,333
9,Ciudad de México,8,La Magdalena Contreras,1,La Magdalena Contreras,0546,20,420,205,215
9,Ciudad de México,8,La Magdalena Contreras,1,La Magdalena Contreras,0546,21,71,33,38
9,Ciudad de México,8,La Magdalena Contreras,1,La Magdalena Contreras,0546,22,106,52,54
9,Ciudad de México,8,La Magdalena Contreras,1,La Magdalena Contreras,0546,23,72,35,37
9,Ciudad de México,8,La Magdalena Contreras,1,La Magdalena Contreras,0546,24,124,62,62
9,Ciudad de México,8,La Magdalena Contreras,1,La Magdalena Contreras,0546,25,34,16,18
9,Ciudad de México,8,La Magdalena Contreras,1,La Magdalena Contreras,0546,26,41,19,22
9,Ciudad de México,8,La Magdalena Contreras,1,La Magdalena Contreras,0546,27,148,70,78
9,Ciudad de México,8,La Magdalena Contreras,1,La Magdalena Contreras,0546,28,0,0,0
9,Ciudad de México,8,La Magdalena Contreras,1,La Magdalena Contreras,0546,29,635,298,337
9,Ciudad de México,8,La Magdalena Contreras,1,La Magdalena Contreras,0546,30,151,76,75
9,Ciudad de México,8,La Magdalena Contreras,1,La Magdalena Contreras,0546,31,180,87,93
9,Ciudad de México,8,La Magdalena Contreras,1,La Magdalena Contreras,0546,32,*,*,*
9,Ciudad de México,8,La Magdalena Contreras,1,La Magdalena Contreras,0546,33,56,24,32
9,Ciudad de México,8,La Magdalena Contreras,1,La Magdalena Contreras,0546,34,9,5,4
9,Ciudad de México,8,La Magdalena Contreras,1,La Magdalena Contreras,0546,35,11,5,6
9,Ciudad de México,8,La Magdalena Contreras,1,La Magdalena Contreras,0546,36,43,19,24
9,Ciudad de México,8,La Magdalena Contreras,1,La Magdalena Contreras,0546,37,49,23,26
9,Ciudad de México,8,La Magdalena Contreras,1,La Magdalena Contreras,0546,38,167,81,86
9,Ciudad de México,8,La Magdalena Contreras,1,La Magdalena Contreras,0546,39,29,15,14
9,Ciudad de México,8,La Magdalena Contreras,1,Total AGEB urbana,0550,0,4523,2149,2374
9,Ciudad de México,8,La Magdalena Contreras,1,La Magdalena Contreras,0550,1,94,39,55
9,Ciudad de México,8,La Magdalena Contreras,1,La Magdalena Contreras,0550,2,842,384,458
9,Ciudad de México,8,La Magdalena Contreras,1,La Magdalena Contreras,0550,3,75,35,40
9,Ciudad de México,8,La Magdalena Contreras,1,La Magdalena Contreras,0550,4,468,227,241
9,Ciudad de México,8,La Magdalena Contreras,1,La Magdalena Contreras,0550,9,66,26,40
9,Ciudad de México,8,La Magdalena Contreras,1,La Magdalena Contreras,0550,10,46,20,26
9,Ciudad de México,8,La Magdalena Contreras,1,La Magdalena Contreras,0550,12,46,23,23
9,Ciudad de México,8,La Magdalena Contreras,1,La Magdalena Contreras,0550,13,96,49,47
9,Ciudad de México,8,La Magdalena Contreras,1,La Magdalena Contreras,0550,14,236,123,113
9,Ciudad de México,8,La Magdalena Contreras,1,La Magdalena Contreras,0550,15,45,22,23
9,Ciudad de México,8,La Magdalena Contreras,1,La Magdalena Contreras,0550,16,220,103,117
9,Ciudad de México,8,La Magdalena Contreras,1,La Magdalena Contreras,0550,17,143,67,76
9,Ciudad de México,8,La Magdalena Contreras,1,La Magdalena Contreras,0550,18,150,71,79
9,Ciudad de México,8,La Magdalena Contreras,1,La Magdalena Contreras,0550,19,207,108,99
9,Ciudad de México,8,La Magdalena Contreras,1,La Magdalena Contreras,0550,20,137,58,79
9,Ciudad de México,8,La Magdalena Contreras,1,La Magdalena Contreras,0550,21,77,41,36
9,Ciudad de México,8,La Magdalena Contreras,1,La Magdalena Contreras,0550,22,133,64,69
9,Ciudad de México,8,La Magdalena Contreras,1,La Magdalena Contreras,0550,23,34,17,17
9,Ciudad de México,8,La Magdalena Contreras,1,La Magdalena Contreras,0550,24,176,82,94
9,Ciudad de México,8,La Magdalena Contreras,1,La Magdalena Contreras,0550,25,29,13,16
9,Ciudad de México,8,La Magdalena Contreras,1,La Magdalena Contreras,0550,26,386,188,198
9,Ciudad de México,8,La Magdalena Contreras,1,La Magdalena Contreras,0550,27,11,5,6
9,Ciudad de México,8,La Magdalena Contreras,1,La Magdalena Contreras,0550,28,178,85,93
9,Ciudad de México,8,La Magdalena Contreras,1,La Magdalena Contreras,0550,29,620,296,324
9,Ciudad de México,8,La Magdalena Contreras,1,La Magdalena Contreras,0550,30,8,3,5
9,Ciudad de México,8,La Magdalena Contreras,1,Total AGEB urbana,0565,0,3286,1544,1742
9,Ciudad de México,8,La Magdalena Contreras,1,La Magdalena Contreras,0565,1,62,26,36
9,Ciudad de México,8,La Magdalena Contreras,1,La Magdalena Contreras,0565,2,84,38,46
9,Ciudad de México,8,La Magdalena Contreras,1,La Magdalena Contreras,0565,3,20,9,11
9,Ciudad de México,8,La Magdalena Contreras,1,La Magdalena Contreras,0565,4,82,34,48
9,Ciudad de México,8,La Magdalena Contreras,1,La Magdalena Contreras,0565,5,44,22,22
9,Ciudad de México,8,La Magdalena Contreras,1,La Magdalena Contreras,0565,6,23,10,13
9,Ciudad de México,8,La Magdalena Contreras,1,La Magdalena Contreras,0565,7,87,43,44
9,Ciudad de México,8,La Magdalena Contreras,1,La Magdalena Contreras,0565,8,197,91,106
9,Ciudad de México,8,La Magdalena Contreras,1,La Magdalena Contreras,0565,9,244,110,134
9,Ciudad de México,8,La Magdalena Contreras,1,La Magdalena Contreras,0565,10,119,60,59
9,Ciudad de México,8,La Magdalena Contreras,1,La Magdalena Contreras,0565,11,148,74,74
9,Ciudad de México,8,La Magdalena Contreras,1,La Magdalena Contreras,0565,12,49,22,27
9,Ciudad de México,8,La Magdalena Contreras,1,La Magdalena Contreras,0565,13,135,64,71
9,Ciudad de México,8,La Magdalena Contreras,1,La Magdalena Contreras,0565,14,84,43,41
9,Ciudad de México,8,La Magdalena Contreras,1,La Magdalena Contreras,0565,15,67,31,36
9,Ciudad de México,8,La Magdalena Contreras,1,La Magdalena Contreras,0565,16,112,51,61
9,Ciudad de México,8,La Magdalena Contreras,1,La Magdalena Contreras,0565,17,72,29,43
9,Ciudad de México,8,La Magdalena Contreras,1,La Magdalena Contreras,0565,18,132,63,69
9,Ciudad de México,8,La Magdalena Contreras,1,La Magdalena Contreras,0565,19,366,171,195
9,Ciudad de México,8,La Magdalena Contreras,1,La Magdalena Contreras,0565,20,113,57,56
9,Ciudad de México,8,La Magdalena Contreras,1,La Magdalena Contreras,0565,21,47,25,22
9,Ciudad de México,8,La Magdalena Contreras,1,La Magdalena Contreras,0565,22,90,44,46
9,Ciudad de México,8,La Magdalena Contreras,1,La Magdalena Contreras,0565,23,41,21,20
9,Ciudad de México,8,La Magdalena Contreras,1,La Magdalena Contreras,0565,24,149,66,83
9,Ciudad de México,8,La Magdalena Contreras,1,La Magdalena Contreras,0565,25,144,63,81
9,Ciudad de México,8,La Magdalena Contreras,1,La Magdalena Contreras,0565,26,353,166,187
9,Ciudad de México,8,La Magdalena Contreras,1,La Magdalena Contreras,0565,27,47,25,22
9,Ciudad de México,8,La Magdalena Contreras,1,La Magdalena Contreras,0565,28,51,25,26
9,Ciudad de México,8,La Magdalena Contreras,1,La Magdalena Contreras,0565,29,60,26,34
9,Ciudad de México,8,La Magdalena Contreras,1,La Magdalena Contreras,0565,30,0,0,0
9,Ciudad de México,8,La Magdalena Contreras,1,La Magdalena Contreras,0565,31,64,35,29
9,Ciudad de México,8,La Magdalena Contreras,1,Total AGEB urbana,057A,0,6658,3218,3440
9,Ciudad de México,8,La Magdalena Contreras,1,La Magdalena Contreras,057A,1,193,96,97
9,Ciudad de México,8,La Magdalena Contreras,1,La Magdalena Contreras,057A,2,146,74,72
9,Ciudad de México,8,La Magdalena Contreras,1,La Magdalena Contreras,057A,3,195,94,101
9,Ciudad de México,8,La Magdalena Contreras,1,La Magdalena Contreras,057A,4,69,27,42
9,Ciudad de México,8,La Magdalena Contreras,1,La Magdalena Contreras,057A,5,39,21,18
9,Ciudad de México,8,La Magdalena Contreras,1,La Magdalena Contreras,057A,6,844,395,449
9,Ciudad de México,8,La Magdalena Contreras,1,La Magdalena Contreras,057A,7,12,7,5
9,Ciudad de México,8,La Magdalena Contreras,1,La Magdalena Contreras,057A,8,14,7,7
9,Ciudad de México,8,La Magdalena Contreras,1,La Magdalena Contreras,057A,9,196,89,107
9,Ciudad de México,8,La Magdalena Contreras,1,La Magdalena Contreras,057A,10,520,257,263
9,Ciudad de México,8,La Magdalena Contreras,1,La Magdalena Contreras,057A,11,152,71,81
9,Ciudad de México,8,La Magdalena Contreras,1,La Magdalena Contreras,057A,12,181,87,94
9,Ciudad de México,8,La Magdalena Contreras,1,La Magdalena Contreras,057A,13,166,79,87
9,Ciudad de México,8,La Magdalena Contreras,1,La Magdalena Contreras,057A,14,30,16,14
9,Ciudad de México,8,La Magdalena Contreras,1,La Magdalena Contreras,057A,15,20,10,10
9,Ciudad de México,8,La Magdalena Contreras,1,La Magdalena Contreras,057A,16,76,40,36
9,Ciudad de México,8,La Magdalena Contreras,1,La Magdalena Contreras,057A,17,17,10,7
9,Ciudad de México,8,La Magdalena Contreras,1,La Magdalena Contreras,057A,19,109,57,52
9,Ciudad de México,8,La Magdalena Contreras,1,La Magdalena Contreras,057A,20,119,58,61
9,Ciudad de México,8,La Magdalena Contreras,1,La Magdalena Contreras,057A,21,26,12,14
9,Ciudad de México,8,La Magdalena Contreras,1,La Magdalena Contreras,057A,22,281,131,150
9,Ciudad de México,8,La Magdalena Contreras,1,La Magdalena Contreras,057A,23,109,53,56
9,Ciudad de México,8,La Magdalena Contreras,1,La Magdalena Contreras,057A,27,70,29,41
9,Ciudad de México,8,La Magdalena Contreras,1,La Magdalena Contreras,057A,28,102,50,52
9,Ciudad de México,8,La Magdalena Contreras,1,La Magdalena Contreras,057A,30,136,61,75
9,Ciudad de México,8,La Magdalena Contreras,1,La Magdalena Contreras,057A,31,11,7,4
9,Ciudad de México,8,La Magdalena Contreras,1,La Magdalena Contreras,057A,32,190,95,95
9,Ciudad de México,8,La Magdalena Contreras,1,La Magdalena Contreras,057A,33,49,21,28
9,Ciudad de México,8,La Magdalena Contreras,1,La Magdalena Contreras,057A,34,63,25,38
9,Ciudad de México,8,La Magdalena Contreras,1,La Magdalena Contreras,057A,35,100,54,46
9,Ciudad de México,8,La Magdalena Contreras,1,La Magdalena Contreras,057A,36,106,55,51
9,Ciudad de México,8,La Magdalena Contreras,1,La Magdalena Contreras,057A,38,326,163,163
9,Ciudad de México,8,La Magdalena Contreras,1,La Magdalena Contreras,057A,39,196,101,95
9,Ciudad de México,8,La Magdalena Contreras,1,La Magdalena Contreras,057A,40,192,98,94
9,Ciudad de México,8,La Magdalena Contreras,1,La Magdalena Contreras,057A,41,126,58,68
9,Ciudad de México,8,La Magdalena Contreras,1,La Magdalena Contreras,057A,42,70,36,34
9,Ciudad de México,8,La Magdalena Contreras,1,La Magdalena Contreras,057A,43,51,25,26
9,Ciudad de México,8,La Magdalena Contreras,1,La Magdalena Contreras,057A,44,14,7,7
9,Ciudad de México,8,La Magdalena Contreras,1,La Magdalena Contreras,057A,45,12,6,6
9,Ciudad de México,8,La Magdalena Contreras,1,La Magdalena Contreras,057A,46,28,12,16
9,Ciudad de México,8,La Magdalena Contreras,1,La Magdalena Contreras,057A,47,25,14,11
9,Ciudad de México,8,La Magdalena Contreras,1,La Magdalena Contreras,057A,48,13,4,9
9,Ciudad de México,8,La Magdalena Contreras,1,La Magdalena Contreras,057A,49,22,10,12
9,Ciudad de México,8,La Magdalena Contreras,1,La Magdalena Contreras,057A,50,31,14,17
9,Ciudad de México,8,La Magdalena Contreras,1,La Magdalena Contreras,057A,51,50,24,26
9,Ciudad de México,8,La Magdalena Contreras,1,La Magdalena Contreras,057A,52,24,12,12
9,Ciudad de México,8,La Magdalena Contreras,1,La Magdalena Contreras,057A,53,35,15,20
9,Ciudad de México,8,La Magdalena Contreras,1,La Magdalena Contreras,057A,54,63,33,30
9,Ciudad de México,8,La Magdalena Contreras,1,La Magdalena Contreras,057A,55,39,16,23
9,Ciudad de México,8,La Magdalena Contreras,1,La Magdalena Contreras,057A,56,78,39,39
9,Ciudad de México,8,La Magdalena Contreras,1,La Magdalena Contreras,057A,57,98,50,48
9,Ciudad de México,8,La Magdalena Contreras,1,La Magdalena Contreras,057A,59,20,11,9
9,Ciudad de México,8,La Magdalena Contreras,1,La Magdalena Contreras,057A,60,40,14,26
9,Ciudad de México,8,La Magdalena Contreras,1,La Magdalena Contreras,057A,61,21,11,10
9,Ciudad de México,8,La Magdalena Contreras,1,La Magdalena Contreras,057A,62,29,15,14
9,Ciudad de México,8,La Magdalena Contreras,1,La Magdalena Contreras,057A,63,15,9,6
9,Ciudad de México,8,La Magdalena Contreras,1,La Magdalena Contreras,057A,64,215,94,121
9,Ciudad de México,8,La Magdalena Contreras,1,La Magdalena Contreras,057A,65,43,21,22
9,Ciudad de México,8,La Magdalena Contreras,1,La Magdalena Contreras,057A,66,52,21,31
9,Ciudad de México,8,La Magdalena Contreras,1,La Magdalena Contreras,057A,67,311,153,158
9,Ciudad de México,8,La Magdalena Contreras,1,La Magdalena Contreras,057A,68,16,9,7
9,Ciudad de México,8,La Magdalena Contreras,1,La Magdalena Contreras,057A,69,33,18,15
9,Ciudad de México,8,La Magdalena Contreras,1,La Magdalena Contreras,057A,70,8,4,4
9,Ciudad de México,8,La Magdalena Contreras,1,La Magdalena Contreras,057A,71,21,13,8
9,Ciudad de México,8,La Magdalena Contreras,1,Total AGEB urbana,0584,0,3786,1800,1986
9,Ciudad de México,8,La Magdalena Contreras,1,La Magdalena Contreras,0584,1,111,54,57
9,Ciudad de México,8,La Magdalena Contreras,1,La Magdalena Contreras,0584,2,87,45,42
9,Ciudad de México,8,La Magdalena Contreras,1,La Magdalena Contreras,0584,3,170,83,87
9,Ciudad de México,8,La Magdalena Contreras,1,La Magdalena Contreras,0584,4,108,52,56
9,Ciudad de México,8,La Magdalena Contreras,1,La Magdalena Contreras,0584,5,203,92,111
9,Ciudad de México,8,La Magdalena Contreras,1,La Magdalena Contreras,0584,6,101,53,48
9,Ciudad de México,8,La Magdalena Contreras,1,La Magdalena Contreras,0584,7,346,159,187
9,Ciudad de México,8,La Magdalena Contreras,1,La Magdalena Contreras,0584,8,274,126,148
9,Ciudad de México,8,La Magdalena Contreras,1,La Magdalena Contreras,0584,9,75,33,42
9,Ciudad de México,8,La Magdalena Contreras,1,La Magdalena Contreras,0584,10,134,60,74
9,Ciudad de México,8,La Magdalena Contreras,1,La Magdalena Contreras,0584,11,171,85,86
9,Ciudad de México,8,La Magdalena Contreras,1,La Magdalena Contreras,0584,12,182,89,93
9,Ciudad de México,8,La Magdalena Contreras,1,La Magdalena Contreras,0584,13,159,88,71
9,Ciudad de México,8,La Magdalena Contreras,1,La Magdalena Contreras,0584,14,373,188,185
9,Ciudad de México,8,La Magdalena Contreras,1,La Magdalena Contreras,0584,15,76,35,41
9,Ciudad de México,8,La Magdalena Contreras,1,La Magdalena Contreras,0584,16,60,30,30
9,Ciudad de México,8,La Magdalena Contreras,1,La Magdalena Contreras,0584,17,48,20,28
9,Ciudad de México,8,La Magdalena Contreras,1,La Magdalena Contreras,0584,18,73,34,39
9,Ciudad de México,8,La Magdalena Contreras,1,La Magdalena Contreras,0584,19,30,11,19
9,Ciudad de México,8,La Magdalena Contreras,1,La Magdalena Contreras,0584,20,160,81,79
9,Ciudad de México,8,La Magdalena Contreras,1,La Magdalena Contreras,0584,21,61,28,33
9,Ciudad de México,8,La Magdalena Contreras,1,La Magdalena Contreras,0584,22,30,11,19
9,Ciudad de México,8,La Magdalena Contreras,1,La Magdalena Contreras,0584,23,62,25,37
9,Ciudad de México,8,La Magdalena Contreras,1,La Magdalena Contreras,0584,24,295,141,154
9,Ciudad de México,8,La Magdalena Contreras,1,La Magdalena Contreras,0584,25,43,14,29
9,Ciudad de México,8,La Magdalena Contreras,1,La Magdalena Contreras,0584,26,52,22,30
9,Ciudad de México,8,La Magdalena Contreras,1,La Magdalena Contreras,0584,28,62,35,27
9,Ciudad de México,8,La Magdalena Contreras,1,La Magdalena Contreras,0584,29,39,15,24
9,Ciudad de México,8,La Magdalena Contreras,1,La Magdalena Contreras,0584,30,37,16,21
9,Ciudad de México,8,La Magdalena Contreras,1,La Magdalena Contreras,0584,31,57,26,31
9,Ciudad de México,8,La Magdalena Contreras,1,La Magdalena Contreras,0584,32,82,38,44
9,Ciudad de México,8,La Magdalena Contreras,1,La Magdalena Contreras,0584,34,25,11,14
9,Ciudad de México,8,La Magdalena Contreras,1,Total AGEB urbana,0599,0,1281,630,651
9,Ciudad de México,8,La Magdalena Contreras,1,La Magdalena Contreras,0599,1,116,60,56
9,Ciudad de México,8,La Magdalena Contreras,1,La Magdalena Contreras,0599,2,157,81,76
9,Ciudad de México,8,La Magdalena Contreras,1,La Magdalena Contreras,0599,3,374,183,191
9,Ciudad de México,8,La Magdalena Contreras,1,La Magdalena Contreras,0599,4,21,10,11
9,Ciudad de México,8,La Magdalena Contreras,1,La Magdalena Contreras,0599,5,89,37,52
9,Ciudad de México,8,La Magdalena Contreras,1,La Magdalena Contreras,0599,6,15,7,8
9,Ciudad de México,8,La Magdalena Contreras,1,La Magdalena Contreras,0599,7,144,73,71
9,Ciudad de México,8,La Magdalena Contreras,1,La Magdalena Contreras,0599,9,35,17,18
9,Ciudad de México,8,La Magdalena Contreras,1,La Magdalena Contreras,0599,10,32,17,15
9,Ciudad de México,8,La Magdalena Contreras,1,La Magdalena Contreras,0599,11,48,23,25
9,Ciudad de México,8,La Magdalena Contreras,1,La Magdalena Contreras,0599,12,102,49,53
9,Ciudad de México,8,La Magdalena Contreras,1,La Magdalena Contreras,0599,13,148,73,75
